ID,country,height,weight,age,club,ball_control,dribbling,marking,slide_tackle,stand_tackle,aggression,reactions,att_position,interceptions,vision,composure,crossing,short_pass,long_pass,acceleration,stamina,strength,balance,sprint_speed,agility,jumping,heading,shot_power,finishing,long_shots,curve,fk_acc,penalties,volleys,gk_positioning,gk_diving,gk_handling,gk_kicking,gk_reflexes,value
PS1,Egypt,175,71,31,Liverpool,86,88,None,41,43,63,92,91,55,84,90,80,84,77,89,87,76,91,89,89,69,59,82,92,84,84,69,86,83,11,14,14,9,14,99500000
PS2,Germany,177,75,28,FC Bayern München ,85,82,None,78,85,89,88,80,85,85,85,91,87,90,77,94,68,84,60,84,79,72,78,68,83,85,73,44,69,15,8,15,7,15,97000000
PS3,Germany,183,80,29,1. FSV Mainz 05 ,73,69,None,75,79,90,77,52,78,67,76,42,74,66,74,82,77,69,88,67,78,74,77,58,67,51,48,47,45,10,6,11,9,7,9500000
PS4,France,196,74,23,Leeds United ,35,20,None,19,17,27,74,8,19,61,67,18,50,50,37,40,53,25,40,42,42,15,53,11,17,12,10,11,9,72,79,76,71,81,9500000
PS5,Argentina,176,78,35,Al Shabab ,82,79,None,74,77,83,79,75,77,83,80,79,83,86,60,73,70,80,55,79,49,55,77,71,76,83,77,70,65,7,13,8,7,10,9500000
PS6,Spain,194,82,28,Rayo Vallecano ,66,35,None,77,79,75,72,33,76,55,68,39,73,71,65,78,79,52,66,60,83,80,52,38,32,42,31,44,29,8,9,9,14,11,9500000
PS7,Spain,177,73,29,RCD Espanyol ,73,68,None,72,73,80,75,65,73,66,64,76,75,65,79,90,68,67,78,67,66,62,65,56,68,74,68,62,50,8,13,15,13,12,9500000
PS8,Norway,170,70,30,Adana Demirspor ,74,73,None,72,74,82,78,69,74,71,75,71,73,67,79,91,77,93,83,77,75,61,75,55,58,73,54,48,61,10,15,12,7,16,9500000
PS9,Colombia,176,73,24,Columbus Crew ,73,77,None,40,43,75,74,78,23,67,70,61,73,66,86,75,75,79,79,78,73,71,74,78,73,60,68,70,69,9,9,11,11,6,9000000
PS10,Brazil,179,77,31,Atlético Mineiro ,73,56,None,75,76,80,69,57,76,60,52,67,78,76,63,82,75,65,66,62,54,53,71,65,68,60,60,47,53,9,13,9,7,12,9000000
PS11,Turkey,198,73,25,Fenerbahçe ,16,10,None,10,13,29,69,14,14,55,62,11,35,43,30,31,68,24,31,51,58,14,54,10,11,10,14,16,15,76,78,75,72,79,9000000
PS12,Brazil,165,62,31,Palmeiras ,69,69,None,72,74,68,77,44,73,60,78,76,73,68,76,75,65,54,82,74,86,74,75,58,60,76,80,73,69,13,12,7,8,10,9000000
PS13,Costa Rica,185,80,36,Nott'm Forest ,30,24,None,14,14,32,84,16,22,64,63,11,40,37,54,39,75,61,53,60,70,11,56,15,13,21,15,25,11,87,87,84,75,87,9000000
PS14,France,170,58,23,FC Lorient ,82,78,None,60,65,50,73,76,63,79,77,68,83,80,58,64,39,89,62,68,62,45,60,49,61,68,71,58,51,13,8,11,14,10,9000000
PS15,Spain,184,83,37,Athletic Club ,84,80,None,57,59,86,83,85,69,83,83,80,84,82,38,74,87,61,33,51,92,90,85,81,86,78,68,85,73,16,14,16,14,15,9000000
PS16,England,178,70,23,Nott'm Forest ,78,80,None,56,57,62,73,72,58,76,74,67,78,76,77,71,66,75,75,84,60,58,74,73,71,73,65,58,64,15,7,7,14,11,9000000
PS17,Israel,170,67,24,Fulham ,74,83,None,35,47,30,66,74,35,73,78,72,78,71,82,66,64,79,79,84,55,38,75,72,71,75,72,58,46,13,12,11,9,10,9000000
PS18,Argentina,186,82,33,Boca Juniors ,66,61,None,77,76,92,73,54,80,60,70,63,73,68,64,62,86,64,65,67,80,75,79,50,62,67,60,75,48,15,7,8,12,10,9000000
PS19,Portugal,184,76,23,Sporting CP ,81,83,None,34,36,53,78,76,35,74,83,68,70,66,79,69,56,65,77,83,63,66,73,71,73,83,56,67,66,15,5,9,6,7,9000000
PS20,Netherlands,193,92,32,Liverpool ,76,70,None,86,91,85,89,47,89,65,90,53,79,86,68,74,93,53,89,61,88,86,81,52,64,60,70,62,45,11,13,10,13,11,84500000
PS21,Netherlands,172,66,24,Valencia CF ,76,81,None,27,32,60,69,72,25,73,72,70,71,59,88,68,60,82,88,86,60,56,79,71,75,72,58,66,67,7,5,6,14,12,8500000
PS22,Hungary,183,75,26,SC Freiburg ,79,80,None,38,37,65,74,76,39,74,65,75,76,63,77,62,67,76,73,76,64,51,69,73,64,55,45,62,67,14,7,5,11,9,8500000
PS23,Argentina,179,78,24,Orlando City ,74,76,None,33,27,47,72,74,41,83,67,68,73,70,83,80,59,83,83,81,48,59,81,76,76,80,72,72,72,13,7,15,5,10,8500000
PS24,France,175,79,21,Stade Rennais FC ,77,76,None,17,21,64,75,78,23,63,76,51,65,48,83,58,72,85,80,75,57,72,76,77,73,67,55,66,75,14,9,12,9,8,8500000
PS25,Spain,177,69,25,RCD Espanyol ,77,76,None,39,44,66,76,76,39,68,73,67,75,60,85,83,75,77,83,82,81,76,75,75,72,63,55,74,63,8,8,9,11,13,8500000
PS26,Brazil,186,79,31,FC Nantes ,76,66,None,78,79,80,74,59,82,54,66,65,75,69,63,70,71,54,54,63,75,77,81,55,80,63,71,55,51,6,11,7,9,12,8500000
PS27,Netherlands,184,74,26,AZ ,80,76,None,71,73,71,76,64,73,75,81,72,79,80,69,74,80,74,73,72,76,71,77,64,74,74,63,54,68,14,6,11,12,10,8500000
PS28,Scotland,169,62,27,Whitecaps FC ,79,81,None,40,55,51,76,73,55,79,76,78,77,70,84,85,33,92,84,92,80,62,69,68,56,79,73,70,67,13,6,14,13,15,8500000
PS29,Ecuador,177,74,33,Fenerbahçe ,73,75,None,41,48,76,73,80,42,65,71,67,68,60,87,79,77,72,87,83,91,78,81,77,71,73,73,78,64,9,9,12,16,8,8500000
PS30,Denmark,180,77,32,RCD Espanyol ,79,80,None,26,30,70,76,77,29,74,76,68,75,65,83,76,75,69,79,81,82,68,78,76,72,72,74,73,75,7,14,13,11,8,8500000
PS31,Poland,185,77,25,La Spezia ,77,76,None,71,71,75,76,77,73,72,78,70,78,71,78,90,78,80,85,80,71,65,78,74,74,68,58,52,62,13,10,6,11,6,8500000
PS32,France,180,70,27,Stade Brestois 29 ,76,78,None,39,45,48,72,73,43,72,74,77,72,65,81,79,55,67,79,78,79,59,77,74,78,69,60,68,74,14,10,15,7,15,8500000
PS33,Austria,187,74,25,1. FC Köln ,77,75,None,71,74,79,76,69,73,74,73,69,75,72,67,91,72,64,87,71,74,66,73,72,69,64,47,52,55,5,11,14,12,8,8500000
PS34,England,172,65,26,Rangers ,75,80,None,33,44,74,76,71,45,73,70,71,73,69,90,81,52,87,89,91,43,58,81,68,71,70,57,52,67,13,9,8,6,7,8500000
PS35,Germany,188,87,31,RB Leipzig ,75,73,None,72,76,75,77,63,72,65,74,80,79,66,55,78,79,59,63,61,84,78,79,59,69,77,75,73,60,10,9,15,14,16,8500000
PS36,Germany,184,79,33,Leverkusen ,81,83,None,35,33,75,77,75,43,75,78,78,72,62,77,67,71,78,78,78,75,51,82,74,77,72,58,57,73,11,10,12,7,10,8500000
PS37,Brazil,175,70,27,Atlanta United ,80,80,None,41,44,55,74,71,33,71,77,75,71,65,87,67,52,79,89,90,56,54,74,65,73,75,64,62,66,9,6,12,13,9,8000000
PS38,Ukraine,180,71,24,Everton ,66,54,None,77,76,59,73,41,72,52,59,76,72,55,75,77,57,67,77,69,66,66,47,44,53,60,32,35,46,9,9,8,14,14,8000000
PS39,Burkina Faso,181,73,27,Aston Villa ,85,81,None,37,40,60,68,73,54,73,74,72,74,68,76,64,65,59,78,87,75,66,73,74,68,79,73,69,71,13,11,7,7,12,8000000
PS40,Serbia,191,88,27,FC Porto ,80,79,None,70,74,78,77,75,72,77,81,62,75,73,58,74,84,56,64,67,82,78,76,72,67,65,51,57,62,12,9,14,8,13,8000000
PS41,Brazil,166,68,24,Fiorentina ,77,78,None,68,75,70,73,78,69,72,71,76,76,66,85,75,67,86,90,80,80,55,66,60,50,71,52,50,49,14,14,14,10,5,8000000
PS42,Spain,181,67,21,Athletic Club ,76,83,None,18,20,36,71,68,40,65,69,73,72,59,92,70,61,82,92,90,66,68,73,75,70,72,57,62,62,12,9,13,12,14,8000000
PS43,Hungary,178,76,27,Philadelphia ,80,79,None,50,64,65,70,79,60,75,70,51,74,69,75,85,60,68,78,72,59,47,72,78,69,62,60,67,60,11,11,7,5,11,8000000
PS44,Italy,190,85,36,Juventus ,79,69,None,81,83,81,80,38,84,71,85,44,80,85,45,61,81,53,55,55,87,82,74,50,65,56,60,74,58,2,2,2,3,4,8000000
PS45,Portugal,170,74,28,AS Monaco ,77,81,None,48,51,60,73,70,50,72,74,70,72,57,91,84,44,84,86,90,65,51,77,67,68,81,60,66,74,6,12,9,7,9,8000000
PS46,Portugal,183,75,23,OM ,74,74,None,73,76,73,76,76,64,62,73,79,71,67,83,83,81,60,90,77,58,58,80,54,69,73,55,42,44,12,8,13,6,13,8000000
PS47,England,178,70,23,Spurs ,78,77,None,65,73,67,73,77,71,75,76,76,76,65,81,75,60,78,79,79,66,55,67,66,55,74,31,61,55,8,6,11,7,7,8000000
PS48,Netherlands,175,70,28,Salernitana ,78,76,None,70,72,79,76,70,75,73,78,76,78,77,75,79,76,81,71,75,78,71,81,70,76,75,69,52,68,12,12,8,16,12,8000000
PS49,Italy,196,90,24,Paris SG ,30,28,None,16,14,30,85,14,26,60,65,12,36,34,50,34,72,38,55,64,72,12,59,12,18,12,14,24,8,85,90,83,79,89,78000000
PS50,Uruguay,182,78,25,Real Madrid ,85,81,None,79,82,81,87,80,81,83,82,78,86,87,84,89,80,68,91,77,62,59,89,76,87,74,69,59,70,15,6,10,6,8,77500000
PS51,Spain,191,82,27,Manchester City ,85,78,None,78,86,82,82,75,83,83,85,63,86,83,54,88,84,65,62,65,72,80,89,64,82,65,61,46,59,14,10,10,7,8,77000000
PS52,Portugal,179,69,28,Manchester Utd ,84,79,None,65,73,82,91,85,67,90,79,86,89,87,75,93,66,79,69,78,71,64,88,83,88,86,85,90,87,8,12,14,15,14,72500000
PS53,Spain,182,78,34,Athletic Club ,77,72,,74,76,77,77,73,74,73,75,76,77,71,79,85,75,77,79,75,76,59,73,64,56,77,53,55,57,15,8,6,13,9,7500000
PS54,Turkey,180,78,26,Roma ,73,69,None,74,74,74,72,70,74,68,74,72,72,67,75,84,77,66,78,68,67,65,63,57,62,72,44,46,55,10,13,14,9,7,7500000
PS55,Ivory Coast,191,81,22,Leverkusen ,69,66,None,77,78,73,70,44,77,57,65,58,69,69,74,76,81,56,77,63,74,76,52,26,24,33,23,32,28,10,5,8,6,6,7500000
PS56,Denmark,185,78,24,Galatasaray ,68,60,None,74,75,76,70,47,77,59,72,51,71,69,68,83,85,71,71,66,81,75,60,36,41,52,38,53,37,7,10,6,12,14,7500000
PS57,Spain,173,69,32,RC Celta ,70,62,None,78,79,76,80,46,78,64,70,78,72,61,60,81,68,63,67,73,79,67,67,28,39,65,38,23,28,9,14,9,7,15,7500000
PS58,England,183,79,25,Everton ,68,62,None,78,77,81,72,46,72,56,68,56,70,65,72,69,83,66,90,65,80,73,53,35,55,43,33,44,40,14,7,6,12,11,7500000
PS59,Morocco,182,70,30,KAA Gent ,80,84,None,27,21,38,74,76,20,72,78,65,72,57,78,77,67,79,75,88,73,59,72,78,68,74,66,55,73,11,13,10,11,13,7500000
PS60,England,191,84,24,Chelsea ,72,69,None,76,78,74,75,49,77,64,68,53,75,70,62,67,82,55,66,51,61,72,55,44,50,49,43,42,40,9,5,5,9,7,7500000
PS61,Switzerland,185,77,29,BSC Young Boys ,76,76,None,25,32,43,72,77,35,73,69,68,72,68,79,77,80,68,84,74,92,78,68,73,66,50,68,58,67,12,12,13,13,6,7500000
PS62,Argentina,161,59,29,FC Cincinnati ,80,85,None,33,47,69,72,77,44,73,77,64,74,71,87,76,40,92,73,88,54,53,71,62,70,72,62,54,67,12,13,9,6,10,7500000
PS63,Spain,178,66,26,FC Nantes ,78,70,None,70,71,73,78,55,74,73,73,63,78,82,58,79,64,64,60,72,48,58,68,46,57,62,48,51,54,8,13,14,12,14,7500000
PS64,France,176,70,21,Stade Rennais FC ,74,75,None,76,77,67,71,71,72,66,68,77,72,70,74,79,65,75,77,71,71,59,63,52,51,66,53,54,54,6,6,6,6,8,7500000
PS65,Netherlands,190,79,24,Leeds United ,72,62,None,76,77,76,73,44,79,56,74,42,75,73,58,74,79,54,60,53,74,73,62,31,30,42,32,55,34,10,14,8,8,14,7500000
PS66,Netherlands,188,73,26,OGC Nice ,76,72,None,72,75,73,75,64,76,72,75,59,76,71,61,79,81,65,67,68,75,69,76,59,65,59,54,58,57,9,12,12,7,5,7500000
PS67,Malta,176,73,29,R. Union St.-G. ,76,74,None,73,75,77,73,74,73,78,76,77,77,80,69,80,72,71,68,73,67,51,82,72,77,77,74,78,75,6,8,10,12,9,7500000
PS68,Spain,184,82,37,Paris SG ,78,63,None,83,82,90,85,69,84,71,86,63,78,80,66,56,81,65,55,66,91,88,79,65,64,72,75,90,69,7,11,8,9,11,7500000
PS69,Brazil,185,84,25,Fiorentina ,63,44,None,77,80,84,60,48,76,56,65,24,67,52,69,76,90,66,77,66,70,67,44,22,36,32,25,28,27,15,7,11,9,14,7500000
PS70,Belgium,185,78,23,Stade Rennais FC ,64,50,None,76,78,80,74,23,76,50,68,53,63,57,67,69,84,53,76,55,70,74,70,23,58,33,37,32,24,11,7,6,12,10,7500000
PS71,Argentina,183,78,27,Fiorentina ,72,68,None,75,77,82,70,52,72,68,79,64,76,74,55,73,79,65,69,73,86,80,65,50,59,57,49,66,51,10,10,15,12,15,7000000
PS72,France,178,65,28,Galatasaray ,74,72,None,75,76,68,75,69,76,71,76,78,75,73,68,73,71,65,71,65,73,60,72,51,55,75,56,46,68,9,13,8,8,16,7000000
PS73,Brazil,188,87,35,Palmeiras ,74,72,None,24,39,55,74,78,45,65,72,50,69,68,74,65,90,80,73,82,83,81,78,83,77,52,65,83,74,14,14,12,7,13,7000000
PS74,Chile,178,76,29,River Plate ,70,71,None,75,74,89,71,66,75,70,80,65,76,75,75,78,79,68,74,69,88,80,70,51,58,42,47,63,39,15,13,9,15,15,7000000
PS75,Germany,186,76,26,West Ham ,66,64,None,79,78,78,73,53,76,59,69,64,73,66,68,72,77,64,77,67,86,73,65,37,40,54,38,41,32,10,9,9,14,12,7000000
PS76,Chile,171,69,34,Leverkusen ,78,74,None,73,75,84,77,68,79,79,73,77,78,81,34,69,64,86,34,78,61,53,78,66,77,75,75,75,75,8,15,7,12,13,7000000
PS77,Spain,186,81,31,RCD Espanyol ,15,13,None,13,16,29,75,14,26,53,62,14,28,29,48,43,75,53,42,62,73,10,53,16,15,20,20,23,13,77,76,74,70,79,7000000
PS78,Egypt,193,96,32,Al Ittihad ,60,53,None,75,77,79,79,20,79,41,60,21,67,72,44,81,90,41,48,42,76,80,27,17,15,35,29,30,23,10,14,14,5,8,7000000
PS79,Czech Republic,183,77,28,Viktoria Plzeň ,73,72,None,72,73,77,76,66,74,74,78,68,76,76,66,82,76,78,63,72,73,69,70,59,70,69,73,61,59,6,5,5,14,11,7000000
PS80,Brazil,191,79,27,Udinese ,59,36,None,76,80,79,75,30,78,41,70,48,69,65,46,54,76,48,52,50,71,80,44,30,32,49,27,31,24,6,5,9,6,12,7000000
PS81,Algeria,178,75,31,AC Ajaccio ,80,81,None,21,24,67,69,69,29,71,78,75,72,67,78,68,70,79,80,75,44,38,81,71,75,82,59,67,73,12,14,10,8,11,7000000
PS82,Argentina,178,75,31,Boca Juniors ,78,75,None,66,67,60,75,71,73,77,81,65,80,77,73,74,63,70,70,77,70,45,71,65,69,74,69,59,65,11,9,14,6,6,7000000
PS83,Greece,177,74,32,AEK Athens ,78,77,None,45,52,63,72,75,55,80,77,76,79,79,74,70,60,78,72,78,66,59,70,69,68,75,71,69,63,10,8,14,7,12,7000000
PS84,England,184,80,31,Nott'm Forest ,77,73,None,60,63,83,70,65,62,82,80,75,83,86,43,67,71,63,33,55,62,67,85,60,77,69,73,71,66,8,14,11,15,16,7000000
PS85,France,184,73,20,OL ,73,69,None,78,79,73,76,44,76,67,76,59,77,73,71,72,77,64,78,69,75,73,55,41,38,54,26,39,42,11,8,10,14,13,7000000
PS86,France,185,81,35,Real Madrid,91,87,None,18,24,63,92,92,39,89,90,75,89,76,79,82,82,72,80,78,79,90,87,92,80,82,73,84,88,5,13,11,5,7,64000000
PS87,Scotland,178,64,29,Liverpool ,83,81,None,81,83,85,85,77,83,80,83,87,82,76,79,95,65,74,80,75,62,67,76,55,65,82,71,55,32,7,11,8,10,14,61500000
PS88,Denmark,180,71,23,Brentford ,80,82,,40,46,61,68,72,45,76,74,62,73,70,85,69,56,87,79,83,72,51,71,70,73,66,82,47,48,11,6,10,14,7,6500000
PS89,Poland,175,70,21,Roma ,76,78,None,52,57,57,68,71,50,69,63,72,75,63,85,74,45,75,86,75,57,45,72,58,46,64,57,63,59,8,10,5,7,15,6500000
PS90,Brazil,177,76,31,Ceará SC ,67,66,None,77,73,67,73,60,75,63,68,77,75,72,71,72,69,70,84,80,69,66,68,48,56,61,43,72,55,9,15,14,15,11,6500000
PS91,Brazil,178,66,23,Valencia CF ,76,77,None,25,22,53,76,73,40,69,71,62,74,65,84,84,58,78,79,79,59,58,74,74,63,58,46,72,62,9,12,9,14,6,6500000
PS92,Italy,183,78,30,Juventus ,75,74,None,75,79,66,72,64,75,63,74,78,74,70,64,77,66,76,69,73,80,69,67,33,51,78,39,49,41,5,5,3,5,3,6500000
PS93,Germany,194,88,24,1. FSV Mainz 05 ,75,72,None,66,77,73,76,74,85,76,68,70,76,73,69,79,81,44,78,60,66,76,84,58,78,71,64,51,54,7,7,14,8,11,6500000
PS94,France,172,70,25,Strasbourg ,76,75,None,69,74,69,75,73,70,74,74,64,77,76,77,79,68,85,79,82,69,61,69,59,63,57,68,55,53,10,12,15,14,9,6500000
PS95,Ivory Coast,185,70,25,Fiorentina ,75,78,None,32,38,71,73,78,36,69,70,63,70,58,78,76,71,68,87,77,85,77,73,75,66,52,45,61,66,7,15,13,6,14,6500000
PS96,Spain,169,56,24,LA Galaxy ,80,80,None,53,65,65,73,64,61,80,77,60,80,77,68,65,33,85,63,82,55,49,66,63,68,66,51,55,56,12,12,15,14,9,6500000
PS97,Portugal,178,71,24,Sporting CP ,80,79,None,69,68,59,72,73,61,80,78,68,76,78,79,70,60,91,81,92,65,49,66,67,64,76,64,66,63,11,6,12,14,11,6500000
PS98,England,183,72,22,Newcastle Utd ,76,77,None,33,40,62,68,67,31,68,65,75,73,66,87,76,56,68,90,75,58,49,74,67,71,76,75,65,48,7,5,6,14,8,6500000
PS99,Spain,175,75,31,Athletic Club ,72,72,None,72,74,83,72,76,75,74,78,75,74,67,79,86,84,86,79,80,82,60,82,56,67,78,58,54,54,12,12,13,6,11,6500000
PS100,Sweden,185,77,24,VfL Wolfsburg ,79,77,None,61,66,65,73,64,71,77,73,68,78,75,74,76,68,67,79,76,63,32,73,64,77,66,63,57,53,8,7,6,13,12,6500000
PS101,Morocco,179,75,32,Morocco ,72,77,None,20,25,57,78,78,20,74,77,66,72,60,67,74,79,45,72,76,71,76,77,79,70,74,72,68,72,15,9,11,9,10,6500000
PS102,Italy,183,73,26,Bologna ,82,81,None,24,26,44,74,70,40,73,73,77,75,67,79,67,72,76,79,83,59,54,79,65,75,80,70,71,73,6,11,11,14,12,6500000
PS103,Netherlands,186,78,25,PSV ,74,72,None,57,59,72,77,83,68,73,75,56,77,73,67,87,71,63,71,68,72,78,73,80,67,60,63,66,63,11,12,6,12,14,6500000
PS104,Italy,187,81,26,Monza ,20,18,None,10,14,26,63,9,15,42,56,13,28,19,45,36,62,55,43,45,70,11,54,9,18,17,14,17,11,78,79,74,72,78,6500000
PS105,Switzerland,183,80,30,1. FSV Mainz 05 ,73,72,None,66,72,67,74,71,72,70,76,77,70,70,76,91,77,68,79,75,84,68,73,59,62,71,56,56,48,5,10,8,7,14,6500000
PS106,Czech Republic,182,81,31,TSG Hoffenheim ,74,70,None,74,70,76,78,70,69,72,74,80,73,68,77,82,76,67,72,66,81,76,64,34,41,57,52,54,57,13,10,11,14,7,6500000
PS107,Belgium,178,80,25,Nott'm Forest ,82,83,None,70,70,71,78,64,72,76,80,61,78,73,76,74,70,85,55,79,67,51,66,43,68,65,50,42,50,7,7,6,7,10,6500000
PS108,Austria,175,73,31,M'gladbach ,69,68,None,74,76,86,73,66,73,60,73,70,72,70,75,91,72,78,73,76,69,63,73,59,65,65,45,45,63,8,10,14,7,7,6500000
PS109,Argentina,182,76,30,Cádiz CF ,77,69,None,75,75,83,72,64,75,70,80,68,77,76,63,76,70,68,63,63,74,63,79,66,63,63,52,64,59,12,10,12,7,11,6500000
PS110,Germany,179,86,27,Brighton ,77,73,None,29,37,72,74,80,18,77,79,67,72,62,69,66,77,79,67,68,66,66,79,80,76,74,66,74,79,11,9,12,9,13,6500000
PS111,France,173,69,27,Everton ,75,66,None,33,55,80,79,79,26,69,70,61,74,59,77,78,67,81,66,76,59,73,79,77,71,63,55,78,75,8,11,12,7,14,6500000
PS112,England,180,73,24,Arsenal ,77,78,None,15,19,56,78,78,20,58,69,43,72,47,83,71,62,72,78,79,73,70,73,79,60,54,38,70,70,9,12,10,11,5,6500000
PS113,Senegal,175,69,24,AS Monaco ,75,79,None,50,32,57,70,69,48,69,70,66,68,64,90,83,61,76,91,89,90,62,73,68,72,62,58,59,68,11,10,8,11,12,6500000
PS114,Albania,191,75,21,Chelsea ,76,78,None,23,33,67,73,76,20,58,72,40,65,47,69,69,83,63,84,68,62,69,80,77,61,53,36,74,64,8,9,7,15,9,6500000
PS115,France,170,65,30,FC Lorient ,77,70,None,75,77,77,73,58,75,67,64,67,76,70,74,88,68,83,64,74,78,53,69,42,51,54,47,42,37,8,7,14,15,7,6500000
PS116,Spain,186,84,30,Cádiz CF ,67,54,None,76,80,90,66,42,65,74,63,63,70,68,49,81,90,68,54,43,71,77,72,40,70,58,67,47,33,15,8,6,6,6,6500000
PS117,England,187,80,25,AFC Bournemouth ,75,75,None,22,25,65,74,75,22,71,73,54,72,59,64,87,79,67,77,64,77,74,75,76,69,56,47,72,74,9,9,15,14,10,6500000
PS118,Croatia,190,82,26,Latium ,75,74,None,71,73,71,75,73,72,75,73,72,76,75,58,78,79,62,55,62,68,75,81,57,75,77,77,51,59,11,13,10,11,7,6000000
PS119,Croatia,193,88,28,Dinamo Zagreb ,84,80,None,29,41,48,67,63,23,84,79,66,80,74,72,68,90,47,75,74,77,79,83,73,57,69,76,86,76,14,11,15,9,10,6000000
PS120,Czech Republic,186,76,25,FC Schalke 04 ,74,75,None,69,71,76,73,68,74,71,72,68,75,72,67,84,76,77,75,76,78,72,76,66,75,65,51,59,65,11,11,13,10,12,6000000
PS121,Italy,184,78,24,Pisa ,67,65,None,78,82,57,63,22,75,43,56,66,65,60,68,83,67,58,72,68,70,64,57,37,45,57,44,48,45,10,14,5,12,12,6000000
PS122,Italy,183,75,26,Fiorentina ,77,76,None,72,75,67,74,62,75,76,70,70,78,76,55,82,75,73,55,67,70,65,70,63,71,66,64,55,60,14,13,14,9,16,6000000
PS123,Germany,194,87,31,TSG Hoffenheim ,73,67,None,76,77,71,76,55,80,67,80,63,80,81,64,67,83,46,77,54,57,75,76,50,57,50,62,53,51,7,6,13,8,14,6000000
PS124,Spain,184,76,23,Cádiz CF ,73,41,None,76,78,69,69,41,75,35,68,28,76,68,68,56,73,57,71,38,74,73,32,28,26,27,30,35,30,14,7,9,6,11,6000000
PS125,Morocco,175,78,27,Feyenoord ,80,78,None,34,37,68,71,73,25,67,74,64,74,68,78,73,68,71,79,80,32,48,81,73,79,82,67,56,74,10,15,16,8,16,6000000
PS126,Israel,174,79,27,Granada CF ,70,65,None,25,30,65,74,80,28,68,76,58,68,60,72,74,73,77,71,69,78,76,77,80,72,63,53,79,79,10,7,10,7,9,6000000
PS127,Argentina,167,63,21,FC Dallas ,77,82,None,52,60,69,71,72,52,71,81,70,70,68,87,73,52,90,79,91,57,55,73,65,72,75,67,56,59,10,8,7,12,7,6000000
PS128,France,183,81,28,Stade Rennais FC ,77,74,None,74,76,71,76,69,72,75,71,61,79,77,50,80,70,66,48,67,71,61,76,61,67,61,59,53,57,7,7,7,13,8,6000000
PS129,Japan,172,67,28,AS Monaco ,78,81,None,29,33,64,74,74,49,71,78,65,72,63,84,73,55,86,73,89,76,50,71,77,73,73,69,72,72,15,9,12,8,14,6000000
PS130,Spain,176,75,27,Real Betis ,78,76,None,60,61,63,67,72,60,64,66,76,71,65,83,63,68,69,85,74,34,62,77,73,73,51,54,61,57,15,9,14,7,8,6000000
PS131,Albania,191,78,23,Roma ,60,52,None,73,77,75,78,22,75,54,63,45,61,58,42,68,81,58,54,51,82,79,50,26,31,30,26,30,28,14,9,8,15,7,6000000
PS132,United States,172,75,28,Sounders FC ,73,72,None,69,73,78,79,75,70,74,73,66,76,72,76,91,76,84,75,77,90,64,75,64,73,72,50,65,58,16,13,7,12,11,6000000
PS133,Germany,194,96,28,1. FSV Mainz 05 ,16,11,None,13,17,38,74,10,18,22,32,17,30,27,65,27,81,45,65,30,60,18,44,14,13,14,16,25,15,71,77,73,59,81,6000000
PS134,Australia,179,76,30,Australia ,70,70,None,31,37,71,75,82,40,66,76,57,70,56,83,87,71,81,80,85,91,73,74,78,68,71,67,73,65,6,9,15,11,13,6000000
PS135,Portugal,179,66,23,FC Porto ,75,75,None,68,68,58,72,70,70,67,65,78,70,63,87,74,60,75,85,78,67,69,68,60,61,57,47,67,54,10,9,5,10,12,6000000
PS136,France,191,86,28,Hellas Verona ,73,63,None,29,39,74,75,78,25,73,76,51,73,63,54,78,87,50,74,55,69,82,80,77,62,45,59,82,72,6,5,13,9,15,6000000
PS137,Netherlands,193,81,22,VfL Wolfsburg ,68,64,None,78,76,75,68,48,73,46,68,58,65,73,76,69,84,49,91,59,68,78,48,37,51,37,34,39,47,11,7,13,13,7,6000000
PS138,Argentina,171,69,21,Colón ,80,83,None,37,43,72,72,75,29,69,80,64,73,72,91,73,69,91,82,90,57,63,82,69,70,69,49,74,71,6,6,13,6,13,6000000
PS139,France,178,72,24,VfL Wolfsburg ,72,70,None,75,77,73,75,49,76,55,67,59,71,62,76,69,70,72,74,60,75,67,49,39,35,60,36,50,31,14,6,10,8,13,6000000
PS140,France,192,81,23,RB Salzburg ,68,69,None,70,74,75,69,59,74,56,69,31,74,71,77,73,89,36,86,68,80,68,64,35,39,35,34,42,33,14,12,14,10,15,6000000
PS141,Greece,170,65,27,D.C. United ,72,75,None,37,40,70,75,80,56,68,73,63,68,60,91,75,57,91,86,91,84,67,75,78,73,72,69,60,73,12,16,14,15,9,6000000
PS142,Brazil,168,65,26,Lecce ,75,77,None,28,25,50,69,75,29,74,65,72,77,69,85,77,36,84,80,89,57,31,57,71,66,75,50,54,51,10,15,15,8,6,6000000
PS143,Germany,173,67,25,TSG Hoffenheim ,81,77,None,67,66,81,79,59,69,79,74,69,81,78,65,77,49,83,44,85,54,29,57,46,70,68,55,40,45,10,7,8,12,5,6000000
PS144,Spain,174,70,32,Liverpool ,92,89,None,75,76,80,82,75,82,87,88,78,90,88,69,75,60,90,55,90,86,54,75,68,73,85,77,75,82,9,6,11,7,13,55500000
PS145,Belgium,191,94,30,Inter ,78,82,None,30,41,71,83,86,27,75,82,73,78,70,72,67,95,52,86,59,74,87,87,88,75,78,66,88,79,7,8,15,14,10,54000000
PS146,Argentina,169,67,36,Paris SG ,93,95,None,24,35,44,92,93,40,94,96,84,91,90,87,70,68,95,76,91,68,70,86,90,91,93,93,75,88,14,6,11,15,8,54000000
PS147,Spain,180,77,31,Villarreal CF ,84,85,None,41,41,61,85,85,42,78,80,77,79,75,78,77,74,72,78,77,79,82,83,89,82,77,62,85,81,12,15,12,7,10,53000000
PS148,France,191,84,30,Juventus ,87,89,None,63,67,79,76,77,62,90,85,73,87,92,60,64,88,65,72,71,80,74,90,74,84,85,82,80,84,4,5,6,2,3,52500000
PS149,France,196,90,24,VfB Stuttgart ,52,51,,75,80,73,72,31,73,59,70,46,73,70,48,62,92,34,57,33,63,80,66,26,25,37,25,30,25,14,9,13,5,14,5500000
PS150,Scotland,183,75,31,Southampton ,76,77,,60,67,69,77,76,69,72,70,72,75,72,70,77,68,65,69,75,71,66,81,76,82,78,74,64,62,11,14,8,13,13,5500000
PS151,Jamaica,170,68,30,Fulham ,74,74,None,55,58,49,77,75,59,70,70,69,73,65,79,82,60,86,76,87,77,63,69,71,71,65,64,70,75,8,8,12,13,10,5500000
PS152,Brazil,188,75,28,Udinese ,75,69,None,62,70,80,70,59,74,70,72,50,81,74,64,77,74,66,68,60,55,63,78,58,75,60,52,58,66,14,10,13,7,11,5500000
PS153,Israel,183,78,31,TSG Hoffenheim ,77,77,None,27,37,39,80,80,19,69,77,50,72,62,64,75,74,74,52,76,90,76,75,76,69,74,66,63,74,15,13,12,10,11,5500000
PS154,Spain,172,60,37,Sevilla FC ,82,80,None,76,77,75,78,77,78,80,79,87,81,76,84,78,37,82,82,81,63,73,74,63,70,82,50,56,75,7,10,10,15,13,5500000
PS155,Brazil,182,81,27,Santos ,68,63,None,74,76,71,72,61,74,49,65,74,72,61,70,72,76,58,75,61,47,70,44,41,42,51,52,53,46,9,7,10,13,15,5500000
PS156,Argentina,178,75,29,Talleres ,75,79,None,32,37,54,70,69,38,71,78,71,75,71,81,70,69,79,80,82,57,60,69,69,71,79,58,63,59,9,7,11,10,11,5500000
PS157,Belgium,191,83,24,VfL Wolfsburg ,59,52,None,76,75,80,72,48,73,52,68,57,64,71,69,67,81,52,79,49,76,82,61,44,40,41,42,34,26,11,6,7,7,15,5500000
PS158,Brazil,164,60,30,Panathinaikos ,78,81,None,25,42,41,74,72,42,72,72,72,73,66,87,54,30,94,73,93,61,59,76,64,66,77,69,61,68,10,6,11,13,12,5500000
PS159,Argentina,172,75,30,Al Nassr ,80,81,None,30,28,50,72,72,26,75,76,74,69,71,83,58,62,87,73,82,53,32,80,65,76,78,73,79,74,12,6,9,13,15,5500000
PS160,Denmark,185,81,27,TSG Hoffenheim ,74,74,None,67,69,72,75,71,64,70,71,85,74,70,76,69,67,74,79,76,49,52,86,72,82,87,86,78,73,13,15,16,15,11,5500000
PS161,Brazil,187,77,25,FC Nantes ,58,53,None,74,76,78,70,38,72,42,65,40,64,60,71,73,78,52,84,62,82,79,55,51,48,42,40,49,43,11,12,5,8,12,5500000
PS162,Belgium,189,89,36,RSC Anderlecht ,70,64,None,85,84,79,78,56,79,66,81,70,76,74,65,70,79,58,68,54,85,78,80,54,66,66,68,66,52,12,6,10,9,7,5500000
PS163,Spain,181,76,30,Elche CF ,76,73,None,69,77,69,75,72,74,73,68,53,78,79,62,76,70,72,52,74,73,59,72,58,68,61,65,63,56,10,6,7,9,11,5500000
PS164,Brazil,176,73,27,Flamengo ,69,68,None,71,72,69,69,65,72,66,72,76,71,69,76,86,59,73,77,71,65,62,73,52,60,64,63,55,50,9,14,13,12,10,5500000
PS165,Denmark,184,75,28,Sparta Praha ,73,70,None,67,68,68,74,70,69,75,71,77,75,76,77,78,74,70,76,69,84,48,85,64,76,80,76,59,53,11,14,12,14,11,5500000
PS166,Netherlands,178,76,29,Hertha Berlin ,78,79,None,40,45,44,73,74,40,77,72,73,75,68,78,89,60,75,67,84,68,57,70,69,71,78,64,61,72,11,15,12,9,9,5500000
PS167,Norway,184,82,31,Fenerbahçe ,75,78,None,27,39,70,71,76,34,73,77,68,75,65,77,68,81,73,82,77,71,68,77,76,74,72,53,81,73,12,12,9,11,7,5500000
PS168,England,173,69,29,Beşiktaş ,77,81,None,30,26,39,70,77,30,72,64,69,73,62,85,67,50,86,76,86,39,33,82,70,75,70,65,57,55,6,12,14,16,10,5500000
PS169,England,193,86,24,FC Augsburg ,63,59,None,72,79,72,77,34,76,55,67,34,67,58,66,65,81,53,69,62,84,75,49,23,37,44,36,48,36,9,10,11,7,14,5500000
PS170,Netherlands,185,79,24,PSV ,70,62,None,76,72,73,72,29,74,47,62,41,75,73,74,73,84,66,78,69,87,72,64,35,41,41,58,39,37,8,12,14,11,8,5500000
PS171,Switzerland,190,87,31,RC Celta ,73,69,None,40,46,81,70,78,42,68,77,65,69,63,62,77,86,60,66,61,80,79,83,77,70,72,64,68,76,9,9,13,9,16,5500000
PS172,Sweden,180,70,30,Antalyaspor ,78,82,None,25,42,47,71,70,52,75,71,66,75,71,75,71,58,77,76,84,56,40,76,69,80,76,78,55,66,10,14,12,15,7,5500000
PS173,Republic of Ireland,175,70,27,Burnley ,73,68,None,72,74,71,74,59,75,69,75,73,78,75,71,85,65,79,65,72,70,60,68,48,63,66,55,58,48,11,9,12,15,9,5500000
PS174,Japan,173,67,22,Real Sociedad ,79,81,None,48,43,43,65,68,29,72,70,63,74,60,88,75,46,83,72,86,52,39,65,69,59,68,72,61,57,10,6,7,15,10,5000000
PS175,Argentina,193,92,28,Libertad ,66,64,None,71,72,88,71,53,70,58,74,48,70,64,47,80,91,55,55,51,70,81,74,52,52,43,60,67,46,7,11,11,10,12,5000000
PS176,Argentina,196,90,31,Girona FC ,31,20,None,14,21,40,75,15,19,64,61,23,49,54,57,42,55,50,56,57,74,14,58,12,19,31,21,40,13,75,75,75,77,76,5000000
PS177,Germany,186,87,28,Hertha Berlin ,64,59,None,74,76,79,68,33,77,52,64,43,64,70,72,66,80,60,79,64,91,76,64,31,46,36,39,52,30,7,14,14,11,11,5000000
PS178,Belgium,187,86,30,RSC Anderlecht ,36,29,None,11,17,34,65,11,14,57,62,12,48,56,37,37,76,43,37,53,67,11,58,11,13,16,13,26,16,77,77,73,77,79,5000000
PS179,DR Congo,179,70,29,Beşiktaş ,78,80,None,73,74,65,74,65,69,70,75,75,73,67,77,71,67,79,77,77,70,63,74,52,68,72,48,49,61,7,8,7,10,7,5000000
PS180,Brazil,175,70,23,FC Cincinnati ,77,76,None,22,32,35,77,77,24,63,70,57,71,59,78,70,58,75,82,79,62,69,70,75,65,60,60,66,68,14,13,6,9,8,5000000
PS181,Belgium,178,71,22,Royal Antwerp FC ,74,74,None,38,43,67,67,66,44,71,68,69,72,68,87,78,51,84,84,84,81,42,70,68,68,64,56,55,66,13,14,6,6,10,5000000
PS182,Germany,181,79,33,SC Freiburg ,68,65,None,69,78,69,78,53,80,65,75,54,76,69,54,81,72,75,64,67,84,65,58,41,49,53,50,50,40,10,6,13,13,9,5000000
PS183,Spain,174,66,23,Girona FC ,76,78,None,38,32,58,68,70,44,74,70,69,74,66,78,55,43,80,76,83,55,46,73,72,73,70,54,55,65,9,9,10,8,12,5000000
PS184,Argentina,182,83,33,Independiente ,75,68,None,73,75,78,72,70,74,73,79,70,77,76,52,75,80,62,40,54,54,67,70,57,66,59,60,59,49,16,16,11,12,10,5000000
PS185,Italy,175,70,25,Juventus ,82,89,None,44,48,69,86,84,30,77,82,75,78,72,91,85,70,81,91,89,53,50,86,80,84,78,62,62,80,9,6,7,8,7,48500000
PS186,Portugal,188,81,24,Milan ,86,89,None,21,24,60,83,82,24,74,81,75,76,63,90,77,80,80,92,82,62,63,80,80,72,80,60,63,74,11,10,12,15,9,48500000
PS187,England,178,65,21,Arsenal ,85,88,None,67,69,66,84,82,68,83,79,81,81,65,88,80,62,86,82,84,54,45,74,81,75,81,69,81,70,9,7,8,13,13,47500000
PS188,Senegal,186,89,32,Chelsea ,72,70,,86,89,83,83,50,85,65,82,50,71,69,68,68,93,33,88,48,82,84,67,43,38,53,39,50,48,13,7,11,7,5,46500000
PS189,Germany,183,80,27,FC Bayern München ,85,86,None,35,32,63,82,81,34,81,82,81,82,70,88,70,66,81,92,87,64,72,86,80,80,84,83,71,84,9,8,12,9,14,46000000
PS190,France,176,73,32,Atlético de Madrid ,86,85,None,58,61,74,85,89,57,87,89,82,84,81,79,86,67,83,78,88,87,83,84,84,85,87,85,79,85,13,14,8,14,14,45500000
PS191,Italy,183,72,29,Sassuolo ,88,85,None,30,30,85,84,82,25,83,78,77,85,79,82,74,64,87,82,92,65,62,83,82,80,78,75,76,78,5,5,6,5,6,45000000
PS192,France,191,81,30,Manchester Utd ,75,61,None,83,86,78,85,55,84,59,82,42,78,77,77,65,87,39,83,62,80,85,52,46,53,46,52,43,42,5,11,11,9,14,45000000
PS193,Portugal,181,72,23,Chelsea ,87,88,None,35,42,68,81,84,40,85,85,77,83,76,82,75,62,84,82,88,76,69,80,79,81,83,67,68,83,13,13,12,14,14,43500000
PS194,Spain,182,74,34,Villarreal CF ,86,81,None,69,70,58,79,81,80,90,85,86,92,90,52,76,70,72,49,63,49,61,81,83,88,88,90,88,72,14,5,9,12,8,42000000
PS195,England,181,74,24,Chelsea ,83,82,None,42,59,68,85,82,59,82,82,84,85,84,76,86,58,76,72,77,54,59,81,81,83,82,84,69,75,8,11,12,13,12,42000000
PS196,Ivory Coast,183,88,26,FC Barcelona ,84,78,None,78,84,84,81,74,84,76,84,66,83,75,77,93,86,77,79,70,72,68,84,73,78,61,54,88,60,12,9,11,12,10,41500000
PS197,Italy,178,68,31,Arsenal ,87,79,None,71,80,78,83,69,81,84,84,75,91,88,63,86,66,72,47,75,58,56,71,64,62,75,76,89,71,14,14,7,13,8,40500000
PS198,Japan,184,76,27,Frankfurt ,84,85,None,40,47,52,81,83,43,85,81,75,86,80,82,75,57,84,76,85,67,53,65,77,73,78,73,79,66,6,6,10,11,11,40500000
PS199,Spain,181,79,26,Real Sociedad ,85,84,None,30,32,52,80,85,29,82,83,81,82,73,79,79,57,80,77,78,72,60,80,85,81,77,78,84,74,13,10,6,10,11,40500000
PS200,Brazil,183,86,24,Bergamo Calcio ,77,76,None,66,73,75,70,71,69,75,75,64,77,75,72,74,69,70,68,69,59,62,72,62,68,65,49,57,54,13,14,10,12,13,4900000
PS201,Zimbabwe,178,71,29,Luton Town ,69,70,None,74,78,83,70,55,74,63,67,46,74,71,69,71,74,78,53,76,78,55,74,36,54,45,37,38,41,15,9,15,10,8,4900000
PS202,Kosovo,181,66,24,LOSC Lille ,77,79,None,18,21,45,70,69,20,70,68,65,73,61,86,69,61,79,73,84,71,36,73,66,68,68,49,51,55,12,7,11,6,7,4900000
PS203,Germany,181,70,25,VfB Stuttgart ,76,78,None,55,59,58,68,70,43,72,62,67,74,68,83,79,49,82,83,85,66,54,69,68,65,68,50,61,58,12,6,7,12,6,4900000
PS204,France,175,80,30,Union Berlin ,77,76,None,71,70,72,73,66,74,66,75,69,72,70,83,73,72,81,83,77,71,61,75,63,65,75,56,51,57,8,9,7,13,15,4900000
PS205,Netherlands,185,84,25,Millwall ,75,73,None,51,59,77,73,75,49,73,73,65,75,70,69,82,77,70,74,67,78,73,78,74,76,75,75,68,68,8,13,7,7,9,4900000
PS206,Czech Republic,175,70,24,Slavia Praha ,75,75,None,42,43,80,70,80,38,70,74,67,71,69,79,78,78,86,78,84,79,74,75,73,74,66,66,63,68,10,14,5,11,12,4900000
PS207,Germany,182,74,31,SC Freiburg ,66,64,None,74,76,73,74,47,74,49,64,70,71,54,71,73,69,68,78,66,71,61,56,44,43,46,27,58,50,8,12,14,11,8,4900000
PS208,Brazil,174,68,24,Feyenoord ,75,72,None,14,18,54,68,73,23,65,70,44,72,49,79,83,71,79,75,77,79,74,70,79,71,68,62,68,68,8,10,9,9,11,4900000
PS209,Ghana,175,70,21,Southampton ,79,80,,25,25,52,62,68,26,68,75,64,70,58,92,66,60,88,93,89,75,42,70,72,65,70,50,56,62,12,6,13,7,14,4800000
PS210,England,180,70,25,Everton ,77,76,None,69,74,84,72,67,68,75,76,66,78,75,66,70,65,69,64,63,56,61,70,64,67,64,61,49,42,14,11,12,9,10,4800000
PS211,Spain,180,73,25,Getafe CF ,76,71,None,50,59,55,76,72,70,77,79,67,79,75,69,65,62,70,68,74,49,34,68,66,73,67,59,73,41,8,12,9,10,12,4800000
PS212,Brazil,188,83,29,UD Almería ,59,50,None,75,77,75,71,22,73,22,62,34,66,54,44,34,90,31,51,46,74,74,52,22,36,20,18,35,15,9,13,10,9,11,4800000
PS213,Spain,182,74,26,Getafe CF ,76,73,None,24,29,48,74,80,37,67,78,60,74,65,65,63,72,72,66,73,85,73,76,75,70,63,62,72,71,15,12,9,8,7,4800000
PS214,Spain,175,74,21,Real Sociedad ,77,81,None,14,12,35,69,72,17,65,74,68,66,53,81,59,44,84,76,85,80,58,75,73,62,64,43,59,66,5,13,11,11,13,4800000
PS215,Tunisia,176,82,32,Montpellier ,77,75,None,30,46,74,76,77,53,76,80,78,75,67,66,69,70,77,69,77,34,54,81,76,77,79,78,83,72,11,6,7,11,6,4800000
PS216,England,185,73,32,Brighton ,78,76,None,33,38,75,73,78,32,70,77,69,66,64,65,54,72,61,72,67,79,77,77,76,63,61,62,71,69,12,9,10,6,16,4800000
PS217,Germany,184,79,25,Brentford ,74,72,None,72,76,76,75,71,75,73,75,68,75,76,69,80,78,70,67,68,72,55,76,67,69,48,54,52,72,6,6,8,6,14,4800000
PS218,France,193,90,25,Strasbourg ,76,72,None,71,74,74,76,69,72,73,74,59,76,75,61,82,89,33,63,40,67,70,74,53,64,64,49,52,49,11,11,5,14,11,4800000
PS219,Morocco,178,65,24,Watford ,80,75,None,60,72,63,71,72,65,75,75,64,77,75,56,71,54,77,65,68,46,49,66,62,66,70,70,69,51,6,7,15,6,5,4800000
PS220,Poland,184,78,26,Charlotte FC ,75,69,None,19,21,60,71,77,33,65,75,50,70,59,69,74,75,62,68,72,59,75,73,78,69,61,60,69,71,12,14,12,11,7,4800000
PS221,Brazil,175,71,25,Sassuolo ,77,79,None,60,57,66,72,73,52,75,67,69,80,82,78,79,55,73,69,82,64,50,64,56,61,65,60,61,59,11,8,12,7,7,4800000
PS222,Brazil,177,75,31,Ceará SC ,71,73,None,73,72,53,73,59,71,51,67,71,69,66,73,82,68,71,68,71,77,71,55,51,52,46,49,62,58,11,11,10,18,14,4800000
PS223,France,185,82,29,FC Lorient ,64,40,None,73,76,73,67,29,73,29,55,27,67,56,45,81,86,53,45,41,86,78,41,22,27,28,25,39,33,15,14,6,15,14,4800000
PS224,Nigeria,182,90,27,Udinese ,76,77,None,24,33,45,74,74,30,64,69,73,69,57,69,62,77,69,76,67,78,69,80,74,58,59,54,68,58,8,8,15,14,10,4700000
PS225,Argentina,180,88,27,Charlotte FC ,68,66,None,47,50,86,76,76,47,68,67,64,70,55,80,91,85,84,83,66,91,78,81,72,64,50,44,72,55,15,7,9,14,12,4700000
PS226,Belgium,166,70,26,Burnley ,76,79,None,35,34,41,66,66,39,71,72,70,71,62,87,71,65,84,82,87,87,48,72,66,73,72,66,57,59,16,16,12,8,15,4700000
PS227,Ghana,175,70,27,Rio Ave FC ,68,72,None,33,35,69,70,71,37,60,69,57,66,46,92,81,76,80,91,90,93,74,76,73,66,59,53,64,73,14,15,13,13,12,4700000
PS228,Argentina,187,82,34,Parma ,82,81,None,48,59,78,70,75,69,80,77,73,78,75,40,71,78,35,51,67,46,69,76,80,80,80,68,67,79,9,14,15,13,7,4700000
PS229,Germany,181,74,27,VfL Wolfsburg ,75,76,None,18,19,44,74,77,28,75,72,63,72,65,77,69,64,77,60,78,66,59,80,75,78,73,63,82,71,9,14,10,7,16,4700000
PS230,Denmark,199,96,31,Leicester City ,58,45,None,73,75,84,72,40,74,60,72,46,69,75,30,54,87,28,34,29,66,82,83,34,47,41,52,59,28,15,16,11,11,10,4700000
PS231,Serbia,185,76,27,Torino ,72,75,None,23,30,43,74,71,22,75,68,66,70,66,89,67,65,66,88,76,45,49,76,72,73,68,54,57,74,13,7,9,14,6,4700000
PS232,Slovenia,193,77,20,RB Salzburg ,76,72,None,35,42,62,66,74,32,61,73,55,66,52,77,70,83,61,84,74,83,71,79,75,70,59,56,61,68,14,10,8,5,6,4700000
PS233,Brazil,175,73,26,Slavia Praha ,76,79,None,34,23,57,67,73,24,72,75,72,66,56,84,62,54,85,80,86,66,36,69,73,74,70,66,56,54,6,9,10,7,9,4700000
PS234,Venezuela,169,66,26,Real Salt Lake ,76,78,None,30,42,59,70,67,30,70,72,68,70,58,85,81,58,81,80,90,55,43,78,70,68,72,53,60,69,15,7,13,6,12,4700000
PS235,Finland,180,78,33,Norwich ,73,72,None,16,29,64,80,83,54,72,79,45,71,61,78,85,71,72,77,74,68,63,75,79,66,53,42,79,74,9,13,8,8,7,4600000
PS236,Morocco,193,80,31,R. Valladolid CF ,61,60,None,71,75,74,74,60,77,37,68,38,66,72,84,75,84,56,87,69,90,75,67,40,52,36,32,41,30,10,15,12,10,8,4600000
PS237,Argentina,175,72,33,New England ,75,75,None,23,28,51,74,77,38,72,75,68,69,63,74,69,75,76,75,73,81,70,87,74,79,65,70,71,69,16,6,6,15,7,4600000
PS238,Brazil,171,71,32,Sounders FC ,77,74,None,67,71,72,71,71,64,77,75,74,81,78,74,77,69,78,71,77,43,54,78,66,71,68,67,57,67,14,15,8,16,9,4600000
PS239,Brazil,182,78,31,PSV ,68,62,None,72,75,69,74,45,76,67,72,46,75,76,54,73,79,67,40,68,91,78,76,51,71,58,68,42,42,13,7,12,14,15,4600000
PS240,England,175,71,26,AFC Bournemouth ,78,77,None,68,72,77,73,65,69,74,73,70,77,77,66,68,61,83,55,75,68,50,66,61,65,71,65,61,57,15,6,15,12,13,4600000
PS241,Uruguay,172,70,27,Cagliari ,75,77,None,67,75,85,75,73,75,73,80,61,75,69,80,90,72,83,80,81,80,57,74,66,65,51,52,55,50,5,8,8,14,15,4600000
PS242,Portugal,184,80,29,RC Celta ,76,77,None,23,30,79,75,77,37,74,78,42,64,51,52,67,81,73,41,72,78,84,77,76,72,67,47,80,78,12,9,8,14,7,4600000
PS243,Portugal,168,61,20,Ajax ,78,83,None,33,37,42,68,65,23,70,72,68,71,68,85,64,32,85,78,93,40,36,63,63,57,61,48,59,64,15,9,6,7,14,4600000
PS244,Denmark,184,82,31,FC Midtjylland ,69,51,None,71,73,73,71,67,74,65,74,44,72,69,52,77,89,70,66,68,91,77,67,41,59,45,39,38,38,11,14,15,7,16,4600000
PS245,Scotland,187,73,32,Leeds United ,62,53,None,77,77,80,73,39,76,47,68,45,72,65,47,67,80,61,50,55,82,74,52,26,38,31,26,34,33,9,10,12,10,15,4600000
PS246,Spain,173,63,28,Girona FC ,75,75,None,54,56,60,70,72,52,75,73,74,75,71,76,69,34,86,75,85,46,56,62,65,62,74,53,60,54,14,10,7,12,15,4500000
PS247,Saudi Arabia,175,70,24,Al Hilal ,62,69,None,68,73,74,67,67,69,46,55,65,65,58,90,92,68,86,92,82,70,57,50,39,43,45,43,45,35,12,5,9,6,14,4500000
PS248,Colombia,185,72,33,Viktoria Plzeň ,76,77,None,56,55,85,74,75,52,67,74,75,73,64,77,68,77,51,78,73,75,78,73,69,72,62,68,58,56,14,9,9,6,12,4500000
PS249,England,180,69,23,West Ham ,69,66,None,72,74,67,66,56,72,50,65,71,69,59,75,75,70,69,76,66,75,65,45,34,37,60,39,39,30,12,10,10,15,9,4500000
PS250,Sweden,178,70,28,FC Midtjylland ,76,73,None,65,70,69,73,70,70,74,73,67,79,72,67,78,54,70,68,85,69,55,68,60,64,70,68,50,52,11,10,6,9,7,4500000
PS251,Scotland,178,71,28,AFC Bournemouth ,74,75,None,70,69,79,68,73,63,72,77,72,73,68,79,73,77,81,77,78,66,53,76,71,70,75,71,74,50,7,13,9,12,8,4500000
PS252,Uruguay,178,68,33,Olimpia ,71,75,None,55,58,75,69,74,66,75,71,68,74,69,86,87,64,83,88,81,66,65,70,66,71,70,72,80,52,13,12,15,14,11,4500000
PS253,France,186,76,24,SC Braga ,63,62,None,74,74,74,70,41,76,41,61,43,65,52,70,82,80,71,74,64,85,70,63,30,34,36,32,43,30,13,8,10,8,10,4400000
PS254,Spain,169,67,19,UD Las Palmas ,76,79,None,53,48,60,66,72,45,84,60,59,77,74,80,65,56,83,74,80,61,57,68,69,62,59,42,59,53,8,6,9,11,11,4400000
PS255,England,180,73,24,Spurs ,69,72,None,75,76,87,74,47,74,59,71,64,71,56,67,66,81,68,78,68,87,70,52,28,19,54,37,45,36,7,11,9,12,14,4400000
PS256,Ghana,180,61,23,RC Lens ,73,67,None,69,77,82,75,51,74,68,67,40,75,70,46,71,65,68,58,43,67,64,49,48,45,36,34,45,38,11,11,14,8,7,4400000
PS257,Spain,183,70,26,Elche CF ,73,69,None,71,72,70,72,63,67,65,68,76,73,66,75,75,66,71,71,68,64,63,65,60,66,69,61,57,58,9,12,12,5,13,4400000
PS258,Croatia,185,77,25,Bologna ,77,73,None,70,69,70,72,60,68,76,77,65,75,81,69,83,76,60,69,69,62,69,83,64,74,60,70,68,64,13,9,9,10,11,4300000
PS259,England,190,77,25,Nott'm Forest ,69,64,None,69,71,86,68,58,75,63,65,47,71,68,55,90,80,55,68,65,84,75,61,60,56,43,34,55,50,6,10,8,6,11,4300000
PS260,Austria,189,82,36,Union Berlin ,70,69,None,69,75,79,73,66,78,67,70,87,72,72,64,82,82,53,79,61,59,72,75,61,65,73,63,60,57,8,16,8,6,15,4300000
PS261,Dominican Republic,180,76,30,Real Madrid ,69,70,None,34,40,80,71,74,45,63,68,50,66,51,73,74,77,69,75,79,91,78,82,74,79,74,73,72,69,8,12,14,6,15,4300000
PS262,Germany,170,71,30,FC Utrecht ,81,81,None,25,43,70,70,74,42,76,74,63,76,72,75,75,52,89,67,88,35,28,73,69,62,73,59,58,64,15,15,11,9,15,4200000
PS263,Germany,189,83,25,1. FSV Mainz 05 ,54,57,None,77,78,67,74,44,76,40,69,59,69,61,84,69,74,61,81,61,68,71,56,29,35,44,35,39,30,7,12,14,14,12,4200000
PS264,England,181,74,29,Rangers ,74,69,None,71,72,82,69,68,73,72,75,67,76,78,65,84,74,74,61,64,58,63,79,66,74,74,54,52,64,9,14,6,6,8,4200000
PS265,Netherlands,179,73,20,Ajax ,73,72,None,73,73,72,70,73,71,64,67,63,74,65,76,76,64,72,77,75,76,67,57,60,50,48,38,42,42,13,10,8,9,7,4200000
PS266,Nigeria,184,82,26,Torino ,72,75,None,73,74,68,65,62,70,63,66,71,70,67,87,77,75,77,80,73,70,65,73,54,65,60,42,49,52,10,7,14,10,9,4200000
PS267,Croatia,192,88,25,Sassuolo ,57,49,None,75,77,78,73,31,71,33,66,31,68,62,55,54,82,45,72,41,60,75,55,29,22,32,28,49,33,13,9,9,7,8,4200000
PS268,Spain,174,64,27,Granada CF ,69,70,None,72,73,69,70,68,72,51,66,73,71,52,76,80,60,71,75,74,56,65,65,48,50,54,35,48,37,6,8,11,9,12,4200000
PS269,Comoros,182,65,29,KV Kortrijk ,76,75,None,55,60,60,65,68,58,72,74,71,71,68,82,69,56,74,84,83,66,48,72,74,72,68,72,74,67,10,7,5,15,5,4200000
PS270,France,182,75,27,FC Nantes ,70,69,None,69,71,73,70,70,70,69,69,71,70,66,79,82,76,75,79,72,79,61,64,42,54,65,47,50,49,12,14,12,9,13,4200000
PS271,Slovenia,178,72,27,Empoli ,73,72,None,73,76,83,65,65,66,62,60,77,73,73,79,81,64,71,77,66,68,60,68,41,51,66,54,54,49,11,7,8,11,7,4200000
PS272,Croatia,193,97,25,Lecce ,64,63,None,76,77,77,70,28,72,54,65,27,67,63,62,55,85,53,69,63,77,76,40,21,22,31,25,30,25,8,6,6,14,5,4200000
PS273,Argentina,183,77,24,Independiente ,58,40,None,72,71,85,72,35,70,36,55,34,62,55,74,74,82,52,77,66,85,75,47,21,28,31,28,44,28,8,14,9,14,14,4200000
PS274,England,181,71,20,Southampton ,73,74,None,71,74,70,72,60,76,57,66,68,73,57,78,68,57,79,79,74,66,55,47,47,46,64,51,41,41,13,10,12,8,13,4200000
PS275,Brazil,180,78,29,Ettifaq FC ,77,74,None,33,44,39,73,73,45,70,76,69,71,72,74,70,70,72,77,80,71,52,81,71,75,76,69,72,70,8,13,14,8,8,4200000
PS276,Italy,178,72,22,Torino ,73,69,None,72,73,72,72,68,72,72,75,62,76,72,75,82,64,70,74,76,67,57,70,42,68,56,62,52,54,11,14,12,6,13,4200000
PS277,England,186,76,29,OGC Nice ,77,78,None,51,60,71,73,70,53,72,77,67,76,75,67,58,76,61,69,65,64,65,81,68,79,69,73,65,62,6,9,14,12,10,4200000
PS278,Argentina,175,72,25,Argentinos Jrs. ,71,70,None,74,75,80,72,66,72,64,71,59,71,58,82,90,73,77,71,82,83,71,57,53,55,38,41,45,37,12,8,6,7,8,4200000
PS279,Germany,186,83,25,Union Berlin ,61,39,None,75,78,76,68,32,77,53,62,35,63,58,67,69,76,58,73,62,59,70,47,25,36,31,37,44,33,12,11,12,6,15,4200000
PS280,Argentina,173,70,29,Racing Club ,77,74,None,60,68,70,70,71,70,76,75,70,78,73,76,84,62,80,74,80,57,57,74,64,67,79,67,60,67,9,14,11,15,10,4200000
PS281,Norway,180,74,29,Ferencvárosi TC ,74,70,None,64,69,73,82,80,67,72,70,60,76,72,76,90,68,68,72,73,80,67,69,76,65,57,51,59,60,10,10,14,11,12,4200000
PS282,Austria,189,89,31,LASK ,77,75,None,35,29,56,72,79,28,78,78,74,77,75,51,68,77,66,64,59,70,71,78,76,75,77,73,71,72,9,8,12,11,10,4100000
PS283,Germany,181,81,28,Frankfurt ,71,67,None,70,75,65,69,49,73,55,71,71,73,66,68,70,70,72,76,69,69,59,55,35,45,70,65,45,31,10,13,11,11,9,4100000
PS284,England,190,90,26,Nott'm Forest ,54,35,None,76,75,72,68,27,73,30,63,39,68,68,52,65,82,46,52,43,76,76,34,20,22,27,29,35,30,9,11,11,5,14,4100000
PS285,Brazil,180,76,31,Athletico-PR ,71,73,None,24,25,44,77,74,44,55,77,61,61,52,78,58,70,65,82,78,64,76,73,77,71,55,56,72,76,8,7,7,9,10,4100000
PS286,Spain,174,71,28,R. Valladolid CF ,61,68,None,70,71,64,66,76,73,63,65,68,68,53,89,89,74,77,88,83,88,55,51,45,45,58,45,44,29,7,9,10,6,13,4100000
PS287,Spain,183,77,31,Granada CF ,73,73,None,31,39,69,72,78,41,71,73,74,71,70,75,74,75,71,77,76,75,71,77,72,71,62,69,65,65,12,15,10,14,9,4100000
PS288,Brazil,185,80,31,Flamengo ,74,70,None,20,28,72,75,84,12,66,75,62,68,66,27,50,82,30,32,44,34,82,88,74,81,77,76,78,82,14,12,7,6,11,4100000
PS289,Brazil,178,75,31,Athletico-PR ,76,75,None,32,33,57,74,77,41,76,78,66,74,71,81,71,54,67,72,82,51,51,55,64,62,72,73,71,61,9,13,8,10,10,4100000
PS290,Switzerland,182,83,32,AEK Athens ,72,70,None,63,66,69,74,73,68,70,72,77,74,72,77,74,76,72,77,72,57,68,75,68,73,75,66,62,57,14,15,15,7,9,4100000
PS291,Argentina,174,72,30,Boca Juniors ,79,82,None,64,67,72,71,72,66,72,73,64,75,71,84,81,60,75,79,82,33,47,68,67,68,68,56,67,49,6,12,13,9,10,4100000
PS292,Netherlands,203,94,29,sc Heerenveen ,23,19,None,13,15,21,74,15,16,32,54,14,28,39,45,42,69,60,50,40,66,19,50,19,20,24,14,19,19,73,77,73,67,75,4000000
PS293,Poland,187,84,32,Bologna ,23,18,None,12,12,33,74,13,17,32,58,19,29,26,51,31,58,38,51,48,66,10,44,11,15,12,19,22,17,74,78,73,59,81,4000000
PS294,Serbia,188,83,27,SV Werder Bremen ,66,51,None,73,76,69,75,37,75,44,74,43,68,62,39,69,78,64,34,58,84,76,45,27,31,31,24,37,30,11,15,7,15,11,4000000
PS295,England,191,77,28,Watford ,67,54,None,71,73,78,67,32,72,56,60,58,69,65,53,50,87,53,64,53,85,74,70,35,50,36,26,40,31,10,15,16,14,14,4000000
PS296,Argentina,171,70,28,Atlético de Madrid ,87,87,None,44,53,79,84,86,48,82,79,75,80,68,86,84,68,88,85,90,53,71,83,86,86,82,66,67,80,8,13,10,9,16,39500000
PS297,France,186,90,24,FC Bayern München ,71,69,None,86,86,89,80,47,78,58,71,48,77,72,76,65,88,67,89,63,87,82,60,39,40,32,28,39,27,15,6,7,8,9,36500000
PS298,Brazil,172,63,23,Manchester Utd ,89,86,None,31,45,79,79,76,50,78,80,79,74,62,89,79,62,85,78,93,57,45,75,76,79,85,74,66,67,8,9,10,14,13,36000000
PS299,Spain,184,77,23,FC Barcelona ,84,84,None,28,24,54,82,86,34,82,82,79,81,78,87,73,69,78,81,83,75,75,79,80,76,76,60,74,74,15,12,9,11,12,36000000
PS300,Ghana,185,77,30,Arsenal ,83,84,None,80,84,84,82,70,81,85,87,74,85,85,63,80,84,50,75,67,83,68,86,66,78,69,70,49,56,9,11,13,9,7,36000000
PS301,France,170,68,33,AS Monaco ,88,87,,26,33,62,85,89,44,80,85,74,83,66,82,72,68,91,81,91,77,74,84,87,74,82,76,85,85,7,6,13,9,7,35500000
PS302,England,195,86,25,Roma ,82,80,None,20,29,68,84,83,25,77,82,53,77,53,80,79,85,53,85,61,73,86,80,83,71,55,55,79,80,13,12,7,8,13,35500000
PS303,Spain,176,65,32,Real Betis ,84,82,None,62,74,69,84,84,77,90,80,81,85,85,84,81,71,81,83,83,39,50,78,78,84,85,84,80,67,13,15,12,16,12,35000000
PS304,Brazil,177,75,31,Brazil ,83,85,None,33,35,62,84,82,40,83,81,83,83,82,90,88,68,71,87,86,69,64,82,74,78,86,78,77,76,15,12,12,13,13,35000000
PS305,Portugal,187,83,38,Al Nassr,87,81,None,24,32,62,90,93,29,76,94,78,78,70,76,70,75,67,82,77,95,89,93,91,88,79,75,90,85,14,7,11,15,11,31000000
PS306,Spain,190,84,30,Atlético de Madrid ,82,78,None,20,14,69,80,84,26,77,78,72,76,63,81,78,81,62,84,74,86,85,80,84,74,78,50,75,79,4,4,5,4,5,30500000
PS307,Brazil,190,87,25,Arsenal ,67,52,None,81,84,84,81,44,80,59,74,38,78,74,61,66,87,37,73,51,70,85,51,31,30,47,27,40,28,10,12,8,13,7,30500000
PS308,Iran,185,83,31,FC Porto ,85,81,None,25,41,46,84,86,23,85,84,70,82,67,79,82,80,65,77,74,74,75,81,84,72,74,49,77,75,15,9,11,9,8,30500000
PS309,Sweden,186,75,23,Spurs ,85,85,None,58,64,67,80,79,55,81,81,83,82,70,77,84,73,69,78,79,66,54,76,77,82,84,61,65,80,10,14,5,10,5,30500000
PS310,Brazil,174,64,22,Real Madrid ,83,84,None,32,36,54,78,79,21,73,82,74,77,64,88,81,52,85,88,87,74,62,73,80,74,80,73,81,67,8,9,8,12,5,30500000
PS311,Spain,180,71,29,RCD Espanyol ,84,84,None,75,76,75,80,77,76,84,85,75,86,85,81,85,75,75,83,82,60,60,83,70,78,83,65,60,74,8,8,9,9,12,30500000
PS312,Belgium,175,74,32,Real Madrid ,86,88,None,22,27,54,77,83,41,84,88,77,83,81,82,74,61,89,80,83,55,61,82,77,76,83,79,84,82,8,11,12,6,8,30000000
PS313,Ivory Coast,180,66,30,Crystal Palace ,87,88,None,36,39,77,74,78,35,70,81,75,75,69,88,78,77,75,91,85,58,47,83,81,72,71,54,76,68,11,15,10,15,10,30000000
PS314,Peru,180,80,33,Boca Juniors ,72,74,None,67,71,75,70,72,71,65,60,73,70,67,88,88,79,80,88,82,86,62,74,58,67,75,63,64,59,15,11,12,13,11,3900000
PS315,France,181,74,28,Stade Brestois 29 ,66,52,None,72,74,72,72,50,73,38,67,45,68,63,53,68,80,69,55,56,80,76,49,46,35,38,35,64,42,11,10,14,10,13,3900000
PS316,Spain,182,80,33,R. Sporting ,71,71,None,71,74,71,76,69,77,72,70,79,78,72,64,65,66,66,64,65,68,75,69,46,59,75,71,45,42,16,12,13,10,13,3900000
PS317,Germany,180,77,33,Udinese ,77,78,None,68,75,80,71,72,76,71,76,67,80,75,59,63,65,76,73,71,55,58,83,68,74,75,72,74,65,6,6,11,10,6,3900000
PS318,Ukraine,189,80,32,Dynamo Kyiv ,72,70,None,68,75,68,76,69,77,70,76,50,78,73,68,78,73,48,65,57,61,47,78,62,74,66,49,61,69,13,8,14,16,12,3900000
PS319,Chile,173,74,35,Uni. Católica ,74,75,None,74,73,80,74,74,73,68,60,77,73,68,79,78,75,64,80,76,76,57,60,45,55,71,41,52,42,10,10,12,12,13,3900000
PS320,Switzerland,180,75,29,FC Schalke 04 ,69,65,None,72,75,68,75,63,74,63,65,68,72,61,68,78,67,73,70,65,79,62,66,54,63,59,38,39,32,10,8,7,10,15,3800000
PS321,France,188,88,30,Toulouse FC ,22,11,None,11,11,35,67,11,23,35,58,10,34,29,48,21,71,39,42,35,54,13,53,10,11,12,11,18,10,73,76,74,71,76,3800000
PS322,England,185,70,29,Burnley ,71,73,None,74,74,78,72,59,73,65,74,72,71,68,67,76,78,66,68,67,76,71,63,46,59,69,61,45,43,13,13,6,14,8,3800000
PS323,Portugal,191,81,39,LOSC Lille ,68,61,None,77,82,83,83,48,81,63,79,47,74,69,31,76,82,48,31,37,72,84,60,42,43,51,32,43,36,10,7,11,16,6,3800000
PS324,Wales,191,88,30,Leicester City ,23,19,None,18,20,32,70,7,20,41,56,13,30,42,46,25,60,53,47,41,67,13,52,11,16,15,14,20,13,73,76,74,69,75,3800000
PS325,Italy,187,74,32,Panathinaikos ,35,12,None,20,21,12,66,11,11,48,61,17,46,42,31,34,42,32,33,22,58,30,57,20,11,20,15,22,20,77,74,72,76,77,3700000
PS326,Colombia,181,76,30,Elche CF ,60,58,None,73,74,77,69,54,71,58,55,62,69,60,77,90,77,66,77,72,70,70,52,27,25,38,34,44,59,7,8,9,11,11,3700000
PS327,Czech Republic,188,85,31,Slavia Praha ,19,14,None,11,12,23,66,7,13,41,33,11,33,35,20,25,73,33,18,21,42,13,59,9,5,12,13,13,8,73,76,75,79,77,3700000
PS328,Spain,178,72,34,Panathinaikos ,73,62,None,72,73,81,74,72,80,76,71,52,77,77,52,72,73,64,48,59,73,56,80,58,67,55,57,60,26,9,11,8,13,15,3700000
PS329,Spain,185,85,33,UD Almería ,23,14,None,19,11,20,75,16,27,51,50,17,32,24,48,30,64,56,47,43,72,12,53,19,18,12,20,26,18,75,76,74,71,77,3700000
PS330,Morocco,182,62,23,OM ,79,74,None,61,66,60,68,65,61,72,71,57,80,77,64,82,65,67,67,71,61,58,73,61,59,61,54,57,52,8,14,13,6,7,3600000
PS331,Argentina,176,64,25,Talleres ,73,75,None,31,29,62,73,75,27,63,75,65,71,60,79,76,68,86,78,82,72,63,76,74,72,73,68,71,63,14,11,14,10,12,3600000
PS332,Italy,181,77,36,Empoli ,76,75,None,15,20,50,78,81,14,65,72,50,70,58,76,67,67,79,76,84,82,73,75,81,70,58,54,78,80,11,14,7,10,11,3600000
PS333,Argentina,167,67,38,Central Córdoba ,83,84,None,42,48,73,81,81,40,82,86,75,75,70,71,72,68,85,64,78,69,68,81,78,78,87,79,81,82,10,7,7,14,13,3600000
PS334,Spain,173,68,22,RCD Espanyol ,76,75,None,36,39,65,68,68,39,76,72,73,73,65,79,57,53,85,78,85,59,54,66,66,67,74,66,65,63,12,11,8,10,11,3600000
PS335,Brazil,172,71,31,São Paulo ,75,68,None,72,73,65,67,72,71,67,65,74,74,68,77,70,65,68,76,70,63,69,61,65,59,68,65,66,63,13,9,6,16,9,3600000
PS336,United States,188,79,24,FC Cincinnati ,69,66,None,21,29,67,71,74,30,50,59,44,69,45,77,72,81,56,75,64,78,80,72,73,67,34,46,64,69,5,15,12,9,15,3600000
PS337,England,175,71,23,Arsenal ,77,78,None,37,37,42,65,69,42,71,60,67,72,58,85,70,53,80,81,82,41,39,67,68,54,66,67,60,55,11,12,12,11,15,3600000
PS338,Norway,193,86,23,RC Celta ,68,67,None,23,27,72,72,75,26,64,72,45,61,50,74,84,85,60,80,67,76,74,74,75,66,57,45,58,68,8,7,14,14,9,3600000
PS339,Argentina,185,80,34,R. Sporting ,62,48,None,73,75,78,74,32,77,36,68,44,70,69,48,80,85,48,50,35,83,77,74,47,52,32,41,71,50,8,8,11,7,8,3600000
PS340,Sweden,187,86,25,Coventry City ,74,75,None,16,25,72,73,75,28,64,72,61,67,52,75,80,84,77,81,70,65,65,73,74,69,70,59,63,68,14,10,13,11,8,3600000
PS341,England,185,75,29,AFC Bournemouth ,70,67,None,72,78,72,71,47,74,56,62,47,70,67,34,64,78,55,52,63,67,75,55,36,42,55,58,42,34,13,13,10,11,10,3600000
PS342,Paraguay,188,91,32,Argentinos Jrs. ,75,74,None,29,54,70,69,76,33,71,75,48,65,67,69,81,87,67,72,71,82,76,80,75,65,50,44,64,63,9,13,15,15,13,3600000
PS343,Morocco,179,73,23,Toulouse FC ,71,74,None,34,43,67,68,68,20,70,67,65,73,63,87,80,72,76,86,85,64,49,74,74,69,70,52,64,55,5,10,6,10,12,3600000
PS344,Argentina,182,77,30,River Plate ,74,68,None,74,73,89,70,71,72,65,71,64,74,71,68,72,81,65,69,69,81,76,78,60,64,55,48,68,62,9,12,9,12,13,3600000
PS345,Argentina,191,93,33,Lanús ,51,32,None,70,76,85,63,53,72,49,66,42,66,64,35,67,91,33,35,31,60,86,74,47,43,65,67,69,37,14,11,8,7,9,3600000
PS346,Brazil,183,77,23,Internacional ,75,74,None,21,29,54,78,73,54,75,72,74,75,73,71,68,73,59,65,75,61,71,71,57,75,81,76,69,55,7,9,8,8,12,3600000
PS347,Netherlands,185,74,24,Swansea City ,74,67,None,27,29,45,72,76,21,68,74,47,72,57,63,69,83,63,69,65,71,70,77,76,75,55,54,72,66,7,10,13,9,11,3600000
PS348,Spain,186,86,38,Cádiz CF ,72,69,None,30,31,77,75,78,28,67,70,43,73,64,54,55,85,64,53,65,80,82,84,79,79,63,69,77,79,7,11,6,11,13,3600000
PS349,Germany,190,88,25,VfB Stuttgart ,24,18,None,12,11,25,70,11,19,42,38,12,32,27,43,34,67,41,43,42,58,11,54,11,12,13,12,19,10,71,74,70,72,80,3600000
PS350,Denmark,182,78,30,AEK Athens ,66,64,None,74,77,76,68,60,76,70,69,54,75,70,67,77,72,71,69,73,78,62,63,54,60,53,48,45,46,15,12,8,6,10,3600000
PS351,Germany,182,72,22,FC Schalke 04 ,74,72,None,71,74,87,72,70,70,72,65,51,75,69,74,83,67,68,69,69,74,64,73,61,71,50,47,55,62,12,7,11,5,8,3600000
PS352,Spain,185,79,34,Getafe CF ,76,75,None,29,28,80,82,79,19,66,76,63,67,51,62,65,76,35,68,64,71,75,80,74,71,55,52,76,73,6,12,8,10,12,3600000
PS353,Netherlands,178,78,23,Hamburger SV ,76,75,None,64,67,67,71,62,72,75,69,54,74,72,71,80,65,73,78,80,80,57,66,65,62,61,44,51,48,11,10,15,14,7,3600000
PS354,Denmark,187,77,22,Celtic ,75,70,None,58,67,61,70,74,63,77,76,66,77,71,65,81,65,73,68,64,58,53,64,68,64,67,52,54,52,13,14,12,5,6,3600000
PS355,France,178,66,32,ESTAC Troyes ,74,70,,68,71,72,73,68,74,72,69,68,77,72,58,89,70,73,59,67,60,58,74,66,65,70,71,63,59,14,11,15,6,7,3500000
PS356,Spain,175,64,32,Rayo Vallecano ,75,73,,41,39,53,67,69,39,72,66,74,73,71,79,63,34,83,86,77,58,43,68,65,59,72,70,63,64,9,10,12,7,6,3500000
PS357,England,184,75,24,Brentford ,75,75,None,65,66,74,73,69,64,73,75,68,76,75,75,73,79,74,77,68,52,50,80,68,77,71,52,55,57,10,11,13,8,14,3500000
PS358,Cape Verde,190,83,33,Real Zaragoza ,69,77,None,20,28,75,65,72,33,71,71,69,74,68,73,75,92,60,89,68,74,57,89,74,79,67,77,65,69,7,15,7,8,11,3500000
PS359,Argentina,177,73,24,RB Salzburg ,73,69,None,69,72,76,78,68,67,70,74,70,74,71,76,89,73,75,76,81,71,54,70,62,68,65,55,60,64,12,8,6,13,11,3500000
PS360,Paraguay,180,80,30,Boca Juniors ,64,47,None,72,74,70,68,51,75,47,65,55,66,63,53,82,82,55,59,47,92,83,44,37,30,39,31,60,39,15,7,15,8,14,3500000
PS361,Brazil,181,78,31,Atlético-GO ,66,61,None,71,76,78,68,71,74,77,66,65,74,68,66,83,75,64,62,61,66,53,82,54,42,79,76,73,45,13,13,13,14,9,3500000
PS362,Morocco,180,70,35,Al Wehda ,78,77,None,68,65,69,75,67,70,75,66,77,79,78,64,75,67,71,55,73,33,49,76,71,77,82,78,72,62,15,15,12,14,6,3500000
PS363,Netherlands,175,73,25,Feyenoord ,75,81,None,27,44,34,65,67,42,64,68,68,71,61,90,69,56,79,85,89,36,32,72,67,48,64,49,55,60,7,8,15,11,11,3500000
PS364,Brazil,179,77,35,Palmeiras ,76,76,None,60,49,45,72,68,60,75,64,84,71,68,77,80,57,77,75,80,62,51,66,67,59,67,65,62,62,13,8,14,13,14,3500000
PS365,Netherlands,185,83,32,Panathinaikos ,71,62,None,73,77,77,70,59,73,58,70,54,69,67,71,75,80,64,73,64,68,67,55,34,35,53,33,53,24,16,8,11,15,9,3500000
PS366,Ukraine,195,88,31,VfL Bochum ,61,38,None,71,75,74,71,38,77,34,72,41,66,61,54,74,90,38,65,48,60,74,73,46,57,39,46,34,59,13,15,14,10,11,3500000
PS367,Spain,178,70,24,Girona FC ,75,76,None,38,42,53,66,66,45,74,72,71,72,66,76,63,47,69,75,77,54,47,63,68,60,66,65,70,63,6,13,6,11,6,3500000
PS368,France,177,75,25,FC Lorient ,75,74,None,74,78,69,69,67,69,68,70,69,78,74,69,73,69,70,63,65,62,70,75,61,69,66,59,59,69,8,8,9,9,9,3500000
PS369,England,173,65,25,Coventry City ,73,78,None,61,67,79,73,74,64,72,69,62,73,71,84,90,47,87,79,83,81,51,54,59,56,63,52,58,55,14,11,7,11,15,3500000
PS370,Norway,189,84,24,Sassuolo ,75,75,None,58,69,73,70,70,67,69,71,58,76,72,61,78,85,42,65,65,70,72,78,71,75,70,57,52,65,6,13,8,10,12,3500000
PS371,Italy,183,81,31,Monza ,66,63,None,76,76,84,72,16,75,33,68,35,62,60,55,68,76,66,61,61,76,73,56,19,44,26,26,34,32,11,12,6,10,12,3500000
PS372,Brazil,184,75,24,Monza ,72,72,None,74,74,70,72,70,72,68,72,74,74,68,69,82,74,58,79,68,67,69,68,58,68,68,47,43,66,12,11,12,5,13,3500000
PS373,Morocco,170,68,24,Hajduk Split ,77,78,None,47,43,42,69,68,31,75,70,72,72,67,74,65,59,89,75,90,50,46,72,63,70,75,72,69,59,11,10,13,8,14,3500000
PS374,Switzerland,182,77,31,Torino ,78,74,None,75,76,75,75,64,77,66,77,76,75,75,65,64,74,70,67,64,73,64,78,58,72,80,81,80,66,14,14,13,14,11,3500000
PS375,Republic of Ireland,193,76,31,Fulham ,55,45,None,72,75,83,70,58,72,41,59,38,61,60,33,50,85,36,34,32,89,81,62,40,49,37,33,45,30,8,9,11,16,12,3500000
PS376,Spain,185,80,31,RCD Espanyol ,69,57,None,74,75,71,73,52,75,63,68,45,71,68,60,63,76,44,58,55,78,73,58,40,48,52,42,40,39,11,15,16,11,7,3500000
PS377,Belgium,172,63,22,RSC Anderlecht ,77,79,None,35,48,43,66,63,47,70,71,68,77,70,73,64,38,86,69,89,71,39,67,67,72,75,68,63,72,10,15,6,12,7,3400000
PS378,Brazil,186,70,21,New York City FC ,84,79,None,25,46,38,69,70,24,66,72,64,65,43,84,70,69,72,81,81,71,54,68,65,56,64,44,61,57,6,8,10,12,12,3400000
PS379,Hungary,185,68,27,Sporting KC ,75,72,None,28,36,68,75,77,27,70,71,68,71,63,76,80,66,67,75,72,59,60,77,75,74,69,55,69,68,8,11,6,6,9,3400000
PS380,Serbia,202,90,26,Torino ,18,15,None,19,15,34,63,12,21,58,65,18,31,30,41,33,73,38,45,38,58,12,59,20,45,55,59,24,16,74,74,71,78,75,3400000
PS381,Spain,175,73,26,Getafe CF ,76,73,None,61,69,75,69,74,67,73,76,68,73,71,74,78,75,79,69,74,68,65,74,72,71,73,76,73,55,11,10,11,5,15,3400000
PS382,England,172,69,26,Southampton ,70,72,None,25,23,79,76,75,41,67,72,62,70,58,86,65,61,79,76,79,85,66,78,74,76,67,60,70,65,12,10,13,13,7,3400000
PS383,Denmark,189,89,36,OGC Nice ,40,12,None,13,14,35,82,13,20,59,65,18,40,49,42,34,63,47,49,60,57,16,59,12,14,13,15,26,15,81,79,78,79,83,3400000
PS384,Cameroon,189,95,33,Al Taawoun ,75,69,None,14,15,59,68,80,16,66,76,40,66,49,53,84,92,33,69,60,80,75,78,75,69,50,44,71,70,12,14,13,12,14,3400000
PS385,France,170,65,28,Hamburger SV ,73,77,None,42,44,42,66,70,39,72,73,81,66,63,81,63,50,87,72,84,81,36,80,65,76,81,75,57,73,11,11,7,9,12,3300000
PS386,Brazil,174,77,20,Norwich ,77,76,None,30,32,45,67,73,33,68,66,71,69,55,82,64,54,78,77,77,48,50,61,64,59,67,45,56,55,6,6,6,12,12,3300000
PS387,Czech Republic,179,81,33,Viktoria Plzeň ,74,76,None,31,38,53,71,74,32,73,75,74,72,69,77,68,58,70,76,75,59,48,75,68,76,68,64,59,67,11,11,14,13,6,3300000
PS388,Sweden,186,82,34,La Spezia ,76,72,None,64,70,79,70,70,72,75,75,70,78,76,49,77,70,58,34,55,63,62,72,60,69,74,70,68,66,5,5,5,5,5,3300000
PS389,Czech Republic,200,101,28,Viktoria Plzeň ,72,65,None,31,26,86,74,79,22,62,68,44,69,55,47,69,96,32,52,38,52,84,75,75,61,41,44,69,72,10,5,6,11,12,3300000
PS390,Portugal,175,68,28,SL Benfica ,75,74,None,51,60,64,75,72,58,73,79,75,77,75,75,78,66,80,73,79,36,36,76,66,72,78,71,74,71,5,5,12,6,8,3300000
PS391,Greece,185,84,28,Celtic ,70,62,None,19,24,70,74,78,17,52,70,36,64,39,66,69,84,64,73,64,82,77,78,75,62,57,45,73,75,7,9,8,14,13,3300000
PS392,Brazil,170,68,23,Kasımpaşa ,71,70,None,72,71,79,70,65,67,63,62,70,65,62,86,81,67,80,85,75,77,57,68,51,40,53,39,40,45,8,9,10,10,11,3300000
PS393,Slovakia,182,71,27,Sparta Praha ,75,78,None,48,41,38,71,71,33,70,77,68,71,66,79,68,61,83,81,87,73,59,73,67,68,68,65,58,58,10,13,12,13,15,3300000
PS394,Senegal,184,75,28,AJ Auxerre ,72,71,None,20,24,52,67,71,30,68,71,64,67,57,69,49,83,64,77,70,74,67,86,71,72,70,64,74,71,4,4,6,4,4,3300000
PS395,England,180,72,28,Toulouse FC ,73,69,None,24,27,33,65,74,15,52,72,58,72,49,79,77,65,74,73,79,74,74,75,79,69,67,65,72,72,13,6,9,15,9,3300000
PS396,France,171,72,28,RC Lens ,73,76,None,23,25,44,75,76,23,69,73,64,71,65,75,66,60,84,73,84,61,64,74,75,72,59,52,60,71,12,11,9,12,14,3300000
PS397,Netherlands,178,74,27,FC Utrecht ,75,74,None,44,53,66,73,72,48,67,72,62,73,70,84,73,64,76,82,81,58,54,73,69,75,72,55,63,67,12,7,10,15,12,3300000
PS398,Spain,173,71,27,Burgos CF ,72,74,None,37,46,40,65,69,44,75,72,70,68,67,78,70,43,79,74,80,33,45,69,76,75,75,73,70,60,8,12,9,9,8,3300000
PS399,Switzerland,192,90,28,BSC Young Boys ,24,22,None,18,20,25,66,19,26,42,61,16,35,27,52,37,74,53,47,51,67,13,56,16,15,19,13,28,20,73,75,75,74,74,3200000
PS400,France,176,71,20,OL ,79,85,None,15,23,57,69,69,22,68,75,70,71,64,74,56,67,83,68,82,31,28,76,64,68,77,73,61,57,8,7,14,6,8,3200000
PS401,France,184,71,26,Stade Brestois 29 ,71,70,None,72,75,68,69,55,73,54,69,58,73,63,60,75,75,65,65,66,78,77,55,31,36,54,28,33,32,6,13,9,8,12,3200000
PS402,Spain,175,70,25,UD Almería ,75,67,None,72,71,71,65,58,69,45,54,69,70,48,78,76,65,82,79,73,83,65,55,40,44,45,36,40,21,15,8,11,14,13,3200000
PS403,Scotland,170,68,25,Celtic ,71,72,None,68,74,71,66,55,70,73,72,71,73,66,70,81,65,81,74,78,71,53,60,43,49,66,58,59,43,12,9,14,13,9,3200000
PS404,Spain,179,70,28,D. Alavés ,76,78,None,58,73,48,70,69,71,73,69,56,77,75,66,60,56,77,61,71,43,43,55,71,69,52,50,51,44,11,12,8,9,13,3200000
PS405,Australia,198,79,24,Leicester City ,64,56,,74,73,66,71,26,73,50,65,24,66,63,37,66,88,30,44,57,70,74,33,25,26,26,31,40,23,15,12,12,12,13,3100000
PS406,Brazil,189,83,29,Jeonbuk Hyundai ,68,67,None,24,21,80,67,74,19,50,68,41,56,44,75,60,88,56,77,62,86,77,73,77,60,45,43,68,73,16,14,10,9,10,3100000
PS407,Argentina,174,73,29,Al Hilal ,77,77,None,35,46,65,68,74,35,73,70,71,69,70,79,72,58,80,72,84,72,64,71,70,71,75,65,69,75,8,14,14,8,12,3100000
PS408,Germany,191,80,26,KAA Gent ,62,67,None,75,76,68,61,50,75,69,70,56,69,73,82,70,78,64,88,62,74,77,42,42,25,34,25,63,26,5,5,7,13,11,3100000
PS409,Algeria,184,80,32,Angers SCO ,76,76,None,75,75,74,67,67,72,69,73,79,74,73,60,69,65,62,69,70,69,68,80,54,69,77,68,76,52,8,12,7,8,13,3100000
PS410,England,185,64,25,Coventry City ,67,63,None,68,73,75,66,54,75,65,69,61,76,74,47,75,73,62,52,65,69,63,57,37,51,64,62,54,58,13,15,10,15,11,3100000
PS411,Slovenia,179,72,29,Panathinaikos ,75,77,None,35,40,71,72,74,36,68,70,57,72,66,83,65,67,78,79,78,71,65,72,71,69,63,63,64,65,6,15,11,13,12,3100000
PS412,Serbia,175,65,29,Gaziantep ,77,78,None,37,39,41,72,70,49,70,72,69,72,64,81,49,49,78,85,89,78,58,65,64,64,79,62,70,68,6,8,9,15,7,3100000
PS413,Norway,185,81,23,Napoli FC ,61,58,None,70,73,86,71,35,69,34,58,48,62,55,67,69,84,61,69,67,91,74,52,33,32,46,24,42,33,8,13,10,13,6,3100000
PS414,United States,184,83,24,KRC Genk ,66,59,None,71,75,72,69,40,72,33,68,25,71,68,78,75,79,65,82,67,81,67,34,37,40,26,24,30,28,11,9,11,10,10,3100000
PS415,Spain,174,61,32,Villarreal CF ,74,69,None,71,72,70,69,64,70,67,66,75,74,63,76,76,62,80,72,76,69,59,56,53,61,65,55,60,54,15,16,15,7,11,3100000
PS416,England,185,75,25,Stoke City ,70,66,None,72,74,75,73,52,72,61,77,52,75,70,74,60,74,66,87,66,74,70,53,26,34,45,37,50,41,13,5,8,5,12,3100000
PS417,Tunisia,175,67,29,Abha Club ,75,76,None,37,34,50,71,73,30,71,68,69,72,71,71,80,63,69,68,76,57,48,69,71,70,73,75,69,57,5,10,10,13,6,3100000
PS418,Serbia,194,84,22,RB Salzburg ,68,63,None,74,73,78,72,34,70,31,68,53,60,58,59,63,86,42,69,43,59,72,56,43,36,39,38,43,25,10,12,14,8,13,3100000
PS419,Bosnia & Herzegovina,195,84,24,Sheffield Utd ,65,59,None,75,71,74,72,37,74,60,74,45,71,65,72,73,81,52,82,72,71,72,57,36,32,44,34,45,31,11,7,10,8,9,3100000
PS420,Netherlands,168,57,21,Burnley ,71,72,None,68,72,76,68,65,66,63,67,71,70,63,83,74,51,80,82,81,69,57,63,56,58,65,59,45,46,15,9,10,12,9,3100000
PS421,Georgia,193,80,29,Apoel FC ,74,73,None,33,31,65,74,74,31,58,63,49,69,57,63,71,80,46,65,62,69,75,71,76,66,64,42,75,73,12,10,5,13,9,3100000
PS422,France,184,83,24,TSG Hoffenheim ,67,68,None,73,76,75,65,55,71,63,66,59,68,65,69,75,80,65,77,61,70,75,47,34,36,49,31,37,31,9,8,12,13,10,3100000
PS423,Argentina,180,85,31,Lanús ,71,67,None,16,23,56,68,74,22,69,63,58,67,56,68,72,80,59,69,73,88,77,77,79,63,72,44,71,54,16,10,13,12,13,3000000
PS424,Spain,186,83,31,R. Oviedo ,74,62,None,24,30,65,73,76,22,69,79,60,70,55,43,70,90,34,54,61,70,78,81,77,70,71,51,75,74,9,6,9,10,13,3000000
PS425,Spain,171,64,30,R. Valladolid CF ,77,78,None,28,25,55,66,68,40,73,74,70,75,63,77,60,33,87,74,89,80,40,69,72,68,74,67,65,47,9,14,8,12,8,3000000
PS426,England,188,73,21,Burnley ,68,62,None,72,73,73,70,36,73,55,73,41,72,71,63,70,74,61,70,58,77,72,59,29,28,47,34,43,33,13,9,5,10,14,3000000
PS427,Netherlands,186,82,30,Vitesse ,77,72,None,68,71,69,70,73,62,72,78,70,78,77,52,68,75,62,54,65,72,74,76,72,72,65,68,81,71,13,7,11,13,14,3000000
PS428,Brazil,177,69,27,Athletico-PR ,57,61,None,73,68,41,67,40,67,40,63,72,68,53,79,88,54,74,77,69,75,59,55,40,48,64,40,38,49,9,10,15,9,12,3000000
PS429,Brazil,193,90,30,Rongcheng FC ,70,65,None,10,18,70,61,73,17,65,67,44,64,58,76,80,91,66,76,67,81,78,78,74,61,65,42,66,73,12,8,11,10,7,3000000
PS430,Brazil,177,76,27,Corinthians ,69,66,None,71,73,77,77,48,71,46,69,68,65,66,84,75,64,75,72,79,82,58,64,40,51,65,45,55,40,14,11,14,11,15,3000000
PS431,Argentina,189,82,32,Barcelona SC ,19,20,None,14,15,27,71,14,27,60,45,19,24,24,47,36,62,55,40,41,73,12,53,19,16,15,14,29,17,74,76,72,70,75,3000000
PS432,Germany,186,80,29,FC St. Gallen ,72,66,None,51,55,74,72,70,60,81,67,74,74,79,65,91,75,68,68,70,78,64,67,63,63,67,48,64,62,13,11,15,14,14,3000000
PS433,Spain,180,75,32,LAFC ,75,64,None,64,69,72,75,52,70,66,69,53,77,77,51,86,75,69,49,72,83,68,49,45,57,51,49,69,38,12,6,16,16,11,3000000
PS434,Spain,185,73,31,Cádiz CF ,75,77,None,21,31,68,68,71,32,62,65,59,70,50,74,54,67,61,79,72,66,75,75,73,73,69,57,66,72,7,13,8,11,15,3000000
PS435,United States,184,80,20,M'gladbach ,69,71,None,72,74,70,69,57,69,59,61,71,67,58,79,73,67,75,73,77,60,61,43,43,45,60,28,39,25,10,12,7,10,10,3000000
PS436,Turkey,182,80,29,Beşiktaş ,77,75,None,60,67,67,68,71,68,76,70,74,76,76,67,68,61,74,55,76,57,61,75,67,72,77,72,64,66,8,12,11,6,11,3000000
PS437,Argentina,169,70,31,Tigre ,73,71,None,62,66,74,75,68,72,69,67,63,76,74,76,92,56,88,74,90,81,43,75,49,75,67,68,57,71,10,10,8,14,9,3000000
PS438,United States,177,69,24,Chelsea ,85,87,None,47,32,45,78,79,33,79,80,74,77,59,90,71,54,87,82,87,79,50,77,73,61,70,58,61,70,16,8,12,13,14,29500000
PS439,Spain,172,66,28,Valencia CF ,80,77,None,82,81,76,83,75,80,75,76,79,79,75,81,87,67,80,83,82,53,58,62,61,59,80,49,60,58,12,13,10,9,9,29500000
PS440,Denmark,188,81,27,FC Barcelona ,76,67,None,83,84,75,84,32,85,62,79,51,80,73,59,68,77,60,76,61,79,80,37,36,20,41,39,36,25,6,10,12,8,8,29000000
PS441,Morocco,195,78,32,Sevilla FC ,12,20,None,15,18,25,84,10,12,62,57,15,39,44,38,43,69,29,37,47,48,14,59,14,19,12,19,24,13,84,83,83,78,85,28500000
PS442,France,184,78,26,Stade Rennais FC ,82,80,None,34,31,57,78,82,27,77,79,73,78,72,84,77,75,70,86,73,78,75,79,85,80,77,58,73,79,5,12,5,13,8,28500000
PS443,Belgium,197,86,31,VfL Wolfsburg ,23,14,None,17,19,33,80,15,16,42,40,15,35,37,44,44,72,43,46,50,58,14,59,15,18,20,13,20,13,84,84,82,79,86,28000000
PS444,Mexico,175,70,28,Napoli FC ,80,83,None,29,35,64,81,82,45,74,75,73,74,65,92,76,54,82,93,89,67,62,76,77,75,72,65,73,74,14,11,10,14,10,28000000
PS445,England,173,66,28,Southampton ,81,74,None,65,74,76,75,68,67,82,79,90,85,84,66,91,64,76,54,75,65,57,81,70,79,93,94,77,51,15,12,12,10,15,27500000
PS446,Italy,183,83,30,Napoli FC ,77,76,None,75,80,75,80,70,79,66,77,78,77,71,85,90,76,78,85,78,83,71,72,64,69,69,69,59,60,10,8,10,8,7,27500000
PS447,Brazil,183,77,23,Brazil ,23,17,None,17,18,20,76,11,18,70,48,13,29,18,35,44,85,55,34,36,70,14,64,15,19,16,21,15,19,77,79,87,85,81,27000000
PS448,Spain,173,66,25,Chelsea ,80,81,None,77,80,76,82,77,77,78,77,81,79,79,78,88,66,83,74,78,77,57,73,68,65,78,57,59,55,10,13,7,9,11,27000000
PS449,Ivory Coast,191,77,25,PSV ,75,76,None,79,82,76,77,68,84,74,84,65,79,76,69,85,91,72,64,64,75,71,81,61,64,64,62,64,62,6,7,13,11,7,26500000
PS450,Germany,191,86,23,Borussia Dortmund ,71,72,None,80,86,81,81,56,82,67,76,48,74,79,77,73,82,66,76,68,78,84,75,49,60,49,35,38,51,14,8,10,8,13,26500000
PS451,France,194,95,24,Liverpool ,69,67,None,79,85,80,75,37,82,51,74,38,75,69,68,65,87,54,85,60,75,79,45,29,31,32,27,41,28,9,9,7,9,15,26000000
PS452,Italy,171,67,30,Napoli FC ,84,83,None,29,29,63,81,76,38,77,79,80,79,76,84,77,41,88,82,89,50,40,78,76,82,79,77,70,75,8,11,12,6,11,26000000
PS453,Germany,176,73,31,M'gladbach ,80,79,None,57,57,70,83,82,75,81,81,80,81,81,75,86,66,78,72,79,61,48,74,79,74,77,71,71,69,10,6,6,10,10,25500000
PS454,Portugal,179,73,30,SL Benfica ,84,83,None,65,74,65,81,74,74,82,86,82,85,79,71,85,65,78,69,80,62,55,78,68,74,77,67,84,69,8,6,15,8,8,25500000
PS455,France,186,81,27,FC Bayern München ,75,68,None,81,86,74,81,58,82,66,77,74,77,74,68,78,78,66,68,66,86,84,75,44,59,63,51,51,73,7,9,7,15,15,25500000
PS456,Colombia,179,79,32,Bergamo Calcio ,83,88,None,22,24,50,84,83,16,78,82,71,80,55,87,73,72,85,89,85,60,69,81,84,84,79,78,89,78,14,8,10,10,6,25500000
PS457,Germany,174,85,31,AS Monaco ,80,80,None,38,50,80,83,85,45,81,84,78,80,74,70,85,86,79,69,73,76,76,87,83,84,79,80,72,85,7,8,7,9,12,25500000
PS458,Cameroon,194,90,32,Liverpool ,74,74,None,80,86,82,84,48,84,72,79,54,78,74,53,67,81,42,69,55,78,84,66,36,48,63,23,42,50,7,11,15,10,10,25000000
PS459,Uruguay,166,60,27,Galatasaray ,80,77,None,76,80,87,80,68,80,74,82,71,82,76,77,90,68,89,68,87,51,59,80,68,74,70,72,48,65,7,5,5,13,9,25000000
PS460,Brazil,185,80,31,Brazil ,70,56,None,82,87,88,85,38,84,42,71,40,74,61,80,77,76,57,76,76,73,83,53,38,41,45,49,56,44,15,16,15,13,10,25000000
PS461,Brazil,178,75,22,Arsenal ,82,88,None,43,44,80,79,78,37,75,75,74,74,52,89,78,63,80,87,86,55,72,77,80,65,72,65,60,70,6,10,6,7,6,25000000
PS462,Jamaica,178,77,26,Aston Villa ,81,84,None,18,25,55,78,79,21,77,75,73,72,65,93,63,61,84,92,85,76,57,79,78,77,79,79,71,73,15,12,13,6,14,24500000
PS463,Colombia,172,60,24,Leeds United ,83,87,None,47,48,56,77,75,50,77,77,68,78,67,92,77,57,87,87,93,89,69,72,77,72,64,48,55,74,13,15,13,9,9,24500000
PS464,England,180,66,25,Leicester City ,81,80,None,40,43,53,81,81,43,77,77,75,76,69,83,74,66,79,84,78,59,46,80,77,78,76,69,54,68,8,6,5,11,10,24500000
PS465,England,175,70,26,West Ham ,81,82,None,36,40,57,79,80,37,75,77,79,76,67,79,79,63,83,77,79,65,64,74,80,76,71,70,70,69,10,14,8,14,7,23500000
PS466,France,184,76,27,Manchester Utd ,84,87,None,31,33,54,78,78,34,77,82,73,78,60,82,58,74,79,80,79,72,70,83,79,74,84,54,80,76,15,9,8,8,11,23500000
PS467,Spain,192,79,28,Real Sociedad ,26,19,None,18,17,34,76,11,20,35,55,12,36,29,40,42,73,40,46,69,66,13,59,13,11,14,17,24,15,85,83,76,79,84,23500000
PS468,England,194,81,33,Roma ,65,59,None,85,86,84,83,51,84,56,85,52,65,64,52,74,85,43,71,54,80,86,42,54,35,49,22,52,49,15,10,15,16,15,23500000
PS469,Spain,184,74,29,Sevilla FC ,81,76,None,59,76,80,77,72,73,83,77,70,83,83,55,79,75,57,62,66,53,47,80,73,77,83,81,69,59,12,13,12,13,9,22500000
PS470,Germany,184,74,29,VfL Wolfsburg ,82,78,None,74,80,77,82,76,80,78,79,69,81,83,63,81,73,67,66,68,61,58,88,75,87,83,81,59,84,10,11,9,11,10,22500000
PS471,Portugal,177,72,28,Sporting CP ,80,81,None,50,61,74,79,81,70,76,75,79,76,73,84,84,60,72,82,81,57,59,86,77,81,79,72,71,84,9,14,7,8,15,22500000
PS472,Brazil,172,68,31,Brazil ,72,77,None,69,72,69,82,69,74,64,74,81,81,71,92,91,73,78,93,81,75,66,73,59,73,70,66,65,64,10,12,15,9,14,22000000
PS473,Portugal,184,76,24,Manchester Utd ,78,81,None,77,77,81,79,77,76,78,78,78,80,73,79,83,76,71,86,77,86,74,79,52,68,80,52,47,44,6,10,6,10,8,22000000
PS474,England,185,77,25,Arsenal ,77,74,None,80,83,78,82,41,83,69,80,58,82,80,71,78,77,58,73,63,79,74,50,22,25,45,20,24,21,5,8,11,12,6,22000000
PS475,France,185,74,24,AS Monaco ,79,77,,76,80,78,79,74,78,77,76,66,80,78,68,83,77,75,73,70,59,61,76,64,69,66,56,64,46,5,12,7,12,9,21500000
PS476,Argentina,170,71,23,Manchester City ,84,82,None,46,53,84,78,82,46,78,82,75,76,74,81,79,70,87,77,87,69,68,84,82,80,80,74,73,75,15,6,10,8,6,21000000
PS477,Argentina,180,75,29,Juventus ,85,81,None,79,77,87,76,64,76,86,84,77,85,85,67,75,77,75,67,69,65,56,86,52,76,83,78,64,71,9,9,14,6,10,21000000
PS478,Italy,172,69,23,Napoli FC ,83,80,None,21,23,59,78,81,18,76,77,54,78,58,85,65,54,86,77,77,60,69,77,80,75,69,60,76,76,7,13,14,7,9,21000000
PS479,France,181,83,23,Stade Rennais FC ,80,82,None,32,41,61,77,82,44,76,78,76,79,69,81,72,71,72,75,76,69,68,81,81,82,78,76,78,78,9,6,12,8,7,21000000
PS480,Germany,186,86,29,Borussia Dortmund ,78,81,None,84,84,94,81,72,81,76,80,64,81,82,67,86,86,75,88,72,87,81,85,74,78,77,64,68,71,13,14,8,8,11,21000000
PS481,Brazil,176,73,23,Brazil ,81,82,None,19,20,43,85,82,20,75,73,42,74,56,86,79,63,73,80,82,87,76,75,81,82,79,60,74,76,10,9,12,8,9,21000000
PS482,Spain,182,77,32,Athletic Club ,74,48,None,84,82,86,81,52,83,55,70,53,75,83,70,69,82,60,71,67,91,81,81,42,74,72,55,39,37,13,12,16,11,11,21000000
PS483,Spain,172,70,28,RC Celta ,84,86,None,82,83,82,74,64,70,60,68,81,81,72,76,76,64,76,79,75,66,80,66,50,56,72,70,48,51,6,14,14,10,8,20500000
PS484,Sweden,177,76,31,RB Leipzig ,84,82,None,20,27,61,83,77,44,83,80,81,85,77,69,69,59,82,60,78,53,44,71,74,72,79,75,77,65,15,13,7,9,11,20500000
PS485,England,180,66,31,Newcastle Utd ,79,77,None,27,40,74,81,84,40,70,80,61,72,62,78,69,79,72,81,73,70,78,78,84,68,63,45,83,71,10,10,15,8,6,20500000
PS486,Algeria,181,83,31,FC Nantes ,74,76,None,25,37,80,75,81,27,75,78,71,74,64,79,78,85,72,84,71,78,82,89,81,77,69,69,72,82,8,10,14,10,11,20500000
PS487,Uruguay,175,74,27,Getafe CF ,79,72,None,80,81,83,77,60,79,74,65,63,79,78,63,78,77,75,59,59,53,62,83,55,77,69,70,50,43,15,7,13,13,7,20500000
PS488,Brazil,169,62,30,Manchester Utd ,80,80,None,70,81,85,87,75,83,76,76,73,83,80,78,94,52,88,74,89,82,56,79,63,68,78,74,64,62,11,7,16,15,15,20500000
PS489,Argentina,175,70,25,Atlético de Madrid ,77,76,None,72,75,74,79,77,73,75,72,79,77,69,84,86,61,76,86,81,75,60,70,67,67,68,44,45,62,5,12,13,8,10,20000000
PS490,Portugal,176,70,26,Paris SG ,81,82,None,65,74,84,80,74,75,79,83,72,81,79,85,86,83,90,82,84,84,61,89,66,78,69,68,68,68,13,5,12,6,14,20000000
PS491,Switzerland,181,80,31,Nott'm Forest ,80,78,None,73,79,72,83,78,79,79,83,63,81,80,65,89,69,64,67,68,55,41,73,68,75,60,70,61,68,14,12,8,9,13,20000000
PS492,Spain,191,86,26,Sevilla FC ,75,70,None,35,43,69,74,80,39,64,70,69,74,52,75,73,85,65,83,62,78,83,82,80,75,64,60,75,78,10,12,11,15,6,20000000
PS493,Morocco,190,76,27,West Ham ,75,58,None,78,83,77,80,52,81,60,73,48,76,72,65,70,76,56,79,58,89,81,69,40,54,55,41,48,41,14,7,15,9,6,20000000
PS494,Croatia,187,79,28,Dinamo Zagreb ,28,19,None,21,20,26,79,11,21,60,64,13,50,60,57,32,75,30,54,65,61,13,53,12,9,12,11,15,10,79,80,76,71,87,20000000
PS495,France,183,79,27,OL ,74,73,None,16,14,75,80,84,22,69,76,50,74,50,69,74,83,62,75,65,84,84,81,82,65,69,58,79,77,10,7,13,11,8,20000000
PS496,France,176,71,20,OL ,73,67,None,70,71,69,70,55,70,65,66,55,77,74,73,78,65,77,72,79,69,53,58,37,41,61,43,46,43,6,6,13,14,7,2900000
PS497,Austria,187,86,30,AEK Athens ,16,12,None,15,14,25,67,10,22,41,23,16,22,17,40,31,69,55,45,66,73,19,47,8,14,12,19,20,11,74,75,73,62,77,2900000
PS498,France,175,62,27,KV Oostende ,71,66,None,73,73,78,66,59,72,72,68,76,74,75,71,81,66,80,60,83,55,48,74,52,72,76,77,55,59,7,12,5,10,6,2900000
PS499,Germany,184,80,32,SC Freiburg ,60,52,None,74,75,69,73,39,76,42,70,47,61,55,63,64,76,65,74,55,81,75,50,36,34,45,30,44,54,16,10,10,6,15,2900000
PS500,Belgium,188,84,32,Club Brugge ,60,53,None,75,75,77,64,39,74,38,66,46,69,63,65,62,85,63,68,64,70,76,55,20,25,34,13,17,44,13,11,8,13,8,2900000
PS501,Greece,190,88,30,AEK Athens ,14,8,None,11,11,40,65,10,11,41,45,10,23,15,25,22,67,31,38,55,70,10,53,9,7,10,13,10,6,73,73,73,70,76,2900000
PS502,Venezuela,176,69,29,Philadelphia ,75,70,None,69,72,84,60,32,70,62,59,47,71,65,71,82,79,73,73,71,72,60,59,45,29,37,32,44,34,7,9,15,7,8,2900000
PS503,Brazil,191,90,27,Atlético Mineiro ,53,42,None,76,74,83,70,46,74,52,57,57,71,70,48,87,86,36,56,44,57,51,55,32,45,23,50,55,22,9,16,9,8,7,2900000
PS504,Brazil,187,74,26,Arouca ,60,55,None,71,75,71,72,35,75,40,53,49,66,67,55,71,70,56,54,51,73,75,62,50,46,39,41,71,40,14,7,7,10,9,2900000
PS505,Spain,181,78,32,Elche CF ,66,55,None,72,77,82,69,61,72,45,67,68,76,69,63,61,72,64,62,62,78,73,62,49,47,46,43,48,44,13,15,14,9,11,2900000
PS506,Brazil,180,79,33,Konyaspor ,70,72,None,67,69,60,69,60,68,68,65,74,71,66,81,86,78,75,82,79,80,52,66,58,68,70,74,71,47,8,9,7,11,7,2900000
PS507,Hungary,178,70,28,Pisa ,74,71,None,68,70,65,73,64,77,66,74,69,75,71,69,76,55,80,68,80,58,54,58,48,58,69,62,58,68,10,10,7,6,14,2900000
PS508,United States,188,84,26,Atlanta United ,68,66,None,70,73,76,74,51,70,58,67,26,72,66,84,78,79,39,82,74,84,64,49,29,27,29,22,41,36,5,13,7,9,5,2900000
PS509,Sweden,188,87,30,Al Fateh ,30,16,None,16,14,27,69,14,15,68,66,15,40,39,46,35,68,33,47,47,57,16,56,15,15,17,15,26,14,72,73,72,74,75,2900000
PS510,Croatia,185,83,27,Al Ain FC ,65,62,None,72,74,76,68,49,74,39,66,62,67,63,73,67,77,65,67,67,78,74,65,51,39,45,30,44,43,10,15,13,10,12,2900000
PS511,Portugal,183,83,31,FC Porto ,20,16,,13,17,27,70,10,21,55,44,10,25,23,55,44,75,65,54,62,72,21,48,14,16,15,13,13,10,72,78,73,64,74,2800000
PS512,Greece,186,76,24,FC Utrecht ,71,72,None,27,28,57,68,74,38,56,66,58,67,62,83,76,73,63,79,74,81,69,70,72,63,54,47,69,64,13,9,11,12,8,2800000
PS513,Spain,171,62,35,RCD Mallorca ,76,70,None,74,73,83,75,66,77,57,69,75,75,67,71,69,63,77,70,70,69,69,75,57,64,67,59,56,38,10,10,11,16,14,2800000
PS514,Uruguay,172,62,23,New York City FC ,73,74,None,31,42,41,70,71,42,72,70,66,72,62,81,75,45,68,73,87,52,36,60,68,60,57,53,56,51,10,11,8,6,12,2800000
PS515,Netherlands,188,83,23,Royal Antwerp FC ,75,74,None,55,61,66,71,76,57,75,72,62,74,70,68,75,73,57,50,68,69,66,69,69,68,71,63,55,58,14,13,6,12,6,2800000
PS516,Argentina,190,78,22,Boca Juniors ,73,66,None,16,17,55,70,77,22,65,73,52,69,60,70,77,73,65,70,73,76,76,72,73,69,60,47,68,52,6,12,5,5,8,2800000
PS517,Senegal,188,74,22,Angers SCO ,69,69,None,40,38,62,70,75,35,68,72,64,63,55,86,80,69,61,88,70,78,75,74,72,71,61,51,61,74,7,9,8,8,12,2800000
PS518,Paraguay,174,75,33,Olimpia ,70,70,None,65,70,87,68,68,75,68,72,59,72,69,67,86,81,79,78,84,74,60,82,60,77,61,78,65,52,10,12,15,16,12,2800000
PS519,Italy,201,78,22,Ajax ,71,68,None,18,31,73,68,73,25,54,67,57,64,55,55,65,90,30,74,33,55,72,85,69,67,56,66,68,62,5,11,12,10,12,2800000
PS520,Sweden,185,81,28,Celtic ,69,68,None,71,74,77,68,32,74,52,69,27,72,64,70,75,75,66,75,63,78,73,52,25,23,33,24,39,26,7,8,15,13,8,2800000
PS521,Netherlands,170,62,24,Stade de Reims ,71,74,None,23,21,54,67,69,23,67,65,69,67,53,87,71,49,77,86,84,51,34,65,66,68,74,54,60,69,11,7,14,13,11,2800000
PS522,Colombia,173,71,29,RC Lens ,71,73,None,67,67,71,62,60,65,63,66,72,69,61,82,78,68,78,85,75,82,63,57,57,51,48,32,57,43,12,13,12,8,11,2800000
PS523,Argentina,193,85,28,Huracán ,60,44,None,72,76,75,74,17,73,45,56,29,65,69,45,75,90,37,49,34,50,73,36,23,24,26,24,26,21,15,14,9,8,12,2800000
PS524,Uruguay,177,75,22,Sassuolo ,73,64,None,30,33,50,70,73,31,61,68,48,69,59,72,69,74,74,69,70,80,75,73,73,69,68,54,71,78,14,15,7,10,10,2800000
PS525,Brazil,167,65,22,Portimonense SC ,74,74,None,32,37,42,66,66,24,77,71,77,73,70,79,63,39,90,73,91,56,30,67,60,56,64,65,60,60,6,6,8,15,6,2800000
PS526,Turkey,173,65,23,Galatasaray ,75,78,None,19,22,30,65,66,30,68,62,59,67,61,86,73,52,84,84,88,63,53,71,63,70,69,58,67,58,7,6,9,8,7,2800000
PS527,Argentina,177,73,29,Argentinos Jrs. ,71,70,None,73,74,79,70,69,77,65,70,75,68,65,81,69,76,68,80,76,82,65,70,50,66,50,59,42,60,13,8,10,14,15,2800000
PS528,Spain,195,90,33,Leeds United ,25,18,None,14,11,23,68,13,22,41,54,12,15,26,47,25,72,39,55,50,56,12,54,11,11,11,20,15,13,73,76,73,72,77,2800000
PS529,Argentina,181,74,36,Racing Club ,65,58,None,76,77,80,75,55,77,58,66,41,74,68,67,63,80,63,65,60,88,79,69,50,37,31,35,64,31,15,11,8,10,13,2800000
PS530,Netherlands,188,78,33,Alanyaspor ,75,70,None,71,72,78,70,65,67,72,74,68,77,75,61,78,83,50,67,63,80,74,75,60,68,49,53,70,66,16,9,8,14,14,2800000
PS531,Belgium,170,65,24,RSC Anderlecht ,70,72,None,46,41,51,68,68,28,62,61,63,68,66,91,73,53,86,90,93,90,32,68,62,62,63,62,58,61,12,10,13,10,12,2800000
PS532,Romania,177,71,25,Romania ,73,70,,61,64,82,70,68,60,72,72,70,73,71,81,92,73,84,84,83,76,63,79,68,72,74,72,65,63,12,12,10,7,15,2700000
PS533,Senegal,185,71,29,Rayo Vallecano ,67,60,,72,74,80,69,64,72,60,61,48,73,68,65,88,84,58,62,58,83,76,71,55,51,33,30,40,32,14,13,5,11,13,2700000
PS534,Ghana,193,91,26,Hull City ,72,73,None,27,24,67,66,73,24,65,64,54,69,52,76,68,90,54,82,66,65,74,71,71,60,53,41,63,61,10,10,9,6,12,2700000
PS535,Poland,182,77,31,Napoli FC ,70,68,None,68,69,71,68,60,67,60,69,67,68,62,79,84,68,72,85,73,69,60,64,50,60,60,50,50,56,7,9,8,16,15,2700000
PS536,Germany,192,83,35,FC Schalke 04 ,72,64,None,19,42,74,79,80,23,59,75,50,65,40,52,67,86,58,62,52,75,81,80,81,68,38,44,69,77,16,8,9,15,8,2700000
PS537,Ghana,187,79,24,Rio Ave FC ,68,67,None,15,12,40,71,75,19,60,61,43,61,45,84,69,81,63,86,72,74,69,69,76,64,51,45,72,62,15,11,8,15,10,2700000
PS538,Nigeria,181,79,26,Cremonese ,70,79,None,15,17,48,70,74,17,64,68,43,68,33,85,73,69,68,88,86,91,68,70,73,56,40,31,62,56,8,11,14,9,8,2700000
PS539,Turkey,188,89,25,Ettifaq FC ,71,68,None,65,71,72,69,65,71,69,70,63,74,76,74,85,72,66,68,71,70,68,72,52,68,66,49,49,58,8,13,15,9,7,2700000
PS540,France,173,79,34,Shenzhen FC ,78,74,None,34,52,75,76,77,33,74,76,65,72,67,80,67,61,81,80,83,68,53,83,75,80,77,76,73,75,16,11,12,9,9,2700000
PS541,Norway,186,79,24,Roma ,72,72,None,28,32,58,63,70,44,66,66,67,68,60,84,83,66,71,86,82,57,40,68,70,65,66,48,61,51,7,9,12,13,11,2700000
PS542,Austria,182,74,25,SK Rapid Wien ,74,76,None,21,22,32,63,65,21,66,63,64,65,60,84,86,71,67,87,77,63,52,74,70,72,68,73,66,61,10,7,9,11,9,2700000
PS543,Brazil,177,78,24,Norwich ,76,73,None,50,59,70,65,72,45,72,67,64,71,70,73,65,77,76,81,67,71,68,84,67,72,70,68,50,62,6,14,14,10,9,2700000
PS544,Belgium,185,81,26,N.E.C. Nijmegen ,69,68,None,30,38,76,67,74,30,67,69,62,70,58,77,71,83,67,76,71,76,73,78,70,63,45,38,75,66,5,12,15,12,10,2700000
PS545,Brazil,173,68,25,Sporting CP ,72,76,None,15,23,34,70,72,17,74,67,69,65,64,79,62,47,65,77,73,50,59,64,69,60,59,56,68,61,10,6,13,6,7,2700000
PS546,France,181,74,24,Sampdoria ,78,76,None,54,61,57,69,63,48,75,62,76,75,78,79,63,64,75,63,83,61,49,77,59,74,83,74,61,63,8,9,14,11,15,2700000
PS547,Italy,184,73,34,Genoa ,75,71,None,16,17,51,73,79,26,60,75,48,65,42,66,58,73,66,55,59,61,75,77,79,70,71,66,63,63,11,15,10,7,16,2700000
PS548,France,185,76,26,FC Augsburg ,74,73,None,20,17,28,69,75,24,72,67,56,73,58,72,69,70,62,69,69,79,63,78,73,68,68,58,69,77,13,9,11,6,13,2700000
PS549,Nigeria,177,78,26,Watford ,72,77,None,27,32,57,66,67,31,68,69,71,67,60,87,66,47,81,84,81,85,62,66,65,64,72,71,52,49,10,11,13,6,12,2700000
PS550,Spain,178,73,34,R. Valladolid CF ,73,75,None,21,33,66,71,75,35,70,78,61,71,57,76,69,71,72,74,77,77,73,76,75,73,75,64,74,75,13,6,8,11,10,2700000
PS551,Brazil,170,67,27,Ceará SC ,75,75,None,30,32,41,74,68,43,76,79,59,75,60,68,68,49,86,64,75,46,47,60,72,63,68,64,73,69,11,10,11,12,13,2600000
PS552,Brazil,182,81,34,Al Fateh ,75,72,None,74,74,90,75,67,76,73,79,61,75,74,66,90,77,69,63,69,71,68,75,66,66,58,60,55,56,10,16,13,9,14,2600000
PS553,France,178,76,26,KV Oostende ,73,78,None,29,21,34,64,71,20,57,62,66,66,54,81,66,80,76,83,72,91,66,77,74,66,56,41,71,50,11,9,11,16,7,2600000
PS554,France,180,85,25,Montpellier ,25,18,None,21,17,30,67,12,25,25,48,14,38,33,52,42,65,61,55,35,65,19,54,15,19,20,14,18,19,72,73,69,72,75,2600000
PS555,Uruguay,175,68,27,Boca Juniors ,73,70,None,19,28,57,71,76,15,47,75,26,70,47,74,75,70,77,73,72,72,71,73,74,67,46,54,60,64,9,8,14,11,5,2600000
PS556,Zambia,178,72,26,Rangers ,69,73,None,28,29,54,69,70,35,62,59,60,64,51,93,81,61,73,89,86,88,64,74,71,69,58,55,60,56,11,12,7,11,13,2600000
PS557,Argentina,176,70,20,Southampton ,74,80,None,43,45,77,65,70,43,64,67,59,71,64,87,70,59,82,77,84,74,65,72,67,67,70,72,66,55,6,12,9,14,7,2600000
PS558,Nigeria,178,75,27,Beijing Guoan ,73,74,None,23,44,64,65,72,26,66,71,61,62,55,91,77,75,91,90,91,90,69,69,70,68,61,63,60,62,7,15,6,15,12,2600000
PS559,Brazil,175,74,26,Al Fayha ,76,78,None,68,72,87,72,68,70,71,74,59,70,66,79,87,58,83,75,78,57,43,70,63,61,69,50,52,62,5,10,12,6,11,2600000
PS560,Germany,194,85,28,Heidenheim ,66,61,None,22,29,61,69,77,28,55,69,50,63,53,58,89,86,45,75,51,70,76,76,76,69,54,48,68,69,7,7,8,12,14,2600000
PS561,Italy,181,74,26,La Spezia ,73,72,None,72,73,61,73,72,69,70,71,71,74,71,67,77,68,67,68,68,59,64,65,52,65,73,61,52,45,8,13,12,13,11,2600000
PS562,Republic of Ireland,191,82,24,AFC Bournemouth ,19,13,None,14,15,23,69,11,13,47,47,16,50,44,41,30,60,47,38,39,63,15,53,14,13,14,14,18,13,73,73,69,70,76,2600000
PS563,Germany,177,78,33,Union Berlin ,74,74,None,22,31,68,74,75,32,64,67,67,72,54,76,78,72,74,72,76,73,54,78,76,69,72,59,63,74,7,11,11,11,11,2600000
PS564,Croatia,173,68,27,Raków ,72,70,None,65,67,73,67,63,66,65,70,71,64,63,91,88,67,84,85,81,81,63,63,60,57,68,45,64,51,5,11,6,14,10,2600000
PS565,Brazil,168,60,21,Girona FC ,75,76,None,65,66,66,65,62,65,57,58,74,71,65,83,77,48,83,82,84,74,51,64,55,53,67,43,55,45,8,9,6,13,11,2600000
PS566,Portugal,183,80,29,Levante UD ,68,59,None,73,74,75,70,45,73,54,70,64,73,68,70,69,78,68,73,67,79,70,59,53,55,57,36,50,51,9,11,6,12,14,2600000
PS567,Spain,177,74,26,Elche CF ,72,66,None,64,66,67,76,65,71,72,69,58,75,73,67,87,79,74,65,66,58,60,76,67,64,66,64,53,58,11,8,15,12,11,2600000
PS568,Argentina,171,70,26,Panathinaikos ,74,75,None,59,63,73,73,67,59,66,64,70,69,66,80,76,61,79,76,80,72,55,72,64,65,70,68,65,61,12,6,13,13,13,2600000
PS569,Portugal,189,82,25,Estoril Praia ,18,14,None,11,15,22,73,9,15,45,36,12,24,22,26,24,70,32,29,36,40,14,51,8,8,12,14,15,8,71,72,69,68,75,2600000
PS570,Brazil,179,77,31,RB Bragantino ,61,56,None,72,73,82,66,51,77,66,62,67,72,71,71,78,70,66,72,66,53,67,63,41,52,61,71,72,52,7,10,9,13,8,2600000
PS571,Senegal,180,76,32,Adana Demirspor ,73,75,,71,73,77,76,66,74,72,77,59,74,69,83,84,77,75,84,82,75,55,80,63,73,70,63,65,65,7,7,12,11,10,2500000
PS572,Turkey,185,85,31,Hertha Berlin ,71,67,,67,70,72,69,69,73,69,72,62,72,76,65,87,76,58,70,66,74,68,76,60,68,74,67,71,59,9,12,11,11,12,2500000
PS573,France,181,70,26,AS Saint-Étienne ,24,22,None,12,20,25,69,17,17,25,52,18,32,30,51,38,59,65,53,60,70,14,54,19,12,15,11,21,20,72,72,71,72,74,2500000
PS574,Turkey,174,68,29,MKE Ankaragücü ,71,75,None,43,57,52,71,68,61,68,69,64,69,65,78,81,51,78,68,86,38,38,72,67,75,68,50,67,49,14,15,6,11,14,2500000
PS575,Brazil,182,74,28,Santa Clara ,75,77,None,50,47,55,67,64,47,66,68,68,68,64,80,72,61,66,81,80,62,53,63,68,65,59,49,60,45,13,8,14,9,14,2500000
PS576,Italy,189,82,31,Sassuolo ,62,38,None,73,75,76,72,24,76,23,69,16,62,61,55,75,79,44,45,47,77,72,36,30,18,18,24,30,15,10,9,16,6,9,2500000
PS577,England,182,72,28,Stoke City ,75,69,None,64,67,72,70,65,67,72,71,70,73,73,67,76,69,73,66,72,62,58,77,67,74,74,76,78,71,8,8,15,12,6,2500000
PS578,France,179,71,32,AJ Auxerre ,72,75,None,40,49,55,70,75,53,73,64,75,77,76,62,54,62,78,64,72,67,48,76,72,65,63,70,62,64,10,10,6,13,12,2500000
PS579,Brazil,189,91,39,OGC Nice ,77,61,None,76,79,76,75,41,79,64,79,58,77,77,32,68,85,59,32,43,65,78,62,47,53,51,55,60,48,6,14,8,10,13,2500000
PS580,Germany,185,82,28,Union Berlin ,77,68,None,66,67,69,73,59,69,73,73,64,75,71,64,83,75,65,55,69,72,66,65,56,63,52,43,48,51,15,14,11,6,8,2500000
PS581,Argentina,172,74,24,Racing Club ,69,70,None,65,70,69,69,72,67,70,69,71,67,66,79,79,66,74,78,76,66,55,67,50,55,52,41,47,30,8,11,11,12,14,2500000
PS582,Peru,178,69,33,Cagliari ,74,72,None,18,15,81,74,78,19,60,70,50,67,43,73,64,61,80,78,80,80,72,74,76,61,68,69,71,75,11,9,15,15,12,2500000
PS583,Netherlands,193,90,26,PSV ,40,25,None,19,20,22,65,10,10,53,65,12,44,39,50,43,70,49,52,62,75,21,58,13,16,21,21,32,12,71,74,72,77,75,2500000
PS584,Brazil,170,70,29,Changchun Yatai ,72,75,None,21,16,26,69,73,17,65,62,62,71,62,89,74,59,83,83,89,81,64,72,72,70,56,63,66,71,9,14,9,13,11,2500000
PS585,Poland,192,83,26,ESTAC Troyes ,12,13,None,11,10,19,56,6,8,45,50,10,22,16,27,26,70,35,27,37,33,12,50,9,9,11,11,16,8,75,74,72,67,75,2500000
PS586,Turkey,174,70,29,Fenerbahçe ,73,73,None,61,67,78,73,73,63,68,69,74,74,72,69,83,66,75,67,74,50,47,77,65,75,76,64,66,66,6,11,5,9,13,2500000
PS587,Colombia,181,74,28,R. Sporting ,71,73,None,25,30,45,63,71,35,68,72,64,65,63,90,76,80,73,91,85,80,64,87,69,74,53,75,61,64,12,14,8,15,10,2500000
PS588,France,181,75,33,Montpellier ,75,70,None,18,24,61,74,77,44,71,69,69,74,64,63,72,61,69,66,76,84,75,74,73,71,69,69,75,73,9,14,7,11,14,2500000
PS589,Brazil,185,82,31,Flamengo ,71,62,None,65,72,74,66,56,74,56,73,69,74,69,58,86,78,46,61,59,52,65,81,53,75,66,71,74,53,9,10,9,13,9,2500000
PS590,Senegal,184,75,24,AS Monaco ,72,75,None,67,67,65,68,64,66,56,66,68,68,49,86,77,66,67,84,72,49,56,65,64,44,54,30,55,41,7,15,8,10,11,2500000
PS591,Sierra Leone,191,76,31,Wigan Athletic ,63,40,None,70,74,70,66,25,69,48,75,45,67,65,54,77,88,51,56,63,76,73,42,28,23,59,25,50,17,7,14,15,7,15,2500000
PS592,Colombia,182,78,31,Sampdoria ,63,58,None,71,72,86,70,45,73,58,74,56,70,65,67,65,78,67,68,73,88,72,68,37,13,38,26,46,54,11,14,13,8,14,2500000
PS593,Japan,178,72,32,VfB Stuttgart ,76,77,None,42,46,39,71,64,37,73,70,65,74,66,76,87,41,84,64,87,65,51,57,67,68,72,54,56,56,11,16,11,11,7,2500000
PS594,Portugal,180,75,28,FC Famalicão ,75,76,None,45,47,67,70,71,39,75,65,73,67,58,78,63,61,70,72,83,82,48,76,66,73,75,64,70,66,11,8,7,16,13,2500000
PS595,Argentina,178,75,24,River Plate ,68,76,None,70,72,77,71,77,67,60,75,65,65,57,79,75,65,69,81,77,62,62,70,60,60,44,47,49,44,14,11,14,10,12,2500000
PS596,Italy,181,74,28,Ternana ,70,65,None,35,40,50,72,70,45,78,67,64,71,67,80,80,66,73,88,71,41,67,63,68,72,73,58,62,62,15,11,9,15,7,2500000
PS597,Argentina,185,89,31,River Plate ,70,65,None,72,70,85,69,60,71,59,70,42,72,74,67,78,80,57,73,63,78,72,59,42,49,55,39,49,42,12,14,8,8,13,2500000
PS598,France,175,71,22,UD Las Palmas ,76,73,None,70,71,72,68,63,67,75,69,43,77,73,64,80,57,82,67,71,63,58,69,51,71,67,69,58,39,6,14,9,5,15,2500000
PS599,North Macedonia,185,79,32,Dinamo Zagreb ,71,75,None,65,69,74,73,78,69,73,78,42,77,72,59,80,82,70,72,57,64,73,69,69,59,47,48,46,46,15,11,10,12,14,2500000
PS600,Belgium,182,77,28,OH Leuven ,74,69,None,62,67,69,72,74,67,68,67,67,73,70,69,79,63,69,76,67,74,65,73,72,71,55,53,53,61,13,8,10,15,8,2500000
PS601,Spain,186,80,26,Levante UD ,16,13,None,12,13,21,72,5,6,34,42,10,40,49,45,26,52,42,43,55,69,12,53,5,5,11,13,17,8,69,74,68,71,78,2500000
PS602,Argentina,191,90,28,Boca Juniors ,70,64,None,19,25,65,70,73,22,61,68,45,65,59,76,64,82,74,77,70,75,74,74,72,65,43,43,69,64,6,11,6,16,16,2500000
PS603,Spain,173,62,24,UD Almería ,72,74,None,68,72,39,68,65,62,63,55,71,71,64,76,74,33,83,74,88,65,67,70,69,69,59,54,58,64,12,10,13,7,15,2500000
PS604,Spain,177,62,23,Granada CF ,72,66,None,66,67,75,68,64,66,75,65,55,75,70,74,86,68,76,73,76,60,46,73,55,64,63,45,50,40,11,8,7,8,14,2500000
PS605,Norway,180,73,25,FK Bodø/Glimt ,71,73,None,66,67,63,68,64,67,57,67,66,67,61,81,90,67,74,80,73,71,58,56,53,47,56,32,42,46,12,9,13,10,9,2500000
PS606,Poland,182,71,25,FC Augsburg ,70,66,None,68,72,53,68,63,70,57,64,65,68,52,77,79,70,74,71,77,66,53,47,35,45,54,31,38,46,12,11,6,13,6,2500000
PS607,Paraguay,166,60,27,Whitecaps FC ,72,67,None,75,78,81,74,65,73,69,74,59,75,71,70,87,32,92,68,90,72,55,59,49,61,55,44,51,33,13,9,12,11,7,2500000
PS608,Ukraine,175,70,24,Shakhtar Donetsk ,66,74,None,70,68,68,64,65,65,66,70,75,75,59,79,74,74,84,75,77,78,67,70,43,55,68,65,46,39,12,8,13,8,14,2500000
PS609,Colombia,165,68,32,Portland Timbers ,76,74,None,57,61,57,70,70,46,70,71,60,70,64,90,80,70,91,90,92,90,53,68,67,62,45,38,62,72,10,13,6,7,6,2500000
PS610,Brazil,183,78,31,Santos ,67,61,None,68,72,76,71,43,75,64,69,55,72,71,60,77,73,59,61,65,73,61,68,46,58,59,45,54,49,8,15,15,18,7,2500000
PS611,Burkina Faso,180,72,22,OM ,66,67,None,72,67,76,76,62,62,58,54,65,67,60,87,74,67,72,90,79,83,55,42,22,26,46,29,24,22,14,10,8,9,13,2500000
PS612,Italy,187,76,27,Frosinone ,76,69,None,66,69,74,72,59,71,72,71,70,75,76,54,69,68,66,52,59,61,55,69,54,69,69,54,44,65,8,12,7,8,10,2500000
PS613,Denmark,175,72,28,KAA Gent ,73,73,None,62,64,73,71,72,61,76,75,71,70,66,75,78,67,73,68,73,83,49,73,67,68,67,69,54,62,9,9,15,14,9,2500000
PS614,Philippines,185,77,28,VfL Bochum ,68,71,None,50,59,34,71,69,58,67,60,67,65,62,93,72,66,72,95,79,46,47,72,62,66,64,44,60,61,12,8,8,10,8,2500000
PS615,Brazil,184,80,36,Antalyaspor ,77,76,None,23,28,38,69,79,24,74,71,62,72,50,74,64,72,69,68,73,87,76,76,75,70,72,58,72,80,9,16,10,10,12,2400000
PS616,Italy,172,65,29,Frosinone ,72,75,None,22,23,28,65,71,18,70,69,71,72,71,84,59,34,83,81,81,51,66,63,65,64,68,67,65,65,9,9,9,13,12,2400000
PS617,Spain,188,82,29,UD Las Palmas ,72,70,None,22,24,73,74,74,21,65,68,55,68,43,67,65,76,53,65,68,70,70,75,71,70,68,56,74,73,15,7,13,13,6,2400000
PS618,Ukraine,180,67,26,Dynamo Kyiv ,62,61,None,65,72,52,67,58,74,62,64,67,71,60,84,70,44,70,89,72,57,58,59,40,25,56,34,37,31,9,7,13,13,11,2400000
PS619,France,179,79,33,SC Freiburg ,75,76,None,71,68,77,73,64,70,69,72,81,75,69,68,70,76,79,67,73,65,56,77,56,68,84,84,62,62,10,15,7,7,8,2400000
PS620,Czech Republic,182,78,29,Slavia Praha ,72,68,None,24,22,74,71,75,26,56,69,69,62,54,72,86,72,64,77,73,72,70,72,74,69,51,56,65,68,7,9,9,10,6,2400000
PS621,Colombia,176,69,24,Al Batin ,70,64,None,70,71,71,69,55,70,71,62,67,74,71,74,73,70,74,69,73,62,52,66,63,62,62,61,62,55,13,11,11,15,7,2400000
PS622,Uruguay,187,81,23,Liverpool ,56,65,None,65,77,59,70,35,70,38,69,68,64,54,75,73,77,70,72,70,77,71,54,42,41,49,45,45,37,12,11,8,9,12,2400000
PS623,Argentina,183,78,30,Arouca ,77,78,None,41,43,59,62,70,40,72,76,77,76,73,53,63,72,69,55,70,51,70,78,70,78,75,77,69,69,13,7,7,16,16,2400000
PS624,Brazil,183,79,23,Atlético-GO ,64,60,None,72,79,68,62,38,65,36,62,58,59,40,64,66,79,54,68,60,72,73,48,24,25,38,35,34,24,16,9,7,9,9,2400000
PS625,Italy,175,68,29,Reggina ,76,77,None,50,50,61,68,68,44,68,70,71,68,59,82,61,34,81,80,80,33,42,63,61,62,53,53,67,60,5,13,11,12,6,2400000
PS626,France,180,75,25,Stade Brestois 29 ,73,72,None,67,71,80,68,59,69,70,71,53,73,74,54,70,76,83,51,60,63,50,68,41,49,59,41,46,38,10,10,14,15,12,2400000
PS627,Spain,174,69,29,SD Eibar ,70,69,None,48,50,51,63,62,41,82,66,79,78,76,65,56,65,88,54,84,40,40,88,71,84,84,89,73,60,15,15,14,12,8,2400000
PS628,Poland,190,81,35,FC Augsburg ,19,18,None,13,14,22,77,12,12,48,31,18,24,20,27,20,68,40,29,38,66,39,48,13,13,19,12,19,15,77,79,72,64,82,2400000
PS629,Brazil,187,75,36,Changchun Yatai ,76,70,None,34,33,74,64,74,23,57,62,51,66,58,73,75,86,56,81,62,57,73,76,83,57,68,55,69,74,16,13,7,6,9,2400000
PS630,Saudi Arabia,180,64,34,Al Hilal ,75,70,None,57,71,70,68,68,69,77,81,76,78,79,49,64,66,67,53,81,61,57,74,63,63,82,66,66,73,15,13,16,11,11,2400000
PS631,Italy,185,78,23,Milan ,60,53,None,74,77,73,69,23,72,41,59,41,58,50,56,79,69,51,55,55,74,74,54,22,41,47,28,42,34,14,11,5,12,14,2400000
PS632,Portugal,192,84,23,Portimonense SC ,64,55,None,68,70,67,79,32,76,36,70,64,65,62,59,76,79,43,67,48,80,66,58,30,47,59,53,43,39,9,12,15,5,9,2400000
PS633,Spain,180,73,22,Girona FC ,76,74,None,68,69,54,67,58,65,63,63,75,72,64,79,76,63,75,78,76,57,61,65,51,44,69,38,40,31,6,14,10,8,10,2400000
PS634,Spain,174,69,27,SD Eibar ,70,69,None,68,66,63,66,69,67,69,66,72,67,64,78,91,60,84,82,84,76,55,70,64,66,72,67,62,38,9,13,7,10,7,2400000
PS635,Italy,165,71,19,Leeds United ,76,79,None,19,21,59,65,67,25,61,74,58,70,64,88,66,67,85,85,86,64,62,72,70,67,52,46,63,58,10,11,9,10,13,2400000
PS636,Paraguay,189,93,27,Tigre ,14,11,None,13,13,26,69,7,13,68,35,13,15,20,25,26,46,42,25,36,82,14,53,7,7,10,14,17,6,73,74,71,70,74,2400000
PS637,Netherlands,186,78,33,Genoa ,78,67,None,64,75,80,67,69,75,70,74,68,76,71,42,75,76,66,49,57,49,68,77,58,75,71,69,72,60,6,7,12,11,7,2400000
PS638,Algeria,176,75,33,Karagümrük SK ,77,78,None,31,32,72,68,75,31,76,70,75,76,74,65,45,62,74,67,68,68,60,79,66,75,67,68,62,68,10,13,7,10,8,2400000
PS639,Portugal,173,63,29,Kayserispor ,71,80,None,33,34,55,65,65,49,68,73,65,66,60,90,62,37,90,90,90,66,64,77,63,66,81,47,65,72,9,16,14,10,11,2400000
PS640,United States,180,74,26,Nashville SC ,72,66,None,66,63,56,69,68,62,56,69,73,66,58,89,87,78,66,90,82,89,55,64,59,58,57,39,56,45,13,6,15,11,12,2400000
PS641,Denmark,180,70,29,Sparta Rotterdam ,77,78,None,40,44,42,69,63,54,75,71,65,71,67,76,77,63,67,71,87,40,44,63,58,57,72,72,64,62,16,11,9,15,9,2400000
PS642,Sweden,180,69,29,Watford ,73,74,None,59,66,64,68,70,64,72,62,72,71,64,76,67,70,73,79,72,49,37,77,64,68,67,72,44,61,16,7,11,10,7,2400000
PS643,Argentina,179,72,26,Independiente DV ,66,56,None,71,72,72,71,47,73,58,58,52,71,67,69,81,73,69,72,71,83,68,53,37,47,47,38,47,39,11,8,7,13,10,2300000
PS644,Brazil,180,75,27,Atlético Mineiro ,70,60,None,70,73,85,68,55,69,58,65,43,75,69,65,77,72,85,55,71,69,58,23,41,42,48,47,49,37,12,9,10,12,11,2300000
PS645,Sweden,184,81,30,Lech Poznań ,68,64,None,46,43,66,66,76,30,57,60,57,66,43,69,77,84,67,74,62,82,71,75,76,65,38,47,75,70,15,12,11,15,9,2300000
PS646,United States,187,88,26,ESTAC Troyes ,58,47,None,69,72,72,69,38,70,39,54,47,64,54,59,58,88,47,69,61,80,68,48,21,25,43,36,39,40,13,11,8,15,9,2300000
PS647,Argentina,177,77,26,Vélez Sarsfield ,75,65,None,68,70,81,73,55,63,73,69,52,76,73,69,71,80,82,65,67,70,58,59,54,57,56,42,49,53,8,11,7,10,14,2300000
PS648,Spain,179,78,32,R. Sporting ,70,72,None,45,51,60,68,68,56,70,73,74,71,70,76,66,73,76,79,78,33,44,69,69,70,81,78,59,63,13,11,16,13,9,2300000
PS649,Switzerland,183,82,27,BSC Young Boys ,68,70,None,69,69,64,65,57,65,45,52,73,70,61,80,83,79,71,78,74,66,56,44,40,44,60,31,34,28,12,8,13,11,14,2300000
PS650,Nigeria,189,77,26,Hajduk Split ,63,57,None,70,71,77,74,28,72,39,69,30,66,61,71,76,77,51,73,69,74,70,53,36,37,33,25,40,30,14,12,5,11,13,2300000
PS651,Uruguay,173,73,28,RCD Mallorca ,61,62,None,71,67,57,66,59,70,38,59,69,69,67,74,89,68,79,72,76,61,59,67,28,49,57,55,51,31,14,5,12,13,9,2300000
PS652,Kosovo,184,76,28,FC St. Pauli ,73,68,None,67,68,67,69,51,63,58,65,76,70,68,77,83,66,65,75,75,61,56,68,36,54,76,73,39,41,7,10,9,11,15,2300000
PS653,Spain,182,78,26,Cádiz CF ,68,59,None,71,73,73,68,25,74,45,63,30,70,65,62,68,74,72,76,66,81,71,48,40,27,34,33,51,33,8,15,12,11,8,2300000
PS654,Brazil,186,76,28,RB Salzburg ,68,67,None,71,72,70,70,62,68,58,69,63,66,56,69,74,73,69,74,68,81,65,72,38,68,58,60,43,53,14,15,12,13,12,2300000
PS655,Germany,179,76,30,Hamburger SV ,74,74,None,20,24,39,67,66,37,73,64,74,72,71,78,71,53,82,74,85,34,43,74,68,73,74,75,62,64,16,11,14,7,14,2300000
PS656,Argentina,175,68,27,Defensa ,71,70,None,65,64,68,65,69,72,62,68,68,73,62,79,82,63,75,78,78,73,65,59,50,45,51,47,49,43,9,15,14,13,7,2300000
PS657,Czech Republic,178,72,26,Jagiellonia ,73,74,None,65,67,75,70,67,69,71,74,67,75,71,77,78,66,78,72,82,74,61,69,59,66,63,60,61,64,12,12,14,14,5,2300000
PS658,France,183,79,28,Düsseldorf ,72,70,None,70,71,67,68,65,66,68,68,74,68,71,69,80,68,67,63,72,82,69,74,56,64,75,68,65,59,9,12,16,7,16,2300000
PS659,Republic of Ireland,173,72,27,Swansea City ,71,72,None,66,69,69,69,65,72,71,65,69,68,66,66,81,65,78,67,73,76,57,63,58,63,67,67,66,36,12,12,6,11,12,2300000
PS660,Spain,187,80,29,Levante UD ,64,66,None,65,68,62,64,60,71,48,69,66,70,68,72,89,82,61,89,72,85,66,83,62,75,59,52,55,45,9,15,14,14,11,2300000
PS661,Spain,178,73,36,Granada CF ,78,72,None,32,32,54,68,76,54,78,79,77,76,65,74,65,58,80,75,82,70,69,78,70,70,74,70,62,84,11,8,5,14,11,2300000
PS662,Nigeria,187,72,27,Empoli ,66,70,None,69,67,71,69,60,64,41,63,66,66,52,83,78,69,62,90,73,89,54,62,37,30,41,33,47,30,11,8,16,16,14,2300000
PS663,Brazil,183,80,27,Fortaleza ,67,61,None,72,73,65,67,59,66,51,63,67,72,71,66,73,75,58,71,71,54,66,48,45,46,53,45,61,51,12,8,8,7,8,2300000
PS664,Brazil,178,71,28,FC Midtjylland ,70,70,None,64,68,58,68,70,65,69,69,69,70,66,84,90,64,77,85,82,73,55,75,61,68,67,43,45,63,5,9,8,5,11,2300000
PS665,Netherlands,184,73,31,Slavia Praha ,73,69,None,29,28,70,69,74,34,66,73,62,66,50,79,74,73,72,77,69,81,70,69,72,72,60,60,59,67,11,12,9,12,13,2300000
PS666,Italy,179,68,30,Cremonese ,70,70,None,35,40,44,68,75,30,68,63,64,73,68,76,72,54,65,77,81,71,57,73,74,71,65,60,60,62,15,11,9,7,8,2300000
PS667,Canada,180,88,29,LAFC ,45,19,,17,17,34,78,7,20,55,60,19,34,46,50,33,69,40,48,43,67,14,53,17,14,16,14,23,19,70,72,70,70,75,2200000
PS668,Canada,180,88,29,LAFC ,45,19,None,17,17,34,78,7,20,55,60,19,34,46,50,33,69,40,48,43,67,14,53,17,14,16,14,23,19,70,72,70,70,75,2200000
PS669,Argentina,182,74,23,Platense ,70,70,None,55,50,57,65,70,42,70,70,65,75,67,72,74,60,67,74,76,57,53,65,61,63,45,49,50,50,9,7,7,8,9,2200000
PS670,Brazil,177,76,31,Cuiabá ,75,73,None,69,68,71,63,67,68,71,66,61,76,73,64,81,75,53,71,65,72,76,75,67,71,64,60,62,56,14,7,9,14,12,2200000
PS671,Spain,181,73,28,R. Oviedo ,65,62,None,70,72,71,69,46,74,55,69,64,68,65,71,68,79,63,78,66,80,71,56,42,44,45,59,50,31,14,10,15,10,6,2200000
PS672,Portugal,176,72,22,Estoril Praia ,70,76,None,29,36,44,68,66,19,74,68,63,68,63,86,79,50,71,84,80,43,28,67,63,61,54,42,57,62,8,12,13,14,15,2200000
PS673,Uruguay,170,74,25,Liverpool ,77,75,None,38,45,50,66,65,47,68,69,58,71,65,78,61,59,76,69,71,49,63,61,71,77,82,71,68,64,7,9,7,8,6,2200000
PS674,Scotland,178,77,29,Hearts ,70,72,None,69,74,69,69,61,69,68,68,70,71,68,59,75,73,72,66,69,87,72,61,57,67,73,75,46,35,14,11,6,8,12,2200000
PS675,Italy,187,85,27,Bologna ,62,49,None,74,80,73,68,35,73,48,69,34,64,52,52,46,73,64,52,48,73,66,49,30,30,41,34,44,36,14,8,8,7,6,2200000
PS676,Sweden,186,80,28,BK Häcken ,75,68,None,61,66,66,77,60,68,70,78,64,75,71,58,81,70,59,54,75,33,49,63,57,62,68,64,48,47,12,16,15,8,11,2200000
PS677,Scotland,170,72,32,Sheffield Utd ,73,70,None,68,67,79,71,67,69,72,74,74,74,72,66,83,64,84,64,79,79,44,78,65,71,78,70,60,79,13,7,8,7,6,2200000
PS678,Colombia,173,67,23,Portland Timbers ,70,79,None,57,58,50,66,67,51,68,73,60,64,57,86,73,49,82,80,86,70,38,68,66,65,43,44,69,56,14,8,6,15,9,2200000
PS679,Croatia,183,79,24,Dinamo Zagreb ,79,79,None,37,42,38,63,59,58,62,67,67,66,60,81,70,64,65,86,72,74,49,72,64,73,66,62,65,61,14,13,8,6,7,2200000
PS680,Germany,172,74,33,SV Darmstadt 98 ,71,69,None,72,75,71,71,47,67,54,71,71,68,66,75,83,66,82,62,77,78,63,65,38,54,64,59,55,48,8,11,13,13,13,2200000
PS681,Spain,185,73,32,Valencia CF ,32,13,None,22,12,21,72,16,25,43,56,30,57,55,58,40,68,59,58,60,72,16,56,11,12,25,13,25,18,71,71,74,74,75,2200000
PS682,Spain,190,78,22,Villarreal CF B ,70,67,None,28,31,52,72,73,31,55,57,52,71,53,66,70,74,61,64,67,73,72,74,72,70,54,51,65,68,8,11,10,8,14,2200000
PS683,Germany,175,70,23,Heidenheim ,71,73,None,65,68,64,67,58,55,67,65,67,72,68,85,75,45,80,84,85,72,58,63,57,59,60,55,47,60,13,6,13,12,11,2200000
PS684,Italy,191,87,27,Hellas Verona ,58,40,None,72,72,74,72,21,73,34,60,40,54,52,65,51,81,51,73,54,76,71,62,33,25,30,30,38,35,5,13,10,10,7,2200000
PS685,Sweden,182,81,28,Lech Poznań ,69,66,None,66,71,80,72,56,71,62,68,62,69,66,71,86,83,67,63,65,70,62,58,51,59,63,59,48,58,11,11,8,10,16,2200000
PS686,England,190,88,32,Hull City ,31,14,None,12,11,13,67,18,26,37,53,12,36,30,60,44,60,64,54,64,69,12,51,14,11,19,16,19,15,73,76,71,68,77,2200000
PS687,France,172,65,25,Niort ,75,76,None,12,13,23,51,65,16,66,60,66,72,70,76,63,34,90,72,92,34,48,66,70,69,68,65,69,72,15,12,9,14,11,2200000
PS688,Morocco,182,75,25,OH Leuven ,73,75,None,66,67,54,70,65,65,71,60,66,70,67,73,72,54,71,79,76,58,62,68,52,68,65,49,52,48,15,8,8,12,8,2200000
PS689,Czech Republic,188,77,27,Sparta Praha ,71,67,None,69,71,67,68,63,70,69,80,52,73,73,68,67,82,55,67,62,59,78,52,51,61,47,53,44,44,11,8,15,12,5,2200000
PS690,France,182,70,23,M'gladbach ,70,70,None,34,31,46,69,71,17,63,67,66,67,60,83,71,59,61,93,67,58,46,66,67,59,62,47,66,65,12,9,11,9,11,2200000
PS691,Paraguay,180,78,25,Houston Dynamo ,71,75,None,33,37,50,72,72,35,60,61,41,64,52,72,69,62,57,70,79,79,68,76,76,65,57,65,73,58,6,5,10,13,8,2200000
PS692,Denmark,189,78,27,Brøndby IF ,58,47,None,71,73,74,68,54,71,53,60,44,65,68,56,70,78,59,59,49,86,78,45,42,35,52,53,35,35,11,15,10,12,14,2200000
PS693,Wales,185,72,28,Luton Town ,63,55,None,70,72,78,69,38,70,49,65,45,62,62,68,77,79,64,64,68,80,71,37,38,34,44,30,39,21,9,15,13,14,7,2200000
PS694,Korea Republic,188,77,25,Jeonbuk Hyundai ,65,64,None,20,18,69,73,70,23,53,58,42,60,42,79,79,82,62,83,81,83,71,71,74,62,54,44,68,66,11,13,9,10,5,2200000
PS695,Italy,188,76,27,Lecce ,52,49,None,72,74,69,66,38,72,30,69,52,66,64,64,67,76,68,73,59,72,75,29,31,24,37,27,37,27,9,12,9,12,15,2200000
PS696,Brazil,174,73,23,RB Bragantino ,73,71,None,35,46,48,76,71,52,75,81,72,73,75,67,78,47,81,71,65,72,46,62,64,56,73,71,74,68,10,7,7,7,14,2200000
PS697,Italy,177,72,29,Monza ,72,68,,68,73,78,73,68,72,66,65,67,75,72,69,69,53,71,65,73,64,48,59,38,57,57,68,51,56,6,6,14,10,14,2100000
PS698,Colombia,180,73,30,SC Braga ,70,69,None,69,68,66,66,57,68,61,60,69,68,66,86,73,75,67,85,77,74,58,45,49,60,46,42,46,31,12,13,11,15,6,2100000
PS699,Scotland,191,77,27,Sheffield Utd ,73,67,None,20,29,77,71,73,28,66,68,40,69,55,54,70,80,54,54,55,78,75,77,71,58,42,33,65,71,13,13,11,12,13,2100000
PS700,Germany,181,79,26,FC Schalke 04 ,72,73,None,43,49,44,67,69,43,56,61,64,64,54,86,79,48,79,89,83,58,46,74,67,69,63,44,47,61,13,7,14,11,8,2100000
PS701,Germany,190,86,27,SC Paderborn 07 ,68,62,None,17,21,63,68,72,22,57,63,38,64,50,66,61,86,58,87,56,69,70,71,72,60,61,38,55,68,14,11,13,14,15,2100000
PS702,France,180,82,33,Adana Demirspor ,72,65,None,71,72,72,71,59,74,65,76,45,74,72,50,74,79,64,50,64,71,66,65,41,50,55,43,50,40,15,8,13,11,15,2100000
PS703,Croatia,187,78,23,Fortuna Sittard ,16,10,None,14,10,21,72,7,6,37,48,14,29,28,37,28,44,31,41,37,50,11,47,6,7,14,10,14,8,69,71,69,62,77,2100000
PS704,Belgium,188,84,32,Watford ,66,57,None,72,72,72,73,50,74,36,64,47,65,57,52,65,80,51,64,52,83,72,57,49,44,34,27,53,52,14,14,11,6,16,2100000
PS705,Croatia,201,96,33,Hajduk Split ,15,11,None,17,17,39,71,7,23,42,58,15,18,16,38,31,80,22,39,26,58,15,40,12,19,18,13,22,15,74,79,69,53,78,2100000
PS706,Montenegro,180,76,30,LASK ,64,66,None,72,71,73,61,61,67,64,66,72,70,70,69,80,78,73,71,68,73,68,65,30,43,67,60,36,36,14,9,13,10,6,2100000
PS707,Brazil,175,73,27,Internacional ,74,70,None,20,25,50,73,68,23,73,71,62,73,62,72,68,63,76,70,79,71,67,75,74,69,71,60,56,73,11,8,9,16,7,2100000
PS708,Peru,191,79,33,Orlando City ,22,19,None,19,19,22,76,18,25,59,53,21,31,44,45,30,49,57,49,34,58,18,50,20,12,12,17,22,20,70,75,72,66,77,2100000
PS709,France,184,74,23,Stade de Reims ,21,13,None,16,11,26,54,6,15,41,46,13,35,30,45,44,62,38,44,35,65,14,54,8,8,12,13,11,7,73,76,71,72,75,2100000
PS710,Colombia,180,75,24,Standard Liège ,73,76,None,61,66,64,72,65,67,72,74,65,75,67,69,73,68,81,68,78,57,45,60,61,59,61,54,55,50,7,9,6,6,6,2100000
PS711,Spain,183,70,28,UD Las Palmas ,73,71,None,12,17,58,71,74,24,65,66,57,70,51,80,80,65,60,78,75,69,71,70,70,67,60,52,75,67,6,8,13,11,8,2100000
PS712,Greece,190,87,29,Bologna ,72,69,None,69,72,56,66,63,70,58,64,69,70,67,75,72,82,51,87,48,61,52,84,62,74,71,73,58,55,14,9,7,10,12,2100000
PS713,Peru,175,62,31,SJ Earthquakes ,74,75,None,71,72,79,67,70,68,69,74,73,72,72,73,82,68,74,68,70,71,50,72,46,64,75,64,49,56,10,12,10,12,8,2100000
PS714,Argentina,178,70,33,Colón ,68,70,None,70,70,87,72,73,71,72,73,65,67,65,77,80,79,79,80,79,79,71,82,55,68,83,64,67,57,14,9,13,7,11,2100000
PS715,Greece,172,72,25,AEK Athens ,74,70,None,70,70,77,67,72,69,68,64,65,72,72,77,75,67,77,75,72,59,63,75,71,73,65,48,49,59,6,6,12,9,7,2100000
PS716,Argentina,176,72,29,Lanús ,72,76,None,72,70,71,61,59,65,57,58,70,65,63,87,80,66,75,85,79,76,48,69,57,63,59,49,53,55,11,10,16,10,7,2100000
PS717,Korea Republic,173,70,27,FC Seoul ,68,72,None,36,26,65,70,73,32,58,59,66,65,53,86,77,70,81,88,85,80,62,71,66,63,65,51,66,62,15,15,7,7,9,2100000
PS718,Colombia,183,83,27,Indep. Medellín ,66,64,None,18,20,50,65,71,18,43,59,37,53,42,68,72,90,71,70,70,70,77,71,78,62,42,40,63,70,13,7,9,14,13,2100000
PS719,Italy,173,63,33,Benevento ,65,67,None,69,70,64,69,55,69,49,69,69,65,68,90,82,63,88,83,84,80,54,74,45,67,58,44,45,51,15,15,8,9,9,2100000
PS720,Argentina,178,70,21,Boca Juniors ,74,72,None,62,67,72,69,67,64,71,69,65,74,68,71,80,60,74,70,72,57,51,57,60,59,62,52,54,49,6,8,8,12,6,2100000
PS721,Argentina,180,72,32,Gimnasia ,60,60,None,73,75,71,70,48,74,43,64,56,62,55,67,84,75,70,71,62,66,72,32,32,30,36,41,42,27,9,6,15,14,11,2100000
PS722,Australia,180,78,27,Hellas Verona ,74,71,None,50,59,69,68,68,59,72,68,70,75,73,73,74,63,73,69,75,65,51,74,65,77,78,75,65,65,7,9,7,8,6,2100000
PS723,Italy,186,84,35,Bologna ,75,74,None,73,73,71,73,74,71,65,72,77,74,71,65,74,78,58,78,65,73,78,74,64,70,65,62,52,58,14,15,11,10,14,2100000
PS724,Germany,188,85,30,SV Darmstadt 98 ,27,22,None,18,16,26,72,17,18,55,63,19,30,28,55,40,78,48,50,47,64,14,55,19,13,15,20,26,14,69,74,69,73,76,2100000
PS725,Spain,184,78,24,FC Barcelona ,21,12,None,11,10,17,72,5,6,39,38,10,33,57,33,27,54,51,38,49,64,11,57,6,8,12,12,17,5,71,71,67,76,72,2000000
PS726,Hungary,191,87,28,Hungary ,69,55,None,21,22,57,52,80,22,43,65,38,63,39,65,58,89,48,59,52,67,73,77,77,68,61,43,73,74,12,14,8,6,10,2000000
PS727,Brazil,188,83,31,Atlético Mineiro ,21,21,None,10,14,22,70,12,15,67,62,19,14,16,42,31,56,39,53,40,41,17,52,11,14,20,12,13,15,76,73,77,69,66,2000000
PS728,DR Congo,191,91,29,Antalyaspor ,53,42,None,65,75,82,63,21,75,51,70,27,58,54,63,70,93,42,70,54,70,72,68,19,45,31,20,24,30,7,12,11,5,11,2000000
PS729,Korea Republic,188,74,29,Ulsan Hyundai ,50,34,None,72,71,72,64,33,71,48,63,32,65,60,38,69,90,42,47,38,86,75,36,26,25,52,42,35,30,7,15,13,14,15,2000000
PS730,France,169,63,27,AJ Auxerre ,72,73,None,27,33,49,63,64,23,64,65,66,68,59,83,71,60,89,82,80,68,62,66,68,65,60,47,68,58,8,12,14,10,6,2000000
PS731,Chile,180,76,33,Colo-Colo ,72,70,None,68,67,79,68,65,68,69,72,58,74,72,78,84,81,62,80,80,83,67,76,59,71,55,70,65,56,14,10,8,10,8,2000000
PS732,Czech Republic,181,82,33,Slavia Praha ,72,69,None,30,27,75,68,78,39,71,68,58,72,61,73,73,78,81,82,68,74,75,65,68,61,56,51,66,71,8,7,6,16,14,2000000
PS733,Brazil,174,71,23,Palmeiras ,64,66,None,67,72,58,66,61,69,58,50,68,71,58,72,83,65,70,70,71,61,53,43,35,36,42,18,41,20,12,6,12,8,13,2000000
PS734,Brazil,166,64,23,Cuiabá ,69,66,None,65,69,43,61,53,68,57,66,64,67,52,91,85,68,75,84,78,66,50,47,28,38,53,31,38,46,12,11,6,13,6,2000000
PS735,Czech Republic,185,74,20,Sparta Praha ,71,74,None,48,35,51,68,69,29,73,76,65,73,66,74,67,47,71,73,80,68,43,66,64,63,63,59,67,65,7,14,14,8,13,2000000
PS736,Angola,177,73,28,KAA Gent ,71,73,None,67,69,74,69,63,71,64,70,64,68,66,83,73,66,73,81,72,88,68,73,58,68,61,53,52,68,7,8,7,15,8,2000000
PS737,Argentina,185,81,29,Talleres ,70,59,None,71,71,74,69,44,68,53,72,42,73,65,67,71,77,59,69,61,78,73,56,32,35,45,35,48,33,7,13,14,12,8,2000000
PS738,Brazil,178,72,31,Başakşehir ,73,70,None,70,70,66,67,71,70,66,65,75,71,68,70,78,71,72,74,73,77,41,72,42,69,76,74,56,61,16,11,10,12,11,2000000
PS739,Croatia,186,77,23,VfL Wolfsburg ,70,63,None,64,67,78,69,50,76,65,64,55,64,73,76,81,76,60,79,58,70,70,64,42,57,39,56,58,39,8,7,14,13,11,2000000
PS740,Germany,188,89,30,VfL Bochum ,62,58,None,71,73,77,71,45,72,61,68,47,66,65,52,66,86,48,55,43,63,72,49,23,56,55,32,41,26,9,14,15,7,15,2000000
PS741,France,184,78,27,FC Nantes ,69,68,None,49,62,49,69,71,54,66,67,72,74,64,79,50,65,68,81,81,62,59,72,64,66,59,46,59,68,7,12,6,15,7,2000000
PS742,England,175,70,23,Hearts ,69,65,None,66,70,65,65,63,62,58,64,70,69,64,72,80,57,75,70,72,72,57,55,41,41,56,59,44,34,14,9,7,7,7,2000000
PS743,Morocco,174,70,28,R. Valladolid CF ,69,71,None,60,72,67,75,71,74,69,58,61,72,66,79,89,59,85,78,84,75,58,62,68,69,64,47,51,51,14,12,8,7,8,2000000
PS744,Equatorial Guinea,186,75,31,Sassuolo ,72,70,None,72,74,70,68,60,70,69,75,68,74,70,57,69,72,63,55,63,72,68,73,50,65,56,62,59,60,6,9,7,7,7,2000000
PS745,Croatia,182,70,20,LAFC ,72,78,None,39,37,53,67,68,38,71,59,63,64,60,79,70,60,58,83,68,59,48,66,66,51,51,57,56,46,15,13,8,11,10,2000000
PS746,Netherlands,183,77,34,FC Utrecht ,69,65,None,75,73,74,73,55,74,62,70,62,72,68,66,76,74,66,68,64,80,68,62,56,48,52,39,48,41,7,8,9,11,11,2000000
PS747,Argentina,182,75,23,Talleres ,68,67,None,68,70,83,63,57,68,66,55,59,71,70,79,82,75,80,77,76,84,64,65,55,57,43,41,49,47,7,14,5,14,5,2000000
PS748,Croatia,172,68,20,Dinamo Zagreb ,80,81,None,57,59,64,67,58,58,74,77,67,74,71,78,73,56,75,73,77,60,49,71,59,72,64,69,63,67,10,7,5,7,6,2000000
PS749,Argentina,175,72,23,Boca Juniors ,68,69,None,69,73,79,67,65,66,34,69,62,65,50,77,77,73,76,77,73,65,58,37,40,35,38,32,40,33,10,8,9,14,15,2000000
PS750,Ecuador,183,71,31,LDU Quito ,73,71,None,64,77,67,81,66,67,76,81,71,72,74,77,85,71,62,71,61,63,69,64,55,52,62,42,42,61,7,7,16,13,9,2000000
PS751,Czech Republic,181,78,25,Viktoria Plzeň ,72,69,None,67,69,74,70,65,68,60,58,73,68,61,73,67,65,68,75,71,54,64,62,42,54,58,49,41,37,8,6,10,5,6,2000000
PS752,Morocco,170,68,28,Al Raed ,69,69,None,19,16,63,66,73,24,62,66,49,62,39,90,73,57,87,85,92,77,65,73,74,71,59,65,66,69,15,11,8,11,14,2000000
PS753,Germany,162,62,25,sc Heerenveen ,69,69,None,62,63,73,68,65,62,68,67,74,70,68,79,86,60,80,82,77,64,53,68,60,62,72,66,65,59,7,14,13,11,14,2000000
PS754,Norway,177,72,31,Molde FK ,70,68,None,65,65,53,67,62,65,65,64,65,66,60,85,85,56,79,86,76,64,54,60,55,59,65,44,41,47,11,13,10,6,16,2000000
PS755,United States,183,85,28,Sounders FC ,67,70,None,27,30,77,69,72,33,66,69,61,73,68,82,70,86,70,86,79,85,71,77,66,60,49,50,72,60,14,15,9,8,8,2000000
PS756,Brazil,172,76,23,América Mineiro ,68,63,None,75,72,69,68,40,76,43,70,53,67,75,68,74,68,65,64,67,78,53,60,49,68,45,48,60,50,8,14,16,9,7,2000000
PS757,Brazil,175,69,31,Santos ,69,71,None,69,72,59,69,56,66,50,67,70,66,57,74,80,53,77,83,74,75,54,54,35,48,43,57,55,38,10,9,9,8,11,2000000
PS758,Austria,173,65,20,Galatasaray ,76,77,None,11,18,54,65,55,19,67,68,64,66,58,86,58,43,89,79,90,76,43,63,65,65,66,58,56,56,6,12,11,6,15,2000000
PS759,New Zealand,184,81,22,Empoli ,70,69,None,65,68,69,66,71,70,65,72,64,68,63,79,84,77,76,79,65,77,58,67,61,62,65,62,61,51,9,12,11,10,12,2000000
PS760,Turkey,187,85,32,Gaziantep ,26,23,None,14,14,25,70,18,23,54,30,17,44,42,53,37,68,47,58,59,72,16,53,20,10,19,17,21,18,70,72,70,71,75,2000000
PS761,Colombia,190,82,30,Lanús ,61,42,None,65,76,66,66,43,78,51,61,33,56,59,46,79,91,35,50,38,32,77,59,33,43,29,34,39,22,14,12,15,12,16,2000000
PS762,Czech Republic,187,86,28,UD Ibiza ,68,67,None,27,29,67,67,75,22,60,70,63,63,52,79,62,71,56,82,72,73,70,71,73,62,55,48,54,65,7,8,15,12,8,2000000
PS763,Germany,185,77,26,M'gladbach ,78,77,None,64,67,60,77,70,72,80,75,68,83,84,64,81,65,78,72,76,54,55,75,73,79,77,55,53,63,11,6,11,10,15,19500000
PS764,Spain,187,76,26,Real Sociedad ,82,82,None,54,65,74,81,81,55,83,80,78,83,82,71,63,68,37,69,75,70,71,73,82,75,74,75,72,65,12,10,5,10,8,19500000
PS765,Netherlands,190,77,21,FC Bayern München ,85,84,None,59,69,52,73,74,74,80,76,75,80,78,76,81,75,77,78,80,72,58,78,76,79,74,69,58,69,11,12,8,6,12,19500000
PS766,Spain,184,76,28,Atlético de Madrid ,75,67,None,79,81,84,77,63,80,66,77,71,80,77,72,74,80,60,78,70,83,81,66,42,47,68,55,45,41,5,13,8,10,8,19500000
PS767,Argentina,176,67,27,Minnesota United ,80,81,None,54,57,71,78,83,60,83,80,71,81,77,77,71,64,73,59,84,62,59,70,65,71,73,77,61,48,5,7,11,9,9,19000000
PS768,Netherlands,169,67,24,Manchester Utd ,74,78,None,81,81,77,74,58,77,60,70,70,76,59,82,83,72,90,83,84,86,58,65,50,62,50,48,46,59,8,9,9,12,8,19000000
PS769,Spain,178,67,27,West Ham ,83,79,None,71,72,72,75,76,71,80,77,77,81,78,68,84,67,75,66,76,50,50,77,71,78,71,70,55,72,7,9,11,12,15,19000000
PS770,Serbia,189,90,28,Fulham ,77,68,None,13,24,89,79,85,14,70,75,29,71,53,62,79,92,64,68,65,86,81,84,81,70,51,52,71,78,7,15,12,6,13,19000000
PS771,Brazil,173,68,25,Nott'm Forest ,77,77,None,79,76,77,76,74,74,72,76,79,75,75,82,82,67,82,81,84,78,70,76,65,68,81,57,55,59,10,12,7,11,15,18500000
PS772,Ecuador,175,78,25,Brighton ,72,73,None,79,80,74,74,52,76,56,65,80,79,62,78,76,75,73,79,74,72,75,41,48,42,59,36,69,38,7,14,7,14,7,18500000
PS773,Greece,190,81,29,SL Benfica ,23,13,None,12,14,32,82,14,23,46,56,15,27,24,42,39,68,38,44,67,74,13,50,12,16,17,13,18,14,78,84,78,67,84,18500000
PS774,Argentina,187,69,25,Villarreal CF ,77,69,None,79,82,79,76,53,79,65,67,70,76,69,71,73,78,71,73,69,73,75,56,43,42,61,47,47,43,14,8,15,7,9,18500000
PS775,Ivory Coast,183,73,28,OGC Nice ,81,85,None,30,34,43,74,77,33,74,75,76,75,66,87,66,68,75,88,86,66,57,80,76,76,81,79,85,70,6,11,14,11,8,18500000
PS776,Poland,185,74,26,Aston Villa ,74,75,None,78,77,82,78,71,76,67,72,77,73,71,79,87,68,74,80,78,77,49,77,67,64,66,48,44,48,13,15,16,13,8,18500000
PS777,Brazil,181,71,30,Sevilla FC ,79,77,None,76,77,76,79,76,79,78,75,84,80,79,78,82,62,70,79,75,81,66,87,63,83,87,79,83,66,11,13,8,12,14,18500000
PS778,Italy,177,63,28,Latium ,82,85,None,52,58,61,77,78,58,76,71,71,78,75,85,73,63,84,80,86,46,66,75,73,72,67,51,61,66,8,13,16,14,7,18500000
PS779,Serbia,189,78,28,Getafe CF ,78,75,None,70,79,73,80,79,81,79,76,65,79,78,52,83,75,54,51,59,76,73,72,74,76,63,72,51,49,15,14,10,15,13,18500000
PS780,France,178,69,30,OM ,78,77,None,72,75,67,81,75,68,75,76,84,75,67,85,88,63,70,83,83,62,58,77,68,68,77,77,52,56,8,15,14,15,15,18500000
PS781,Croatia,187,79,25,VfB Stuttgart ,79,79,None,71,77,66,79,67,74,78,77,88,76,74,78,79,69,69,79,74,68,64,70,41,65,79,55,31,44,8,10,6,6,9,18500000
PS782,Kosovo,192,83,29,Napoli FC ,67,59,None,81,85,81,77,49,77,48,67,49,69,63,52,69,85,47,69,49,73,76,60,43,66,49,41,34,39,8,12,8,13,7,18000000
PS783,Spain,165,64,24,RC Celta ,77,78,None,80,81,68,75,63,78,79,66,72,84,82,62,67,63,78,57,77,57,60,61,53,60,54,55,49,55,13,14,11,8,9,18000000
PS784,Spain,178,68,31,FC Barcelona ,80,78,None,74,76,67,77,69,76,81,76,81,81,78,71,88,69,73,77,69,41,70,65,63,66,78,60,57,50,15,14,16,11,10,18000000
PS785,Mali,175,70,31,Stade Rennais FC ,77,76,None,76,79,75,76,72,73,66,72,80,75,73,81,89,73,79,85,75,85,71,72,52,58,74,42,47,32,7,10,14,9,16,18000000
PS786,Argentina,175,70,26,Sevilla FC ,73,74,None,75,76,87,76,77,78,70,75,73,72,66,84,93,72,75,83,82,80,71,68,58,61,64,39,80,43,5,6,10,11,6,17500000
PS787,England,183,77,25,Aston Villa ,74,70,None,79,80,75,80,50,79,58,79,51,74,72,71,72,78,69,82,63,78,78,58,34,32,37,38,38,35,13,14,8,11,9,17500000
PS788,Belgium,169,61,36,Galatasaray ,88,85,None,40,40,59,80,82,36,83,81,73,84,72,84,68,35,92,75,83,58,40,78,82,82,82,82,79,70,10,7,10,8,4,17500000
PS789,England,193,100,30,Manchester Utd ,73,69,None,73,80,84,77,61,80,68,76,51,78,79,44,66,90,33,52,39,87,85,82,48,52,57,46,68,49,14,14,16,9,9,17500000
PS790,Netherlands,175,74,32,Roma ,81,79,None,70,78,75,78,79,80,79,80,71,80,79,69,82,73,88,69,82,80,78,73,70,70,78,73,74,67,12,16,6,14,6,17500000
PS791,France,176,74,32,Villarreal CF ,81,80,None,79,79,85,81,77,78,80,78,69,84,81,69,76,80,77,68,73,80,63,75,65,72,71,53,52,60,10,9,9,8,15,17500000
PS792,Germany,188,83,30,SV Werder Bremen ,78,75,None,18,35,78,79,83,24,69,76,65,72,55,61,63,84,58,61,59,77,84,84,82,77,72,69,83,73,13,15,9,10,9,17500000
PS793,Italy,185,77,29,Toronto FC ,83,84,None,59,59,54,69,73,64,81,78,81,81,70,77,73,69,79,77,82,50,53,80,61,82,83,80,81,76,13,14,15,10,12,17500000
PS794,England,178,73,31,West Ham ,79,77,None,34,45,67,82,83,46,72,82,66,75,61,75,73,69,77,69,76,77,78,82,82,82,72,70,82,76,16,10,13,12,6,17500000
PS795,Italy,185,75,32,Bergamo Calcio ,70,58,None,82,85,82,83,40,81,50,86,44,69,68,64,82,82,66,70,61,76,83,75,40,62,41,70,64,30,16,11,12,16,8,17500000
PS796,Portugal,185,78,22,Sporting CP ,73,49,None,79,82,77,77,48,78,68,75,30,78,76,78,76,78,55,81,65,72,77,67,23,28,29,27,40,45,10,6,6,7,7,17000000
PS797,Spain,178,74,28,Sporting CP ,78,77,None,78,77,72,77,67,78,66,70,78,77,59,79,72,57,78,83,75,65,60,52,52,43,63,50,62,41,13,8,14,14,12,17000000
PS798,Brazil,187,85,23,Brazil ,70,69,None,17,19,62,68,74,16,65,80,59,66,64,77,74,79,67,70,70,89,91,87,86,80,59,33,56,70,12,13,9,6,16,17000000
PS799,Portugal,185,82,22,SL Benfica ,76,73,None,21,42,80,77,80,34,63,74,60,71,65,78,89,79,76,77,78,84,79,83,80,67,60,45,57,74,7,15,9,7,15,17000000
PS800,Italy,190,83,26,Napoli FC ,25,16,None,12,21,22,74,20,22,23,67,15,30,25,41,29,65,48,48,37,68,19,53,17,17,20,21,21,20,80,80,76,70,84,17000000
PS801,Spain,170,74,31,Inter Miami CF ,81,80,None,36,55,59,80,77,55,88,84,74,82,75,69,79,64,85,59,77,61,54,75,70,76,78,74,76,68,10,10,8,14,8,17000000
PS802,Mali,182,80,27,Spurs ,77,79,None,77,83,76,77,68,82,74,80,65,80,76,71,77,75,77,73,73,80,65,83,58,78,62,75,58,65,12,12,8,8,8,17000000
PS803,Croatia,178,79,25,Torino ,80,82,None,37,52,68,76,76,26,77,77,71,78,74,78,69,70,88,79,78,55,65,80,74,81,70,72,66,71,9,6,14,15,14,16500000
PS804,Colombia,187,81,27,Spurs ,70,62,None,83,78,85,77,34,80,48,74,36,73,67,68,68,80,58,80,61,76,78,66,44,44,31,27,44,32,6,9,7,10,15,16500000
PS805,Serbia,181,85,25,Fiorentina ,78,76,None,16,26,62,80,81,23,70,76,67,72,61,72,69,78,78,76,73,76,79,82,78,75,77,56,66,83,9,8,7,12,13,16500000
PS806,Brazil,185,80,27,Sevilla FC ,74,69,None,76,78,89,78,25,79,58,76,35,75,72,65,88,84,62,68,63,86,70,52,31,29,56,34,52,34,10,8,8,8,5,16500000
PS807,Argentina,182,67,33,River Plate ,81,80,None,67,73,77,81,81,70,84,85,77,82,77,74,82,70,71,75,80,56,65,77,77,80,83,78,73,73,10,7,8,14,12,16500000
PS808,Tunisia,185,74,28,1. FC Köln ,77,76,None,71,79,77,78,68,85,67,75,67,79,74,65,91,67,64,63,74,76,75,75,73,72,72,55,58,60,14,15,14,8,14,16500000
PS809,Germany,185,80,24,VfL Wolfsburg ,80,77,None,27,33,71,77,77,37,68,71,58,76,59,78,78,79,65,86,73,79,74,80,79,71,61,48,81,71,8,9,11,11,6,16500000
PS810,Uruguay,182,77,22,Sporting CP ,79,79,None,76,77,76,78,75,80,76,84,58,79,78,71,84,75,60,72,69,53,39,62,65,65,54,50,50,45,8,6,10,16,13,16500000
PS811,England,187,71,26,Everton ,77,73,,23,31,78,77,78,35,64,76,65,71,47,71,71,82,64,86,68,91,89,79,79,65,64,54,77,72,7,12,12,8,11,16000000
PS812,Armenia,177,75,34,Inter ,85,82,None,55,53,72,82,80,60,84,84,77,79,71,86,80,69,83,79,84,66,68,84,78,77,81,66,72,79,5,5,11,14,7,16000000
PS813,Japan,172,70,25,SC Freiburg ,81,82,None,42,36,41,76,72,44,78,74,72,78,69,81,78,59,93,78,86,34,45,76,70,75,74,67,58,59,13,8,5,6,14,16000000
PS814,Portugal,181,71,24,Beşiktaş ,78,82,None,72,77,78,79,76,75,78,79,73,78,75,80,86,71,72,79,82,71,61,80,72,76,80,76,60,64,9,9,15,7,5,16000000
PS815,Sweden,187,80,29,Manchester Utd ,75,70,None,78,81,79,78,51,83,72,83,62,79,81,54,69,76,60,63,60,76,76,72,42,52,64,53,54,38,7,12,16,8,9,16000000
PS816,Portugal,184,81,32,OL ,21,15,None,13,15,45,82,9,25,48,65,19,32,31,63,36,73,62,64,67,82,16,53,18,18,15,14,16,13,80,84,78,71,86,16000000
PS817,Argentina,176,72,24,Brighton ,81,78,None,62,69,59,78,77,63,80,79,79,82,78,73,80,69,74,66,73,64,61,78,78,81,83,82,81,74,15,7,10,14,10,16000000
PS818,Croatia,186,80,34,Spurs ,82,83,None,68,75,67,85,85,73,78,88,86,79,79,77,83,76,72,78,74,87,80,84,78,78,79,75,76,81,9,6,7,10,6,16000000
PS819,Uruguay,186,84,27,Trabzonspor ,77,72,None,23,20,74,78,82,21,70,80,59,73,64,63,78,88,56,63,66,83,87,82,80,73,75,57,72,75,12,7,8,13,6,16000000
PS820,Brazil,184,80,28,Sporting CP ,75,74,None,78,82,82,76,62,79,60,76,74,73,58,72,82,83,59,74,72,81,70,60,50,51,69,47,50,45,7,6,14,10,14,16000000
PS821,Mexico,177,77,34,LAFC ,84,83,None,14,19,57,81,82,32,81,82,76,78,65,79,62,67,83,76,79,67,67,76,80,81,84,71,72,82,13,8,14,8,10,16000000
PS822,France,167,58,25,Sassuolo ,83,79,None,63,69,77,77,63,68,81,73,75,83,76,73,85,34,93,69,90,69,62,70,72,73,79,73,68,65,11,7,14,13,6,16000000
PS823,France,182,73,24,Paris SG ,91,93,None,32,34,64,93,92,38,83,88,78,85,71,97,87,76,81,97,93,77,72,88,93,82,80,69,84,83,11,13,5,7,6,153500000
PS824,France,182,73,24,Paris SG,91,93,None,32,34,64,93,92,38,83,88,78,85,71,97,87,76,81,97,93,77,72,88,93,82,80,69,84,83,11,13,5,7,6,153500000
PS825,Brazil,180,80,32,Juventus ,81,79,None,77,79,79,77,69,75,72,78,82,75,66,71,79,77,76,79,69,78,73,78,55,72,78,56,60,68,12,7,7,9,5,15500000
PS826,Uruguay,167,65,26,River Plate ,78,82,None,70,75,86,78,80,70,82,80,74,79,74,87,86,52,85,83,92,77,70,81,74,78,84,74,69,72,7,9,6,9,9,15500000
PS827,Netherlands,184,74,26,Manchester Utd ,84,76,None,71,72,76,77,78,73,78,80,65,80,76,63,69,70,69,67,69,70,69,82,75,78,76,65,61,78,10,7,12,8,14,15500000
PS828,United States,185,79,20,Borussia Dortmund ,79,85,None,37,35,57,77,73,37,78,78,70,79,64,78,73,74,77,78,84,66,45,78,71,77,79,64,50,77,12,10,13,14,7,15500000
PS829,Mexico,188,81,32,Wolves ,78,79,None,30,38,82,77,79,53,77,78,73,78,75,66,74,83,65,70,70,73,76,84,79,73,75,51,92,76,14,7,11,13,10,15000000
PS830,Spain,172,70,26,RCD Mallorca ,80,80,None,77,81,64,72,67,71,64,62,75,73,63,85,72,69,81,79,75,59,70,57,53,52,71,34,37,21,12,10,7,14,15,15000000
PS831,Netherlands,189,86,33,PSV ,79,68,None,37,43,54,76,83,40,69,76,66,79,62,43,72,87,55,47,52,90,93,83,79,71,63,69,67,83,8,16,10,8,11,15000000
PS832,Netherlands,176,65,23,Ajax ,80,75,None,74,76,78,78,72,74,77,75,77,80,74,83,78,68,80,82,78,56,60,65,48,49,76,44,42,61,9,8,12,6,13,15000000
PS833,Portugal,191,91,29,Real Betis ,24,18,None,19,10,19,71,20,27,50,49,13,28,29,31,27,66,24,30,34,63,14,58,20,14,19,20,30,20,81,80,77,77,83,15000000
PS834,Suriname,180,77,28,Union Berlin ,77,79,None,33,32,52,76,77,45,63,72,74,71,69,94,71,73,79,94,78,70,65,79,81,71,66,50,66,73,16,6,14,15,13,15000000
PS835,Brazil,186,73,23,Internacional ,72,71,None,75,77,94,72,57,67,56,77,76,77,67,77,89,67,58,80,68,78,77,84,54,77,81,77,77,71,8,9,16,8,10,15000000
PS836,Netherlands,185,76,32,Bergamo Calcio ,75,69,None,79,84,84,78,67,83,67,83,68,76,73,64,86,81,73,74,61,80,75,77,60,77,61,54,80,63,12,14,15,7,12,15000000
PS837,Japan,177,69,28,Sporting CP ,77,77,None,71,77,70,78,76,79,76,71,70,79,80,69,81,74,69,66,70,59,47,69,73,70,72,47,48,30,7,6,10,13,8,15000000
PS838,Netherlands,185,73,23,Feyenoord ,76,73,None,79,79,72,71,67,74,68,75,68,74,68,76,78,79,72,78,74,89,80,49,61,42,56,30,40,31,12,12,11,13,10,15000000
PS839,Argentina,191,93,30,PSV ,20,19,,17,20,28,75,17,21,46,62,12,28,27,48,40,80,45,48,47,62,13,54,14,14,20,17,25,13,80,80,79,72,83,14500000
PS840,Germany,185,88,30,Manchester City ,38,20,None,15,12,29,80,10,27,66,59,18,40,55,51,33,73,54,53,42,77,20,65,15,12,16,12,24,13,80,76,74,86,85,14500000
PS841,United States,175,72,24,Leeds United ,73,71,None,74,80,80,77,65,76,72,77,55,78,73,85,87,68,85,76,77,84,65,51,48,46,52,42,51,33,8,6,13,12,7,14500000
PS842,Brazil,185,72,32,Valencia CF ,71,60,None,81,82,87,79,51,82,65,69,67,80,74,65,75,79,63,67,65,80,82,61,42,50,57,46,51,48,15,15,6,15,7,14500000
PS843,Serbia,187,79,31,Sevilla FC ,78,66,None,73,75,83,73,65,76,74,80,74,84,78,54,81,87,50,55,62,69,71,88,58,82,80,79,74,69,14,8,11,8,12,14500000
PS844,Spain,184,73,27,Villarreal CF ,76,77,None,75,77,69,75,75,72,69,66,76,74,68,79,82,75,68,82,76,69,67,78,72,69,74,57,64,63,7,12,6,14,12,14000000
PS845,Belgium,187,82,25,Leicester City ,68,55,None,79,82,78,77,41,76,42,69,33,75,71,52,73,80,57,59,43,74,79,62,35,28,41,36,43,28,7,12,10,8,7,14000000
PS846,Turkey,191,82,27,Trabzonspor ,24,14,None,16,18,27,76,14,25,60,60,15,32,27,53,40,67,58,56,49,81,14,56,13,19,18,20,23,20,81,80,76,74,79,14000000
PS847,Spain,176,73,29,CA Osasuna ,80,78,None,41,52,52,76,77,54,79,75,79,80,83,72,78,56,73,63,75,64,54,73,76,75,82,59,59,65,7,12,7,16,7,14000000
PS848,Belgium,181,78,29,Leicester City ,80,81,None,60,67,66,77,77,64,79,79,74,82,78,68,70,62,67,65,72,61,62,76,70,78,75,67,56,70,14,6,6,10,10,14000000
PS849,England,173,62,26,Southampton ,79,77,None,75,79,70,75,65,73,61,70,78,73,62,77,83,64,78,76,74,75,65,45,41,45,56,31,32,30,11,9,8,7,12,14000000
PS850,Germany,190,83,31,Fulham ,35,16,None,18,15,28,75,7,25,58,63,9,50,48,55,43,70,44,52,52,71,13,56,9,14,9,8,23,10,79,81,78,74,83,14000000
PS851,Mexico,191,84,26,RCD Espanyol ,68,60,None,76,80,78,76,56,77,65,75,41,73,76,65,78,80,51,57,75,84,80,55,43,35,62,37,48,31,5,9,10,5,13,13500000
PS852,England,179,74,36,Leicester City ,83,76,None,53,51,83,84,88,49,75,85,68,74,61,83,69,64,75,84,72,78,77,87,85,65,69,61,85,84,15,15,14,7,11,13000000
PS853,Norway,195,94,23,Manchester City ,82,78,None,29,53,87,89,92,42,74,86,47,74,53,82,81,93,74,94,76,74,80,94,94,87,77,62,79,88,11,7,14,13,7,123000000
PS854,Austria,200,93,26,Wolves ,78,74,None,47,46,44,78,81,34,75,74,59,77,64,64,67,83,53,55,63,54,87,74,82,62,50,47,57,73,14,7,6,13,15,12500000
PS855,England,182,76,22,Leverkusen ,81,82,None,45,51,51,70,72,44,74,72,77,76,69,86,66,58,78,76,84,64,53,67,71,66,76,71,55,59,15,14,13,11,5,12500000
PS856,Argentina,178,74,24,Girona FC ,75,75,None,39,37,82,79,82,29,74,73,58,77,61,78,88,72,67,78,74,78,74,78,81,68,65,61,73,72,12,15,6,10,8,12500000
PS857,Portugal,177,69,29,Wolves ,80,78,None,76,77,81,76,73,76,64,78,75,75,65,82,77,68,79,81,80,80,58,74,50,58,63,34,38,42,14,16,12,10,12,12500000
PS858,Ecuador,178,65,22,R. Valladolid CF ,82,82,None,38,46,62,75,75,40,73,77,70,72,59,90,61,68,82,87,90,58,44,73,68,66,77,54,62,71,10,13,8,14,12,12500000
PS859,Czech Republic,175,76,31,West Ham ,75,72,None,77,81,86,77,68,76,68,72,78,75,73,70,84,76,77,64,67,85,70,66,50,59,74,42,49,61,6,13,12,12,13,12500000
PS860,Spain,182,77,32,Leeds United ,78,79,None,38,43,64,79,80,33,78,78,77,77,65,77,75,67,74,77,77,76,76,84,77,76,83,67,77,75,11,7,13,10,5,12000000
PS861,Brazil,174,69,32,Al Ittihad ,78,80,None,23,22,38,79,82,28,72,79,69,74,67,85,91,65,86,85,88,71,66,74,76,69,70,68,81,69,9,15,14,12,10,12000000
PS862,Wales,181,76,30,Spurs ,77,70,None,80,81,81,83,60,80,64,76,71,78,75,68,73,70,69,67,64,78,73,65,58,52,72,48,54,48,7,11,7,6,14,12000000
PS863,Netherlands,180,72,33,FC Bayern München ,83,77,None,80,80,64,80,66,84,82,83,80,85,84,43,73,71,72,40,71,77,76,74,56,64,84,62,54,66,14,12,9,10,10,12000000
PS864,France,175,70,25,OL ,81,81,None,58,64,68,75,72,68,80,75,65,81,76,72,69,66,81,71,82,65,59,69,67,71,80,72,74,68,7,14,6,11,10,12000000
PS865,Ukraine,178,72,24,Dynamo Kyiv ,80,78,None,66,69,80,73,72,72,80,70,73,78,77,80,78,60,71,75,82,59,41,73,70,80,72,74,59,58,14,13,6,12,13,12000000
PS866,Nigeria,192,75,26,Real Sociedad ,75,76,None,19,20,42,70,71,19,61,67,51,72,48,81,72,90,43,86,66,84,74,81,80,69,62,45,72,65,11,11,9,13,9,12000000
PS867,France,189,77,27,SC Braga ,78,74,None,18,19,67,77,77,17,61,72,36,64,52,73,73,81,66,74,68,80,78,78,79,73,54,52,68,74,5,8,7,9,6,12000000
PS868,Brazil,177,70,27,Fulham ,78,79,None,63,66,80,75,75,70,78,71,81,76,76,78,78,60,77,76,79,65,56,84,70,79,84,81,74,72,10,15,14,7,7,11500000
PS869,England,183,75,27,Everton ,82,84,None,31,45,41,68,74,25,72,73,74,71,58,87,70,59,78,86,81,51,31,82,77,75,72,60,61,54,13,6,11,11,10,11500000
PS870,Korea Republic,177,77,27,Wolves ,73,79,None,25,32,62,79,77,33,76,75,68,73,65,87,74,70,73,76,89,80,61,74,77,73,61,52,72,75,11,11,7,10,15,11500000
PS871,Germany,193,88,26,AS Monaco ,20,18,None,13,14,23,73,10,20,32,32,15,29,18,49,39,70,58,46,34,61,13,53,18,18,20,20,16,13,76,75,71,70,84,11500000
PS872,Russia,182,74,27,Torino ,80,80,None,29,28,43,78,80,36,79,76,69,80,75,75,68,64,78,76,80,58,63,66,73,74,74,75,67,67,12,8,8,9,15,11500000
PS873,Ivory Coast,179,69,26,West Ham ,76,79,None,66,70,72,71,79,66,70,67,73,74,62,84,83,72,78,87,80,77,70,81,75,77,71,69,64,72,12,16,13,8,9,11500000
PS874,England,180,70,27,Aston Villa ,71,75,None,36,46,52,77,79,44,74,66,67,72,59,77,88,77,73,89,79,92,81,75,81,71,63,56,67,64,6,14,14,14,10,11500000
PS875,Germany,184,75,26,Hertha Berlin ,82,84,None,73,74,85,80,70,76,75,75,62,75,73,69,81,75,74,66,72,81,70,75,70,74,78,52,53,65,13,15,8,5,10,11500000
PS876,Spain,176,69,25,RCD Espanyol ,75,81,None,70,72,78,73,70,70,68,73,73,73,65,91,89,64,77,89,83,63,59,63,61,58,74,40,45,58,10,14,14,14,8,11000000
PS877,Spain,178,70,28,Sevilla FC ,82,82,None,58,66,61,76,76,67,80,80,73,80,79,65,72,34,78,55,77,50,52,69,66,68,80,64,65,63,6,7,7,14,8,11000000
PS878,Nigeria,185,80,34,Al Fayha ,82,83,None,34,53,53,77,79,23,78,83,78,78,70,74,80,92,66,75,76,71,68,83,77,75,79,60,68,69,15,6,10,6,9,11000000
PS879,Portugal,196,89,24,FC Porto ,62,45,None,76,79,80,76,22,78,53,70,31,70,70,53,65,92,32,54,35,36,74,43,23,23,33,25,38,28,14,10,7,9,15,11000000
PS880,France,194,75,22,Chelsea ,67,58,None,74,78,69,76,47,78,68,75,48,78,77,54,64,84,35,66,42,78,78,70,38,47,56,34,46,31,15,8,7,5,8,11000000
PS881,England,180,77,29,Brighton ,78,82,None,65,68,58,74,75,67,76,78,79,75,70,75,77,60,77,74,73,46,48,74,66,72,76,64,55,56,13,9,11,7,15,11000000
PS882,Belgium,181,75,32,Manchester City ,90,86,None,53,66,75,91,88,65,94,88,94,93,93,75,89,74,78,73,76,63,55,92,85,91,89,83,83,83,10,15,13,5,13,107500000
PS883,Senegal,174,69,31,FC Bayern München ,86,88,None,38,42,75,91,90,35,84,84,78,84,71,91,85,72,88,86,93,87,84,83,85,78,77,64,75,75,7,10,10,15,14,101000000
PS884,Spain,167,61,30,Rayo Vallecano ,73,75,None,32,45,33,74,74,22,70,69,72,75,71,92,73,31,93,91,89,92,57,68,73,63,65,50,55,49,10,11,8,10,14,10500000
PS885,Brazil,190,84,34,AFC Bournemouth ,24,19,None,15,14,40,77,11,15,42,64,11,36,41,56,40,61,49,52,59,83,14,58,15,20,12,13,22,12,78,80,78,77,79,10500000
PS886,Bosnia & Herzegovina,184,74,29,Milan ,79,78,None,69,74,69,79,76,70,77,75,70,79,77,66,72,72,70,68,73,74,66,76,71,77,69,70,66,66,10,14,9,12,14,10500000
PS887,France,176,73,30,Stade Rennais FC ,79,80,None,65,69,70,77,74,69,77,77,72,78,75,74,82,60,78,67,72,53,52,72,70,75,76,68,61,65,8,12,15,14,9,10500000
PS888,Spain,184,81,26,Leeds United ,77,73,None,72,74,71,72,60,73,80,79,65,82,85,55,72,67,65,63,68,57,42,66,59,68,66,52,68,44,10,12,11,11,8,10500000
PS889,Ivory Coast,176,71,27,Al Nassr ,75,76,None,72,76,70,76,71,73,68,74,75,74,68,85,87,67,85,78,73,70,60,63,45,51,72,32,41,58,11,8,5,5,8,10500000
PS890,Colombia,181,73,27,KRC Genk ,70,70,None,74,77,82,73,70,76,69,73,69,75,71,81,84,72,64,83,78,80,77,67,66,52,58,34,58,70,7,7,14,12,6,10500000
PS891,Sweden,195,102,41,Milan,85,75,None,24,37,84,77,88,20,83,90,71,77,72,55,34,85,51,61,67,77,82,86,84,85,79,74,80,87,9,13,15,10,12,10500000
PS892,Italy,192,84,29,Latium ,22,16,None,21,22,27,70,16,22,56,62,21,34,23,44,28,56,44,40,38,56,17,57,17,20,13,13,22,14,76,81,76,76,81,10000000
PS893,Italy,184,78,29,Monza ,21,13,None,12,11,33,75,15,19,42,59,15,31,25,41,43,55,43,37,37,74,12,54,12,17,11,12,31,13,76,79,78,72,79,10000000
PS894,France,194,92,26,Fulham ,62,52,None,78,79,79,73,42,79,43,70,37,67,63,55,67,87,48,70,52,76,76,50,30,31,32,34,44,48,14,10,7,6,9,10000000
PS895,Spain,167,66,31,Getafe CF ,76,75,None,53,55,80,73,78,55,74,74,75,71,70,85,83,72,82,88,83,75,74,80,74,71,78,64,65,72,15,14,10,15,13,10000000
PS896,Brazil,176,72,27,Flamengo ,74,45,None,68,69,78,75,59,80,74,60,41,78,75,59,89,77,59,57,54,52,65,84,53,68,33,39,40,31,5,10,7,6,6,10000000
PS897,Argentina,178,68,26,Racing Club ,67,60,,64,66,60,65,67,64,57,54,77,67,70,82,81,64,77,79,82,75,48,65,42,59,74,58,51,54,9,7,6,13,9,1900000
PS898,Argentina,177,93,33,Colón ,70,69,,22,32,76,65,72,19,65,76,53,65,63,65,54,92,72,67,68,69,75,81,70,63,52,48,67,73,14,16,14,15,15,1900000
PS899,Ivory Coast,178,74,26,AC Ajaccio ,66,68,None,70,70,68,69,59,69,46,67,60,62,49,69,79,74,72,68,70,75,68,50,33,31,41,37,45,40,11,5,13,12,7,1900000
PS900,Spain,180,68,23,SD Huesca ,73,71,None,46,61,66,69,70,65,67,64,42,76,65,65,75,64,65,67,64,70,58,59,65,65,40,49,59,51,5,13,10,11,10,1900000
PS901,Uruguay,179,77,24,Estudiantes ,69,60,None,31,29,32,57,74,31,58,51,64,66,61,74,62,80,80,69,54,47,71,71,74,61,56,64,68,61,9,12,9,14,10,1900000
PS902,Italy,179,72,32,Karagümrük SK ,76,74,None,70,71,75,69,74,70,72,75,71,74,74,57,63,61,77,53,70,61,64,75,65,74,70,64,56,69,7,7,8,7,9,1900000
PS903,Iran,174,71,27,Dinamo Zagreb ,68,64,None,72,70,61,63,55,70,57,56,63,62,55,85,77,47,84,81,75,80,56,34,26,27,39,27,38,21,14,6,13,7,9,1900000
PS904,Colombia,168,69,23,Whitecaps FC ,72,78,None,30,45,52,66,68,34,67,71,64,69,60,85,68,46,91,84,90,54,38,66,66,64,68,66,60,63,15,14,11,9,7,1900000
PS905,Brazil,183,79,31,RB Bragantino ,51,45,None,72,77,76,71,35,72,54,65,51,67,66,55,61,82,57,56,54,78,71,53,41,52,41,42,43,54,8,7,13,7,15,1900000
PS906,England,181,74,22,Sunderland ,71,73,None,26,33,51,62,65,39,63,63,67,66,56,83,62,50,77,79,81,61,53,63,68,61,63,57,60,54,6,9,10,9,10,1900000
PS907,Nigeria,176,65,30,Ümraniyespor ,71,70,None,33,38,79,68,71,24,53,58,54,64,58,86,70,66,80,89,89,75,68,69,71,62,55,48,64,63,13,8,11,11,12,1900000
PS908,Ukraine,198,86,22,Shakhtar Donetsk ,29,13,None,11,11,28,65,6,9,55,50,11,37,32,35,24,69,45,38,36,47,12,50,9,8,13,13,18,6,71,66,72,67,77,1900000
PS909,Serbia,193,83,29,Al Fayha ,68,66,None,19,18,68,67,70,22,54,66,38,62,43,49,71,89,33,53,34,92,86,76,74,68,51,55,70,66,7,7,7,14,7,1900000
PS910,Spain,182,77,20,Valencia CF ,69,64,None,71,72,60,68,59,65,58,60,70,72,70,68,65,63,63,70,65,58,64,66,41,54,65,31,42,59,11,15,10,11,13,1900000
PS911,Sweden,183,78,29,Sweden ,73,71,None,55,39,56,76,75,49,65,76,64,68,63,74,74,73,75,66,75,56,54,72,69,67,70,56,67,73,9,9,8,13,13,1900000
PS912,Czech Republic,171,71,34,Viktoria Plzeň ,75,77,None,36,40,58,70,72,42,66,63,71,70,65,83,63,49,88,78,87,86,54,74,67,70,64,50,60,63,15,15,10,10,9,1900000
PS913,Sweden,175,70,23,AIK ,73,71,None,63,66,67,66,66,63,67,73,70,74,73,70,81,67,80,67,80,80,55,59,60,57,63,40,44,55,8,7,12,12,7,1900000
PS914,Switzerland,183,78,32,Antalyaspor ,76,77,None,36,39,68,71,72,44,72,75,72,73,58,64,60,67,76,65,74,65,55,77,74,70,74,58,69,80,15,13,14,8,16,1900000
PS915,Brazil,177,74,23,Corinthians ,71,73,None,37,49,46,71,69,48,70,46,64,71,69,70,69,61,52,71,59,54,70,71,70,68,74,64,76,66,13,6,8,12,12,1900000
PS916,Germany,189,83,23,SC Paderborn 07 ,71,65,None,23,25,62,70,72,22,54,65,45,64,39,61,68,78,60,63,69,49,68,74,72,61,52,39,60,64,6,10,10,12,8,1900000
PS917,France,181,72,24,AC Ajaccio ,69,70,None,17,21,39,62,71,26,61,66,65,67,59,74,69,68,64,76,69,69,66,72,71,68,53,48,64,69,5,9,9,7,12,1900000
PS918,Ivory Coast,180,79,32,Málaga CF ,71,74,None,11,13,38,65,73,29,65,59,65,62,55,89,80,80,63,88,76,90,54,76,70,64,50,47,70,61,11,7,16,12,7,1900000
PS919,Northern Ireland,187,85,23,Sunderland ,59,53,None,70,72,73,68,36,70,52,57,31,60,63,52,58,82,48,58,50,71,70,44,25,26,28,30,37,31,8,13,7,7,7,1900000
PS920,Greece,186,80,23,Panathinaikos ,72,68,None,24,23,50,61,70,19,55,61,39,63,53,70,71,78,62,68,67,73,70,73,73,67,64,50,63,58,5,6,13,10,5,1900000
PS921,France,179,70,29,Angers SCO ,72,71,None,49,51,69,72,73,47,66,72,68,72,60,77,72,69,73,75,75,67,66,71,67,67,70,63,72,73,8,8,7,13,8,1900000
PS922,Germany,184,83,31,Levante UD ,63,53,None,68,72,81,67,49,74,55,62,53,69,66,50,55,80,66,55,63,78,74,66,58,52,55,47,54,51,10,11,9,15,6,1900000
PS923,Denmark,181,79,29,AIK ,72,75,None,25,35,64,68,69,31,72,67,74,71,68,69,55,62,73,69,76,57,44,66,66,66,71,70,62,67,14,13,14,6,15,1900000
PS924,Spain,174,75,26,PAOK FC ,70,68,None,70,71,58,64,49,67,44,62,68,67,55,75,70,64,60,79,60,57,62,39,40,37,62,40,61,36,15,10,13,15,9,1900000
PS925,Uruguay,187,82,23,Nacional ,71,72,None,20,22,33,61,71,30,60,63,63,73,66,74,66,70,66,72,68,62,69,73,76,75,73,55,63,66,11,12,10,6,13,1900000
PS926,Austria,180,65,27,1. FC Magdeburg ,66,67,None,64,65,71,65,59,64,59,65,68,66,59,88,90,63,78,85,74,88,63,70,54,63,59,49,74,47,8,9,14,7,10,1900000
PS927,United States,180,75,26,New England ,66,69,None,65,69,68,63,64,63,63,59,68,68,68,80,76,76,71,84,85,86,69,65,56,49,62,40,55,47,8,8,10,14,12,1900000
PS928,Slovakia,197,82,26,RCD Mallorca ,17,10,None,11,11,16,66,7,14,34,32,14,25,17,15,17,60,21,22,21,40,10,58,9,5,12,10,14,5,71,70,73,77,70,1900000
PS929,Spain,190,80,35,Levante UD ,76,60,None,69,71,74,72,75,74,74,80,59,78,74,50,69,89,48,52,45,75,80,75,65,59,66,65,69,66,15,14,11,6,8,1900000
PS930,Guinea Bissau,198,91,29,Zulte Waregem ,68,64,None,16,29,68,72,72,28,57,69,46,62,37,54,67,88,33,54,48,65,82,72,73,65,46,48,70,66,11,12,13,8,9,1900000
PS931,Greece,175,75,26,FC St. Pauli ,69,65,None,71,70,70,67,69,66,54,66,74,70,59,76,72,61,73,75,72,59,44,57,56,55,68,67,50,62,14,15,8,12,13,1900000
PS932,Germany,182,75,30,Union Berlin ,74,72,None,44,70,61,72,69,59,70,72,78,74,72,54,69,68,66,34,66,83,54,84,61,80,79,67,46,74,10,15,13,12,8,1900000
PS933,Austria,191,82,28,FC St. Gallen ,54,58,None,73,73,75,67,63,70,52,60,62,64,55,73,79,81,44,73,56,78,77,71,48,66,63,69,63,32,14,8,11,8,7,1900000
PS934,Argentina,170,65,24,Lanús ,70,68,None,69,67,72,67,58,65,73,56,61,74,71,69,75,55,77,70,78,65,57,75,57,65,45,55,49,45,9,9,7,14,8,1900000
PS935,Brazil,185,79,22,Middlesbrough ,71,67,None,26,28,64,66,69,32,61,65,46,62,52,69,65,78,66,71,73,71,69,75,71,66,58,41,65,68,11,12,13,13,12,1900000
PS936,Switzerland,183,81,31,Dinamo Zagreb ,69,68,None,40,37,69,66,72,35,57,75,65,68,61,74,63,73,71,73,66,72,72,75,74,68,76,51,77,72,8,7,9,13,13,1900000
PS937,Norway,170,65,22,sc Heerenveen ,74,75,None,47,46,50,58,62,48,67,71,61,66,60,85,77,45,92,74,93,57,29,56,56,55,69,44,49,45,14,14,14,9,8,1900000
PS938,Italy,184,70,28,Go Ahead Eagles ,72,72,None,71,71,68,67,64,65,65,66,73,71,67,70,64,54,70,73,72,52,68,75,53,75,75,59,58,70,9,7,5,8,5,1900000
PS939,Greece,188,92,25,La Spezia ,55,30,None,70,72,75,65,29,68,26,59,40,58,60,49,61,87,47,51,42,77,70,67,25,50,24,29,49,25,5,8,15,9,15,1900000
PS940,England,192,80,29,Middlesbrough ,70,69,None,65,72,77,70,68,66,70,65,45,72,69,66,86,82,50,67,64,34,68,69,69,67,54,52,58,55,8,8,15,7,6,1900000
PS941,England,183,71,28,Nott'm Forest ,64,64,None,66,68,58,69,54,67,54,58,72,66,58,73,84,69,68,75,69,76,61,58,51,51,62,58,53,38,13,12,15,15,13,1900000
PS942,Brazil,178,77,27,Atlético-GO ,75,48,None,77,68,75,65,55,57,48,62,73,62,60,62,79,65,72,76,63,62,70,62,48,59,44,63,70,43,11,10,10,12,11,1900000
PS943,Scotland,172,76,33,Newcastle Utd ,75,75,None,67,73,82,71,73,70,73,73,77,74,72,67,55,60,77,55,67,70,39,76,66,75,78,69,72,75,14,15,8,11,13,1900000
PS944,Argentina,185,78,31,Independiente DV ,73,41,None,65,70,70,68,28,72,38,53,41,69,59,58,74,86,55,60,53,80,71,43,31,30,35,34,44,31,11,15,11,14,14,1900000
PS945,France,188,72,21,ESTAC Troyes ,75,73,None,59,69,64,69,66,70,71,74,58,76,69,69,74,69,60,60,66,55,59,59,51,58,57,42,51,43,12,7,12,11,15,1900000
PS946,Brazil,187,78,36,Al Nassr ,72,68,None,77,77,80,71,56,75,65,83,64,73,72,55,79,80,62,51,64,77,72,80,55,76,58,60,57,54,12,10,6,11,13,1900000
PS947,France,172,70,33,SM Caen ,72,71,None,44,40,67,71,70,50,74,67,74,72,72,70,72,69,86,66,75,80,26,70,67,65,70,67,60,32,13,12,16,7,13,1900000
PS948,England,173,71,29,Blackburn Rovers ,74,73,None,48,56,75,65,74,55,71,75,68,71,67,74,54,77,78,67,78,58,64,70,70,68,73,69,62,61,16,10,7,15,9,1900000
PS949,Argentina,163,63,34,Estudiantes ,73,75,None,38,35,63,73,74,51,70,70,72,73,70,76,55,38,88,75,74,73,71,75,72,74,75,58,64,71,8,10,8,13,10,1900000
PS950,Brazil,179,73,23,Flamengo ,72,76,None,27,29,56,66,57,22,69,65,66,69,39,85,68,65,82,81,78,69,36,73,64,61,73,65,49,56,9,8,6,7,10,1900000
PS951,Spain,177,71,33,Legia Warszawa ,73,73,None,19,13,71,74,76,37,70,80,63,69,63,75,71,68,85,72,82,71,62,74,75,73,74,73,68,71,9,5,12,13,10,1900000
PS952,Greece,188,85,23,PAOK FC ,66,56,None,72,72,71,64,45,71,58,68,57,69,70,69,75,69,59,68,64,77,72,70,35,67,63,49,53,52,10,9,6,6,10,1900000
PS953,South Africa,172,72,28,Mamelodi Sundowns ,71,74,None,63,69,26,64,66,62,68,71,71,69,61,84,81,51,82,81,71,38,59,65,53,62,70,74,53,54,13,8,9,9,7,1900000
PS954,Spain,184,77,22,Real Sociedad ,71,31,None,72,73,64,65,33,69,40,58,25,76,61,53,63,73,59,55,46,77,75,32,18,16,23,24,36,21,14,14,13,14,8,1900000
PS955,Netherlands,182,78,26,FC Utrecht ,72,70,None,68,66,67,70,61,63,61,68,71,69,65,69,78,71,65,76,65,67,63,64,59,32,59,29,43,33,7,12,12,9,9,1900000
PS956,Argentina,189,88,36,Argentina ,37,16,None,19,13,43,77,17,21,54,53,18,35,29,41,35,81,39,45,37,65,19,52,11,17,15,16,20,18,80,78,74,69,85,1900000
PS957,Argentina,177,76,27,Platense ,68,65,None,68,73,68,68,65,72,55,65,55,74,55,75,72,65,72,73,66,73,54,65,47,50,37,43,44,34,14,11,14,11,10,1900000
PS958,France,188,80,34,AS Saint-Étienne ,79,74,None,20,43,47,76,79,28,78,78,57,74,59,30,54,82,47,32,46,46,77,76,77,71,63,59,72,71,8,11,13,11,16,1900000
PS959,Germany,179,71,32,M'gladbach ,73,73,None,54,29,58,69,69,29,67,68,74,74,66,74,67,56,74,68,76,66,54,75,71,75,74,73,62,70,8,14,13,8,7,1900000
PS960,France,169,67,29,FCSM ,73,72,None,35,32,42,65,68,24,67,59,65,67,61,84,73,59,92,77,87,54,43,69,69,63,64,62,68,61,12,12,8,13,11,1900000
PS961,France,181,80,21,Bergamo Calcio ,68,68,None,68,68,68,65,65,64,60,60,69,68,63,80,73,76,72,79,74,75,65,64,41,51,58,32,49,48,10,7,12,12,11,1900000
PS962,Brazil,173,65,23,Atlético Mineiro ,70,74,None,29,33,37,69,66,36,71,63,62,70,63,75,59,45,83,73,81,53,39,68,61,66,73,71,69,60,8,11,9,8,10,1900000
PS963,Portugal,187,84,24,Ascoli ,67,65,None,26,38,72,66,70,28,56,66,51,61,48,68,63,83,65,73,75,74,70,77,72,68,68,60,71,72,9,10,6,10,8,1900000
PS964,Peru,185,80,39,Racing Club ,74,72,None,19,22,61,69,80,36,75,73,68,71,64,52,38,72,65,54,52,74,79,77,79,70,66,54,76,76,11,11,14,7,10,1900000
PS965,Spain,175,68,33,Elche CF ,72,75,None,55,58,53,65,70,56,59,62,68,75,62,83,65,37,78,83,78,74,50,70,73,56,66,55,64,59,12,7,11,6,12,1900000
PS966,Chile,174,77,22,Unión Española ,71,72,None,21,27,37,54,68,25,60,51,70,63,52,89,82,56,80,88,87,46,33,66,62,66,49,68,66,37,7,6,14,12,9,1900000
PS967,Argentina,186,78,22,Orlando City ,70,73,None,45,43,55,57,71,35,55,72,64,63,60,77,85,76,62,85,66,77,59,73,68,63,65,58,59,57,15,12,6,7,7,1900000
PS968,Austria,191,82,23,Düsseldorf ,62,45,None,69,75,69,67,32,69,32,58,32,68,59,58,62,78,40,56,49,67,67,44,34,29,29,33,47,35,6,8,8,14,10,1900000
PS969,Germany,182,71,33,FC Schalke 04 ,75,73,None,43,54,65,72,72,38,77,72,66,76,68,67,68,54,75,61,73,59,52,61,63,58,68,52,58,64,6,7,9,7,14,1900000
PS970,Peru,183,77,21,FBC Melgar ,70,38,None,60,64,55,70,43,66,65,52,73,68,51,83,81,62,81,83,82,82,59,34,43,30,51,33,27,45,9,6,10,15,11,1900000
PS971,Curacao,178,74,26,Birmingham City ,74,74,,56,66,84,66,68,64,70,67,71,71,72,72,73,74,68,68,71,75,61,80,65,71,68,64,59,61,14,6,11,8,10,1800000
PS972,Romania,180,75,24,Romania ,70,69,None,32,35,65,61,65,35,64,68,67,68,65,85,80,67,87,90,87,69,47,74,68,65,74,69,62,48,11,10,8,13,8,1800000
PS973,Republic of Ireland,181,75,26,Rotherham Utd ,69,73,None,58,58,65,68,66,56,63,61,65,66,56,92,82,73,65,91,77,69,60,68,66,62,57,58,51,60,12,11,5,11,14,1800000
PS974,Republic of Ireland,188,78,21,Norwich ,60,55,None,71,74,69,64,30,70,50,56,25,61,58,76,67,81,52,72,63,79,69,42,24,16,36,14,25,27,8,8,10,7,7,1800000
PS975,United States,188,80,31,Austin FC ,67,69,None,30,50,62,70,76,37,59,64,41,60,45,79,80,77,50,86,76,85,66,77,70,64,60,39,68,65,14,11,7,11,11,1800000
PS976,Brazil,175,69,31,Fluminense ,74,71,None,38,52,42,64,71,43,70,73,72,75,63,86,64,53,78,79,78,58,47,61,68,51,71,73,77,61,14,8,14,11,9,1800000
PS977,Kosovo,183,73,29,Kasımpaşa ,70,69,None,64,67,64,64,57,66,62,60,70,69,67,81,85,64,71,81,76,70,63,59,48,41,59,42,67,41,8,15,6,12,11,1800000
PS978,Netherlands,180,74,30,FC Utrecht ,73,70,None,48,61,54,74,74,61,70,73,59,72,70,54,75,68,69,67,68,87,78,75,72,74,69,56,64,67,15,15,15,8,7,1800000
PS979,Slovakia,173,72,21,FC Groningen ,73,74,None,46,52,63,59,64,42,70,61,61,72,71,75,76,62,86,73,72,33,40,70,63,69,69,72,60,56,15,10,9,9,12,1800000
PS980,Cyprus,179,71,25,Salernitana ,75,75,None,30,27,52,62,67,28,70,66,54,71,68,66,55,68,77,69,68,34,36,72,60,67,65,70,48,60,8,8,6,7,7,1800000
PS981,Venezuela,184,87,31,Pisa ,69,64,None,21,23,40,71,74,25,58,68,44,62,49,70,78,84,63,75,80,89,70,72,74,60,55,54,72,62,13,10,9,5,8,1800000
PS982,Slovenia,175,70,28,Palermo ,73,62,None,69,72,67,66,67,72,66,66,60,73,70,69,69,69,72,68,71,64,52,70,52,72,64,66,50,64,13,13,5,12,15,1800000
PS983,New Zealand,177,70,24,Jahn Regensburg ,70,71,None,41,47,63,66,60,51,72,64,67,70,69,80,66,51,81,69,80,42,44,68,64,67,73,64,64,60,8,14,6,12,8,1800000
PS984,Argentina,175,74,24,Unión ,70,72,None,49,53,56,59,73,49,75,57,57,74,75,69,80,67,80,72,68,63,53,80,67,69,81,72,64,63,8,11,12,7,8,1800000
PS985,Spain,177,72,21,CA Osasuna ,71,72,None,38,51,49,68,70,51,69,65,59,71,67,74,73,65,68,65,71,61,65,72,73,69,59,59,70,59,6,6,6,13,13,1800000
PS986,Brazil,170,67,22,New York City FC ,71,73,None,30,34,32,66,70,31,67,67,61,68,59,79,73,52,64,78,79,66,51,66,52,69,69,60,58,58,13,8,7,6,8,1800000
PS987,Sweden,182,74,31,Jeju United ,68,73,None,45,55,60,67,66,45,71,68,68,70,62,82,76,70,67,80,83,71,50,65,64,66,73,56,55,59,7,8,8,15,10,1800000
PS988,Argentina,174,71,30,Barracas Central ,77,76,None,36,41,57,64,65,43,64,82,70,70,63,79,63,53,84,77,82,71,57,67,59,66,75,70,72,63,11,7,6,7,8,1800000
PS989,France,183,73,21,Crystal Palace ,75,77,None,58,66,68,70,65,65,68,66,57,75,64,76,68,58,78,68,79,66,56,68,59,62,45,46,49,48,5,13,9,7,9,1800000
PS990,South Africa,182,78,27,Strasbourg ,71,71,None,12,15,55,65,71,24,61,73,54,66,53,67,63,70,65,65,60,66,70,71,73,69,59,51,68,69,7,14,14,11,10,1800000
PS991,Ukraine,190,84,27,Dynamo Kyiv ,65,68,None,31,37,44,72,76,40,49,68,33,67,43,73,65,75,57,69,55,63,74,66,68,64,37,46,57,62,5,6,8,15,8,1800000
PS992,Netherlands,183,72,26,Middlesbrough ,68,64,None,70,71,74,70,29,70,42,63,56,69,64,80,77,75,68,75,67,74,64,54,26,33,37,33,43,30,15,9,6,10,13,1800000
PS993,United States,180,67,22,Colorado Rapids ,72,68,None,57,59,60,67,68,52,75,50,55,72,67,71,73,63,70,65,72,63,63,60,64,59,52,48,53,36,12,14,15,11,5,1800000
PS994,Denmark,191,83,29,1. FC Köln ,66,67,None,67,71,72,70,56,69,55,65,66,65,47,61,89,82,48,67,56,70,72,49,30,39,41,25,30,28,15,6,7,7,14,1800000
PS995,Brazil,177,78,21,Santa Clara ,73,72,None,23,24,41,69,70,24,67,70,66,65,62,78,66,60,65,74,78,53,57,60,67,68,68,70,72,63,10,10,7,7,10,1800000
PS996,Turkey,179,72,31,Kasımpaşa ,74,75,None,21,29,39,65,70,46,72,72,70,74,69,71,59,52,79,65,76,64,40,64,66,64,74,69,81,68,15,13,14,14,10,1800000
PS997,England,193,84,28,Blackpool ,56,49,None,71,72,68,67,36,69,44,68,39,59,52,68,68,85,49,70,44,67,69,40,25,23,35,31,36,28,7,7,10,8,6,1800000
PS998,Grenada,175,67,25,Brentford ,74,77,None,66,68,70,70,69,70,71,74,65,72,66,74,68,69,79,67,72,65,61,60,56,60,51,41,41,58,15,5,13,10,14,1800000
PS999,Poland,191,80,27,Huddersfield ,59,46,None,65,69,72,70,61,74,34,55,41,61,51,59,71,79,59,64,53,91,73,52,52,41,29,40,37,49,12,14,10,9,7,1800000
PS1000,Spain,172,63,25,Málaga CF ,67,65,None,40,50,37,77,72,52,76,68,67,71,69,77,58,38,90,66,86,37,37,62,64,62,76,73,58,56,5,9,10,14,14,1800000
PS1001,Senegal,188,80,26,Reading ,66,70,None,70,71,84,68,50,72,62,69,42,68,65,42,73,84,42,47,56,75,71,76,42,66,57,42,47,44,8,11,13,11,6,1800000
PS1002,Argentina,179,71,26,FC Famalicão ,72,67,None,63,64,70,68,63,64,72,67,59,73,72,68,76,70,73,63,70,71,58,70,64,72,67,71,52,46,12,7,12,13,10,1800000
PS1003,Serbia,179,67,25,Toulouse FC ,68,76,None,38,35,41,66,67,35,69,63,58,70,62,83,78,58,76,78,88,52,41,65,66,65,65,67,61,58,14,14,11,11,7,1800000
PS1004,Italy,177,68,27,Südtirol ,74,69,None,62,68,73,74,52,74,67,66,66,74,71,81,77,63,78,84,80,77,57,68,52,63,65,57,58,57,10,13,11,15,11,1800000
PS1005,France,177,76,27,Kayserispor ,71,72,None,69,68,75,72,62,66,71,70,55,69,69,77,81,82,76,76,75,88,64,74,69,66,52,53,57,51,11,16,9,6,9,1800000
PS1006,Senegal,193,90,28,QPR ,20,10,None,14,9,24,72,6,11,50,44,7,45,45,39,26,63,33,41,34,66,20,53,9,5,31,8,8,8,69,70,68,71,75,1800000
PS1007,DR Congo,175,75,26,Burnley ,75,73,None,58,60,66,70,64,65,65,69,68,73,71,78,83,64,78,69,74,82,53,73,61,71,73,62,67,66,7,8,7,9,8,1800000
PS1008,Spain,172,68,36,RCD Mallorca ,75,74,None,20,23,72,75,77,26,62,70,56,72,49,69,51,68,75,69,71,75,70,76,76,72,62,57,69,77,14,6,13,8,11,1800000
PS1009,Spain,178,69,21,Real Sociedad ,72,74,None,38,34,57,71,68,40,71,68,55,65,60,78,68,64,74,72,78,61,49,58,70,58,42,61,71,59,15,11,9,12,14,1800000
PS1010,Ukraine,189,84,26,Bordeaux ,69,68,None,72,74,83,72,69,71,68,68,66,75,69,50,75,87,52,52,56,56,71,68,49,48,57,56,48,44,15,13,8,8,11,1800000
PS1011,England,175,75,24,Blackpool ,73,79,None,40,38,40,66,67,24,59,58,67,67,59,77,68,46,82,68,78,45,34,66,65,61,63,56,61,56,13,14,13,8,7,1800000
PS1012,Nigeria,183,80,27,FC Augsburg ,72,74,None,29,26,44,68,64,31,60,58,72,69,54,85,34,53,75,89,78,66,53,64,63,56,64,42,52,55,11,15,6,13,11,1800000
PS1013,Germany,185,72,20,Hannover 96 ,70,70,None,17,21,47,69,75,22,67,57,55,67,55,81,78,50,74,90,80,61,61,66,72,65,50,41,61,58,6,6,8,8,13,1800000
PS1014,England,164,63,21,Blackburn Rovers ,70,74,None,38,42,54,63,65,45,65,62,67,65,58,85,68,38,90,79,92,70,47,60,62,57,63,42,45,55,6,5,9,6,5,1800000
PS1015,England,181,72,21,Middlesbrough ,72,70,None,21,18,59,68,71,22,58,69,44,63,46,78,63,72,83,77,76,73,65,72,72,65,56,47,58,62,6,5,6,12,14,1800000
PS1016,Ivory Coast,173,58,24,FC Lorient ,70,74,None,55,57,61,57,65,44,61,66,65,70,62,86,69,37,84,85,83,58,31,56,65,49,57,56,60,46,13,12,13,14,13,1800000
PS1017,Greece,178,71,25,1. FC Köln ,72,74,None,35,39,50,66,69,26,67,63,65,68,55,76,68,55,79,69,77,55,56,70,65,68,60,66,55,70,12,15,8,7,5,1800000
PS1018,Senegal,178,74,25,FC Metz ,70,69,None,18,23,38,62,70,19,62,69,68,72,64,76,70,65,74,80,71,68,65,71,68,69,65,67,67,67,13,6,10,11,8,1800000
PS1019,Sweden,184,74,37,IFK Göteborg ,71,68,None,25,33,59,75,83,28,66,75,56,72,51,66,67,71,71,68,70,83,74,75,77,72,66,57,70,70,8,10,7,12,14,1800000
PS1020,Italy,185,78,27,Cagliari ,57,41,None,72,74,72,60,32,78,36,60,31,70,61,65,70,68,65,55,66,73,68,38,33,40,39,34,40,41,10,9,6,8,15,1800000
PS1021,Canada,171,79,28,CF Montréal ,65,54,None,63,73,79,69,28,70,54,60,39,73,65,52,85,76,85,54,65,76,63,64,30,22,49,24,43,20,7,15,10,10,9,1800000
PS1022,United States,175,74,27,Chicago Fire FC ,73,71,None,12,24,41,63,67,15,72,69,60,66,54,80,66,68,68,82,77,66,61,63,67,59,46,41,59,53,13,12,11,13,6,1800000
PS1023,Portugal,180,79,37,Hellas Verona ,83,72,None,66,67,72,69,62,61,80,81,80,81,80,45,58,69,73,44,63,65,67,80,61,79,83,79,73,70,8,16,7,9,15,1800000
PS1024,England,193,75,27,Blackburn Rovers ,67,69,None,43,41,71,69,68,44,57,59,64,59,53,65,73,78,54,74,64,75,74,76,70,64,54,45,60,71,13,12,11,16,8,1800000
PS1025,England,175,65,38,Aston Villa ,76,74,,74,77,83,77,72,75,74,79,78,78,73,69,68,68,76,67,74,65,72,71,63,65,82,75,60,74,16,16,10,15,15,1700000
PS1026,Germany,186,85,23,SC Freiburg ,71,62,None,67,72,79,69,49,66,65,54,49,73,70,63,64,70,62,65,64,79,64,58,44,49,42,49,48,41,10,13,8,11,7,1700000
PS1027,Zimbabwe,173,75,23,AFC Bournemouth ,67,66,None,65,67,58,68,55,66,55,60,64,67,52,81,76,55,72,79,70,64,44,42,41,31,56,29,42,26,8,11,10,13,8,1700000
PS1028,Italy,190,83,22,Empoli ,67,61,None,34,38,62,75,73,25,53,64,42,59,40,65,61,69,59,77,56,62,72,68,71,66,41,45,57,59,10,14,13,13,11,1700000
PS1029,England,178,73,22,Watford ,66,68,None,69,74,63,68,47,67,32,54,60,66,53,74,68,60,73,73,63,68,58,24,26,28,44,25,37,29,13,13,14,9,14,1700000
PS1030,Cameroon,183,73,27,Estoril Praia ,71,72,None,71,71,71,70,68,67,69,69,68,71,68,68,72,69,69,67,74,63,68,72,53,67,78,64,64,65,11,10,12,12,12,1700000
PS1031,Brazil,176,71,19,PSV ,75,76,None,36,30,45,53,65,25,70,50,70,70,60,83,62,40,71,79,66,55,45,57,64,61,64,55,62,58,9,9,12,8,12,1700000
PS1032,Argentina,176,69,20,Juventus ,80,80,None,39,41,33,50,50,19,54,54,74,76,69,76,66,34,77,74,81,59,49,66,58,72,79,73,69,69,15,15,8,11,14,1700000
PS1033,Argentina,183,80,32,Vélez Sarsfield ,72,66,None,73,74,81,69,56,65,64,57,71,68,67,62,82,80,52,70,58,59,55,77,41,63,54,40,42,55,9,8,14,13,6,1700000
PS1034,Switzerland,173,80,25,BSC Young Boys ,70,71,None,65,65,77,66,67,63,59,71,67,68,68,78,73,79,78,79,70,79,64,68,54,62,58,39,30,45,11,6,9,8,13,1700000
PS1035,Uruguay,173,64,23,Liverpool ,58,68,None,65,71,52,57,67,74,52,61,73,71,61,71,78,48,54,84,74,61,48,76,51,70,71,76,57,63,11,12,13,14,7,1700000
PS1036,Italy,184,75,28,Como ,75,64,None,59,65,65,68,58,71,62,68,44,78,67,51,92,60,66,56,62,63,58,58,63,50,58,42,52,45,8,10,10,7,12,1700000
PS1037,Italy,173,74,22,Empoli ,72,74,None,32,38,64,71,72,33,59,63,58,68,54,76,69,62,75,78,74,46,62,73,67,63,57,38,56,59,14,7,12,8,14,1700000
PS1038,England,188,72,30,Wolves ,30,17,None,13,11,24,72,12,22,50,55,18,43,26,48,31,67,41,43,51,75,11,52,11,13,12,12,22,13,72,74,66,69,73,1700000
PS1039,Spain,184,75,23,Levante UD ,71,74,None,25,24,48,66,68,25,62,62,67,71,60,84,76,67,75,90,77,64,62,74,64,63,45,48,59,64,15,12,14,14,9,1700000
PS1040,Spain,175,71,28,UD Las Palmas ,67,69,None,32,39,57,66,69,48,68,67,68,66,62,80,81,61,77,79,76,53,48,75,66,65,74,49,48,69,7,7,12,10,5,1700000
PS1041,Belgium,182,75,23,Stade de Reims ,68,68,None,66,68,64,63,57,65,53,59,71,68,60,71,69,65,68,72,69,69,69,54,47,51,63,37,46,42,7,8,14,11,12,1700000
PS1042,Norway,179,75,24,Randers FC ,69,64,None,65,67,66,67,59,67,61,67,55,71,68,69,87,71,74,65,77,70,55,64,49,49,58,50,50,55,11,8,8,13,13,1700000
PS1043,Argentina,169,65,22,Celtic ,70,77,None,64,64,72,64,66,59,60,63,75,68,63,86,83,59,81,93,88,73,39,71,62,70,76,71,60,54,11,13,9,10,5,1700000
PS1044,Tunisia,176,70,28,Hatayspor ,73,73,None,65,66,71,66,66,68,74,71,69,72,61,82,77,58,84,65,89,78,55,66,60,60,73,62,59,58,7,13,12,6,13,1700000
PS1045,Argentina,175,69,27,San Lorenzo ,71,66,None,70,68,73,70,66,70,69,71,66,72,69,70,82,66,74,67,70,70,61,65,50,63,58,53,57,47,9,9,6,13,13,1700000
PS1046,Germany,179,68,28,Hannover 96 ,75,71,None,59,56,52,70,69,59,68,69,61,71,68,77,85,64,82,60,81,82,65,65,62,54,53,55,54,46,11,11,7,8,9,1700000
PS1047,Chile,170,68,29,D.C. United ,69,70,None,40,41,58,65,65,50,67,67,71,67,68,82,65,53,78,84,85,73,57,68,59,60,67,70,52,58,11,14,12,8,6,1700000
PS1048,Ghana,190,79,29,Orlando Pirates ,38,28,None,22,21,45,65,11,19,40,56,20,45,39,39,30,72,64,47,54,84,15,58,18,20,36,25,59,12,68,74,71,77,73,1700000
PS1049,DR Congo,173,58,28,Al Batin ,73,80,None,27,33,56,70,65,21,54,59,54,66,55,83,80,45,84,86,81,49,44,68,67,60,58,39,59,55,10,8,9,6,9,1700000
PS1050,Republic of Ireland,169,71,23,Burnley ,67,68,None,15,23,60,69,68,13,61,65,50,63,44,85,61,66,89,78,82,69,63,70,71,61,58,41,67,63,12,11,11,13,9,1700000
PS1051,Denmark,182,75,28,FC Nordsjælland ,72,70,None,41,50,57,71,69,31,71,58,64,68,65,72,67,65,69,72,76,60,53,69,70,67,69,73,66,57,12,7,8,10,13,1700000
PS1052,Canada,185,77,28,Toronto FC ,73,72,None,64,71,72,69,68,69,69,65,56,73,71,70,82,73,57,72,68,66,68,62,53,49,56,37,46,44,6,14,10,9,6,1700000
PS1053,Germany,182,74,25,1. FC Nürnberg ,66,66,None,67,69,61,65,56,66,55,61,65,60,58,84,89,66,69,79,70,66,52,63,42,59,69,59,36,43,7,11,11,15,10,1700000
PS1054,Republic of Ireland,175,73,23,Hull City ,72,69,None,15,18,68,72,70,16,47,63,40,65,42,78,67,61,76,73,77,71,65,73,68,67,32,43,61,67,13,12,8,12,12,1700000
PS1055,Belgium,188,88,29,KAA Gent ,25,18,None,18,11,28,70,11,12,53,46,11,37,53,53,33,68,49,48,45,65,11,53,14,12,11,19,30,14,71,72,73,71,70,1700000
PS1056,Greece,184,80,28,FC Andorra ,74,75,None,27,26,43,64,67,44,61,65,62,64,62,75,62,71,58,77,67,68,54,72,72,68,57,45,56,62,9,15,8,7,12,1700000
PS1057,Ukraine,173,62,25,Dynamo Kyiv ,66,73,None,67,70,67,65,66,67,67,63,67,74,69,79,71,45,82,75,73,69,45,59,30,61,72,46,34,58,13,7,14,9,13,1700000
PS1058,Morocco,181,72,32,Havre AC ,69,67,None,71,74,71,68,61,71,60,69,63,71,68,66,80,72,66,65,63,60,66,59,35,56,69,38,33,35,13,6,13,11,8,1700000
PS1059,Argentina,186,82,23,Tigre ,70,60,None,21,15,42,67,74,23,56,55,44,58,43,57,64,83,53,63,58,80,77,77,68,67,45,45,68,58,11,14,10,9,10,1700000
PS1060,Greece,173,70,29,Gaziantep ,70,69,None,70,72,70,66,64,68,63,62,63,69,67,77,72,62,78,76,74,75,58,75,54,71,56,57,41,47,15,9,9,9,14,1700000
PS1061,Switzerland,194,88,25,BSC Young Boys ,52,43,,71,72,63,61,37,68,34,56,43,60,55,55,75,84,33,68,34,74,74,41,33,18,29,22,34,34,10,5,14,12,5,1600000
PS1062,Uruguay,185,77,25,D. Alavés ,66,62,,72,73,80,69,40,72,65,70,60,69,61,69,66,70,59,65,62,72,68,64,38,39,45,43,53,36,12,14,9,14,13,1600000
PS1063,Belgium,180,64,24,KV Oostende ,71,70,None,54,54,37,63,66,52,60,68,66,66,64,79,72,42,73,77,77,71,38,63,61,38,44,46,48,63,11,6,10,7,14,1600000
PS1064,Germany,180,78,26,1. FC Nürnberg ,72,74,None,52,57,51,66,66,55,67,66,62,70,64,69,69,64,74,55,74,62,54,71,65,72,70,69,58,67,14,13,11,8,8,1600000
PS1065,Argentina,185,79,31,Argentinos Jrs. ,22,18,None,16,18,28,71,19,27,28,35,20,29,22,58,35,62,57,44,44,75,14,51,19,15,17,14,23,12,70,72,67,68,75,1600000
PS1066,Italy,187,75,30,Ascoli ,70,66,None,20,23,68,72,76,33,59,73,58,70,62,54,67,75,66,54,62,63,72,71,75,66,55,45,76,57,13,9,12,9,12,1600000
PS1067,Ghana,182,78,21,Hamburger SV ,69,72,None,35,42,43,56,67,38,65,62,56,66,55,85,66,59,82,87,80,87,60,62,68,59,58,34,58,47,6,15,10,9,7,1600000
PS1068,Korea Republic,172,64,28,Jeonbuk Hyundai ,70,68,None,62,65,64,63,65,62,55,62,63,67,61,89,84,56,79,84,85,62,48,57,52,57,63,32,45,43,7,8,8,8,9,1600000
PS1069,Belgium,168,62,23,FC Utrecht ,73,73,None,47,51,54,66,54,43,67,64,66,68,65,82,80,32,82,75,91,68,30,71,57,64,74,53,52,61,11,7,6,8,10,1600000
PS1070,Spain,178,75,22,Giresunspor ,68,69,None,37,33,61,65,66,42,65,59,63,65,60,80,70,46,74,75,74,33,34,55,68,42,62,58,66,58,9,11,5,7,11,1600000
PS1071,Algeria,186,72,24,Nîmes Olympique ,74,74,None,55,62,67,68,68,60,68,67,63,72,67,60,62,66,59,65,70,68,66,64,59,60,70,49,65,57,14,7,5,8,15,1600000
PS1072,Brazil,173,66,27,FC Lorient ,72,72,None,63,67,63,62,67,65,58,56,68,64,64,76,74,59,80,78,80,64,58,69,44,60,64,52,44,53,6,11,12,14,8,1600000
PS1073,Italy,182,77,31,Como ,73,72,None,20,22,50,72,75,36,66,68,62,62,57,72,82,67,80,78,81,70,64,70,70,64,63,41,70,68,13,5,12,10,11,1600000
PS1074,Norway,178,74,30,Djurgårdens IF ,69,67,None,48,55,71,69,74,59,70,68,62,70,57,73,91,75,75,76,76,58,55,72,67,67,60,50,62,59,12,10,14,13,16,1600000
PS1075,Uruguay,184,89,24,Unión ,64,64,None,19,26,45,59,77,40,68,64,43,70,53,61,61,66,52,65,67,83,79,65,75,64,65,63,78,73,6,10,12,13,14,1600000
PS1076,Brazil,178,71,27,Fortaleza ,53,49,None,72,67,51,73,38,67,43,70,75,72,54,61,59,68,44,70,66,42,60,46,51,34,43,45,42,50,10,17,10,17,19,1600000
PS1077,Belgium,180,70,21,Cercle Brugge ,67,67,None,65,67,67,64,62,62,70,64,80,68,71,77,75,60,75,74,74,73,57,70,48,62,77,72,50,37,9,11,9,9,12,1600000
PS1078,Brazil,188,85,23,Fortaleza ,52,41,None,67,73,63,62,23,67,41,60,44,61,71,64,55,86,43,58,63,77,76,62,52,54,45,43,61,31,8,13,10,7,10,1600000
PS1079,Chile,168,67,25,Everton de Viña ,69,67,None,68,72,68,69,56,72,67,68,54,77,65,71,89,66,87,70,80,76,40,56,48,54,47,44,48,43,8,13,8,10,8,1600000
PS1080,England,185,72,22,Coventry City ,66,63,None,69,72,69,69,42,70,60,65,63,67,65,67,66,76,65,72,61,77,69,63,35,44,53,33,43,33,12,9,10,6,8,1600000
PS1081,Chile,176,75,32,Uni. Católica ,74,72,None,43,50,60,64,68,57,72,68,69,73,70,73,73,73,80,69,74,58,37,77,63,74,80,74,70,43,15,7,10,10,8,1600000
PS1082,Argentina,182,75,21,Royal Antwerp FC ,65,61,None,68,70,70,67,41,70,63,71,55,70,65,70,71,74,69,79,67,77,69,64,32,42,62,67,45,28,9,14,11,10,6,1600000
PS1083,Turkey,186,75,25,Galatasaray ,68,66,None,71,72,73,73,63,69,62,58,46,68,72,74,91,64,61,75,61,61,51,67,58,66,41,47,52,45,9,15,8,10,6,1600000
PS1084,United States,178,74,26,SJ Earthquakes ,68,66,None,63,63,69,70,60,67,68,72,58,72,73,64,83,68,68,54,67,59,63,71,56,61,63,60,56,66,8,11,13,14,11,1600000
PS1085,Korea Republic,175,73,31,Jeonbuk Hyundai ,62,68,None,68,66,64,66,68,67,57,63,70,65,62,84,76,62,79,82,82,66,58,46,29,52,66,67,49,23,9,14,6,12,7,1600000
PS1086,Nigeria,191,92,30,Salernitana ,47,37,None,71,73,76,65,30,73,41,69,37,51,48,54,66,84,55,67,32,67,75,53,23,33,25,26,40,26,9,6,15,10,7,1600000
PS1087,Curacao,181,77,30,Giresunspor ,70,76,None,19,34,50,67,70,23,68,69,67,66,58,77,57,75,76,78,77,65,39,80,66,75,73,76,56,66,10,11,10,14,13,1600000
PS1088,Germany,184,89,25,SV Werder Bremen ,73,72,None,52,42,47,68,64,32,69,65,73,72,72,55,55,74,71,61,60,54,48,82,60,75,69,71,59,55,7,6,11,14,10,1600000
PS1089,Denmark,185,81,23,VfB Stuttgart ,73,73,None,61,68,67,72,63,65,70,66,65,73,65,70,74,69,77,77,76,74,60,51,55,38,45,40,41,32,6,13,9,13,12,1600000
PS1090,Croatia,179,73,30,Hajduk Split ,69,68,None,69,70,72,69,77,64,61,71,69,67,58,69,76,61,66,69,67,57,65,68,67,63,49,51,42,64,8,15,7,10,6,1600000
PS1091,Iceland,179,77,32,Burnley ,73,71,None,55,63,66,72,71,62,74,76,71,75,73,69,60,67,75,62,68,76,62,78,65,72,76,74,70,72,10,7,6,14,8,1600000
PS1092,Czech Republic,185,80,26,SV Sandhausen ,66,62,None,24,28,82,68,71,30,59,55,51,62,39,66,61,84,52,68,62,73,76,68,71,61,47,49,60,72,10,6,7,8,11,1600000
PS1093,Portugal,186,81,23,Estoril Praia ,55,50,None,68,69,71,66,27,73,31,63,33,59,57,63,70,79,53,64,51,76,63,48,26,29,34,35,41,34,14,15,8,7,11,1600000
PS1094,England,168,65,23,Millwall ,70,70,None,59,66,70,72,64,66,63,72,65,74,71,81,83,61,87,77,83,60,46,55,49,44,48,38,33,38,9,14,14,11,11,1600000
PS1095,Nigeria,190,80,25,Orlando Pirates ,53,50,None,73,79,60,65,44,71,52,62,46,64,52,78,83,72,74,80,63,87,64,58,42,39,44,47,47,41,7,7,7,11,6,1600000
PS1096,Uruguay,169,65,26,River Plate ,76,76,None,42,40,51,67,58,35,73,65,66,66,64,72,66,42,79,74,83,60,54,62,67,58,68,65,70,65,12,12,9,14,6,1600000
PS1097,England,183,80,30,Coventry City ,69,61,None,65,69,78,69,63,67,63,66,74,66,65,67,81,73,64,68,62,68,65,66,37,51,58,63,49,44,12,13,13,12,12,1600000
PS1098,China PR,177,72,30,Shandong Taishan ,65,70,None,38,42,56,62,66,38,63,66,66,66,60,84,75,63,70,84,81,72,62,63,69,65,59,54,52,60,14,15,12,14,9,1600000
PS1099,England,167,64,23,Blackpool ,74,76,None,31,36,39,66,59,27,63,66,66,64,48,84,60,55,88,73,82,40,27,52,59,49,49,36,47,45,8,7,9,7,11,1600000
PS1100,Slovakia,179,78,32,Sydney FC ,72,75,None,31,31,55,62,70,52,69,70,68,64,59,81,51,63,67,67,75,64,58,71,71,68,75,63,58,69,13,10,6,8,9,1600000
PS1101,United States,178,69,30,FC Dallas ,73,71,None,58,60,56,74,68,61,72,75,68,78,63,69,78,76,72,72,75,59,55,73,63,57,70,54,56,60,7,6,14,13,9,1600000
PS1102,Germany,185,82,26,Fürth  ,66,64,None,62,67,71,67,53,80,61,62,62,68,64,57,80,78,64,67,63,73,65,64,45,50,64,49,48,39,14,15,7,11,9,1600000
PS1103,Portugal,178,73,25,Santa Clara ,71,70,None,43,36,46,68,70,26,67,64,67,67,63,67,58,58,69,72,66,57,40,66,68,63,53,45,53,56,11,5,13,5,9,1600000
PS1104,Brazil,177,65,29,Tianjin JMT FC ,71,73,None,22,21,36,61,62,20,62,59,67,67,63,80,59,56,71,90,73,47,41,64,67,62,66,67,52,60,7,14,6,8,8,1600000
PS1105,Italy,173,65,32,Monza ,75,77,None,29,36,38,60,61,31,60,74,72,70,58,87,69,38,83,85,89,43,44,68,54,62,73,59,58,68,6,14,11,11,9,1600000
PS1106,Slovenia,176,69,24,SK Sturm Graz ,70,68,None,46,53,62,65,66,57,70,68,68,70,68,68,74,64,74,71,73,61,47,68,64,70,68,68,70,66,11,15,14,9,12,1600000
PS1107,Argentina,175,67,30,Olimpia ,65,67,None,69,71,76,66,58,64,43,55,60,66,61,86,84,62,74,90,90,62,52,55,47,49,47,35,36,35,7,13,16,8,13,1600000
PS1108,Switzerland,190,80,25,RB Salzburg ,28,23,None,14,13,28,68,7,12,54,32,11,35,30,48,28,63,26,43,56,41,12,50,8,7,10,14,16,6,69,73,65,67,74,1600000
PS1109,England,185,75,23,Plymouth Argyle ,23,13,None,12,14,24,67,7,12,58,32,10,54,56,30,28,46,43,36,28,59,14,50,8,9,12,11,11,6,69,70,69,67,72,1600000
PS1110,Switzerland,184,79,22,FC Basel 1893 ,70,72,None,47,48,56,64,67,30,64,63,65,67,53,80,61,64,72,82,74,58,52,70,64,61,58,57,60,58,15,10,14,10,12,1600000
PS1111,England,179,85,34,Leicester City ,75,73,None,73,74,75,69,63,70,64,73,76,75,69,60,54,69,69,67,63,72,68,59,50,54,71,66,52,43,10,11,13,15,15,1600000
PS1112,Argentina,176,71,23,New York City FC ,70,71,None,50,49,46,68,68,46,68,61,59,62,58,81,66,56,74,84,78,46,52,68,64,50,51,58,69,46,6,13,10,11,11,1600000
PS1113,Italy,180,71,33,Cremonese ,71,66,None,70,72,70,69,55,72,66,72,65,71,68,61,78,77,72,53,68,73,64,85,65,73,62,68,58,70,8,7,6,9,14,1600000
PS1114,Australia,185,80,25,Hearts ,45,33,None,69,73,71,61,27,67,29,62,26,67,61,62,76,77,64,70,60,84,70,34,16,27,24,22,33,31,10,13,12,6,9,1600000
PS1115,Germany,175,63,23,KV Oostende ,75,73,None,52,59,53,58,53,58,71,60,66,75,74,76,70,56,81,67,79,63,37,57,60,62,69,56,54,59,7,9,8,12,7,1600000
PS1116,Angola,177,74,25,Vitória SC ,74,75,None,30,35,44,65,63,44,61,60,61,65,54,81,76,64,73,76,74,44,46,75,64,60,58,44,64,61,6,6,7,10,5,1600000
PS1117,Greece,175,67,30,Sheffield Utd ,68,68,None,68,69,74,67,58,64,60,64,69,67,58,78,80,67,73,75,78,82,55,46,50,44,54,37,45,33,10,13,13,6,15,1600000
PS1118,United States,163,64,22,Red Bulls ,71,67,None,61,72,80,67,60,63,69,61,54,73,69,73,80,54,77,71,83,59,38,68,48,53,62,48,45,46,14,13,7,15,11,1600000
PS1119,Argentina,189,80,28,Perugia ,70,67,None,74,72,71,58,72,64,68,65,70,71,68,64,73,82,50,63,63,75,70,48,58,38,48,41,47,35,13,13,13,11,11,1600000
PS1120,Portugal,174,64,23,Lech Poznań ,75,75,None,56,59,58,72,72,56,72,65,59,71,67,77,69,47,80,74,72,46,47,75,58,59,69,42,59,54,14,5,14,14,7,1600000
PS1121,Spain,181,69,30,CD Leganés ,71,70,None,73,75,57,74,72,73,73,69,65,73,74,54,30,58,72,49,70,70,48,70,68,72,78,81,69,42,11,7,13,8,7,1600000
PS1122,Germany,184,75,23,VfL Bochum ,74,73,None,64,68,63,68,59,71,69,62,59,70,69,70,69,67,68,78,69,67,66,56,48,54,59,39,42,41,6,12,5,12,6,1600000
PS1123,Germany,183,81,25,Fürth  ,66,67,None,22,19,53,65,65,17,54,68,41,60,45,80,66,81,69,80,67,90,78,72,66,58,47,34,60,56,12,6,12,8,10,1600000
PS1124,Italy,193,88,31,Benevento ,19,11,None,12,13,22,64,8,12,40,55,14,33,29,31,30,58,22,33,49,31,16,52,8,7,10,13,15,12,73,73,70,69,72,1600000
PS1125,Germany,184,81,27,Heidenheim ,63,64,None,68,69,62,64,42,69,48,57,61,63,54,66,73,74,60,85,62,87,63,61,29,41,46,39,42,27,13,10,11,7,7,1600000
PS1126,Poland,176,70,25,Charlotte FC ,68,73,None,35,44,45,62,63,33,62,62,64,63,56,85,70,68,81,84,85,52,41,60,58,45,61,34,52,49,9,10,14,8,13,1600000
PS1127,United States,187,71,21,Rangers ,73,73,None,27,41,48,67,65,14,66,63,39,71,62,82,58,70,67,80,68,62,73,70,66,60,44,38,58,51,12,9,11,11,9,1600000
PS1128,France,187,81,30,Bordeaux ,66,63,None,73,71,70,68,55,71,65,70,66,70,72,67,79,77,54,69,61,62,72,68,38,58,65,73,58,51,10,14,11,9,13,1600000
PS1129,Republic of Ireland,180,64,31,Birmingham City ,66,68,None,23,30,44,71,72,27,55,70,48,55,53,81,65,64,67,79,71,52,71,70,73,62,64,38,65,69,8,9,6,12,12,1600000
PS1130,Germany,183,80,23,SV Werder Bremen ,69,68,None,63,69,76,72,59,67,65,60,65,73,69,68,77,73,75,73,69,61,45,66,59,59,40,50,59,44,12,13,13,5,5,1600000
PS1131,Argentina,190,82,32,Platense ,52,45,None,72,74,73,70,43,74,29,65,45,73,55,50,71,79,64,53,55,71,70,47,40,35,31,33,64,31,6,5,9,11,9,1600000
PS1132,Guinea,188,81,25,Paris FC ,69,67,None,21,33,39,68,69,28,68,67,65,68,56,77,61,71,35,82,82,36,53,65,67,62,59,48,60,62,8,10,7,10,5,1600000
PS1133,Italy,184,76,22,Monza ,75,73,None,62,66,71,62,60,58,60,68,67,76,74,64,78,68,60,68,65,65,54,76,45,75,74,76,54,66,6,12,7,12,8,1600000
PS1134,Poland,177,72,25,Norwich ,67,68,None,33,40,46,62,63,41,63,59,64,63,47,89,76,47,85,94,89,65,37,67,65,49,55,46,40,49,7,13,8,13,14,1600000
PS1135,Costa Rica,175,70,33,VfL Bochum ,69,68,None,68,69,77,69,65,69,63,67,67,65,67,86,70,65,87,89,81,90,64,68,32,52,66,54,54,58,7,12,10,13,14,1600000
PS1136,Romania,173,66,25,Sepsi OSK ,67,66,None,57,58,60,64,69,61,57,67,64,66,60,81,81,67,71,81,77,71,53,67,68,56,55,47,59,45,13,13,10,14,15,1600000
PS1137,United States,175,70,26,Portland Timbers ,70,71,None,62,65,63,71,69,68,70,70,63,71,69,73,76,70,79,72,72,57,50,65,60,45,63,48,48,50,9,5,8,10,10,1600000
PS1138,Spain,175,68,22,Parma ,77,75,None,49,64,69,61,63,61,66,73,68,72,70,80,66,51,81,75,80,51,46,68,67,61,75,65,58,56,10,8,12,9,9,1600000
PS1139,Spain,191,78,25,Genoa ,11,8,None,15,13,24,60,11,11,52,42,12,27,24,24,42,58,22,30,32,37,11,50,6,7,11,12,18,6,70,74,70,66,74,1600000
PS1140,Belgium,180,73,32,STVV ,70,72,None,26,36,59,68,73,36,68,68,63,68,61,75,66,67,70,69,72,70,67,72,71,73,62,66,70,67,15,11,14,13,6,1600000
PS1141,Italy,184,83,30,Palermo ,42,25,None,19,22,23,67,10,23,59,53,21,60,60,49,35,60,37,47,35,64,11,62,19,22,40,35,55,11,70,70,71,83,72,1600000
PS1142,Netherlands,170,69,21,Vitesse ,69,69,None,59,62,78,69,64,62,64,66,64,67,60,83,75,69,85,77,73,64,51,64,57,56,62,51,48,58,7,13,6,9,13,1600000
PS1143,Germany,194,90,30,SV Sandhausen ,18,12,None,16,15,35,69,13,21,39,47,15,25,28,30,41,77,48,29,31,40,15,49,14,12,18,14,26,15,71,73,69,65,75,1600000
PS1144,Switzerland,183,78,26,SK Sturm Graz ,67,63,None,17,19,66,66,70,16,55,71,53,59,53,69,52,75,74,72,71,72,68,74,72,62,59,41,56,68,12,13,9,6,16,1600000
PS1145,Wales,178,71,31,Millwall ,70,63,None,31,24,49,71,71,20,46,66,45,65,45,78,82,69,82,79,84,80,69,68,72,62,38,37,73,67,11,12,12,16,14,1600000
PS1146,Argentina,183,75,29,Platense ,68,65,None,72,71,84,70,59,72,58,65,55,72,67,70,69,57,69,71,64,68,39,58,44,59,51,44,43,49,10,7,12,13,14,1600000
PS1147,Scotland,188,75,24,Watford ,62,60,None,69,69,86,57,53,68,64,58,57,65,70,55,75,80,68,75,47,81,70,68,34,28,54,45,51,43,13,7,7,10,12,1600000
PS1148,Korea Republic,177,72,34,Ulsan Hyundai ,66,64,None,68,64,88,66,65,66,57,57,70,63,57,85,84,76,80,88,83,76,58,60,48,53,61,50,56,53,9,12,10,16,11,1600000
PS1149,Scotland,188,75,30,Millwall ,63,59,None,70,73,69,67,57,70,44,61,58,64,60,53,80,82,56,62,55,75,71,45,21,24,34,24,34,21,9,10,11,16,7,1600000
PS1150,Brazil,169,69,23,Cuiabá ,72,70,None,48,53,45,67,64,60,74,68,67,71,69,66,69,63,75,64,67,44,57,75,60,71,70,71,69,66,10,5,12,13,6,1600000
PS1151,Paraguay,180,84,32,Independiente ,63,65,None,70,72,66,70,69,75,67,70,62,70,65,69,70,75,64,70,73,73,75,56,56,44,57,40,75,50,14,10,15,15,10,1600000
PS1152,Japan,190,80,26,R. Union St.-G. ,61,41,None,67,69,72,64,37,71,60,60,46,66,63,74,73,85,38,84,54,73,72,53,34,25,29,25,35,21,14,7,7,11,7,1600000
PS1153,Nigeria,178,75,25,Randers FC ,70,71,None,42,38,58,64,63,39,65,68,59,66,58,83,72,62,84,85,85,79,50,62,57,55,56,52,54,55,12,14,7,6,8,1600000
PS1154,Nigeria,193,83,29,West Brom ,62,60,None,68,70,75,69,52,68,43,68,34,58,55,69,79,81,35,81,56,80,77,61,42,59,27,36,32,24,6,7,11,9,14,1600000
PS1155,Germany,177,76,31,Düsseldorf ,67,62,None,70,67,74,69,41,72,65,67,71,71,65,73,73,68,77,65,74,69,54,62,46,60,55,41,44,55,12,8,13,11,13,1600000
PS1156,Sweden,190,86,32,1. FC Köln ,70,66,None,24,30,66,73,75,25,61,70,32,69,44,39,48,77,51,50,49,70,79,74,71,66,39,42,65,72,15,10,9,14,6,1600000
PS1157,Romania,187,82,30,Romania ,59,43,None,70,71,78,68,32,71,33,62,26,66,50,67,72,86,56,68,54,73,68,31,18,22,20,20,37,29,7,7,10,14,7,1600000
PS1158,Italy,176,65,21,Roma ,72,62,None,64,67,77,69,70,56,65,68,53,74,72,59,67,50,80,62,59,63,60,73,67,64,51,46,52,43,12,8,7,7,7,1600000
PS1159,Argentina,172,68,24,Real Salt Lake ,68,64,None,73,74,64,68,57,69,63,63,62,71,62,65,78,56,74,67,78,36,39,62,55,65,59,45,55,38,14,8,5,11,11,1600000
PS1160,Spain,184,81,24,Granada CF ,72,69,None,68,72,70,68,52,67,68,59,55,72,71,62,72,67,58,64,58,64,66,61,62,59,65,68,57,37,6,12,15,9,13,1600000
PS1161,Turkey,173,74,31,Hatayspor ,67,70,None,69,71,69,62,64,66,61,65,68,68,69,80,76,65,83,82,78,62,52,63,38,56,67,42,56,40,16,13,13,10,6,1600000
PS1162,Cameroon,191,91,21,Stade Rennais FC ,63,60,None,71,71,70,63,52,69,52,66,53,63,55,61,66,80,42,78,54,73,72,60,42,39,54,29,42,31,6,7,5,7,10,1600000
PS1163,England,183,73,30,West Brom ,67,66,None,67,71,56,68,60,67,61,61,70,66,57,66,81,69,73,69,69,70,57,47,43,46,68,61,52,41,4,8,10,8,8,1600000
PS1164,Colombia,175,72,30,Boavista FC ,73,65,None,73,71,67,71,67,70,66,58,44,72,70,67,75,61,69,69,64,41,36,66,54,64,47,46,39,64,9,14,14,7,16,1600000
PS1165,France,182,76,20,Paris SG ,73,69,None,65,67,59,66,65,62,63,68,66,67,59,86,67,64,66,88,78,66,60,58,48,43,53,41,45,31,10,11,14,9,8,1600000
PS1166,Bosnia & Herzegovina,178,76,30,Standard Liège ,70,65,None,66,70,68,71,57,66,67,71,58,73,70,65,81,70,72,61,72,64,60,70,57,65,61,64,60,56,7,8,15,9,13,1600000
PS1167,Brazil,194,87,26,Portimonense SC ,51,41,,65,70,79,68,28,72,30,55,29,62,52,53,66,81,43,54,41,66,66,52,22,22,26,31,40,33,8,15,10,11,11,1500000
PS1168,Ivory Coast,173,65,25,FC Metz ,64,63,,72,70,69,61,55,69,38,61,62,58,49,74,72,68,84,78,73,73,48,45,33,33,48,35,47,28,11,11,12,13,9,1500000
PS1169,Zambia,192,80,34,Cangzhou FC ,57,44,None,72,74,76,65,34,72,42,67,36,58,56,41,75,92,58,37,56,84,76,50,32,57,47,43,41,35,9,14,15,12,10,1500000
PS1170,Netherlands,184,74,26,SC Cambuur ,68,71,None,45,52,68,66,65,24,55,66,66,64,59,77,68,64,63,84,76,45,50,73,69,64,67,43,67,58,14,8,9,10,6,1500000
PS1171,Brazil,180,71,27,Atlético-GO ,71,72,None,32,31,41,54,69,30,69,71,71,74,72,70,50,63,66,76,59,61,45,57,44,38,56,44,50,56,15,15,15,15,15,1500000
PS1172,Spain,184,77,31,CD Lugo ,77,72,None,56,54,46,69,69,59,70,66,66,74,73,65,70,71,62,70,70,60,61,58,63,66,63,60,65,59,13,14,16,7,10,1500000
PS1173,Brazil,185,78,26,Rio Ave FC ,60,52,None,69,70,71,67,33,69,60,73,64,66,57,53,73,77,50,60,49,87,67,85,54,75,60,77,57,56,9,12,10,13,10,1500000
PS1174,Nigeria,183,80,24,Boavista FC ,62,64,None,71,73,60,63,44,65,44,55,55,68,51,70,69,76,57,72,51,71,53,65,25,60,59,40,42,27,12,15,6,14,14,1500000
PS1175,Hungary,178,77,29,Ferencvárosi TC ,61,48,None,76,72,78,64,42,70,32,56,69,61,42,72,55,74,59,70,56,66,68,41,38,28,46,28,41,21,6,12,11,11,5,1500000
PS1176,France,185,77,33,Strasbourg ,70,62,None,71,73,71,69,30,72,65,74,70,72,74,55,59,70,63,63,61,76,73,56,35,33,45,40,42,38,7,13,13,15,15,1500000
PS1177,Austria,172,72,29,FK Austria Wien ,71,73,None,30,32,55,67,69,25,56,63,61,65,53,82,76,51,90,79,91,72,55,66,69,63,71,70,58,60,9,15,13,14,13,1500000
PS1178,Italy,188,85,34,Cagliari ,68,63,None,17,21,69,70,76,24,56,73,33,67,44,53,53,83,57,71,56,90,91,75,71,55,49,40,67,75,14,15,6,12,9,1500000
PS1179,England,178,75,22,Millwall ,68,66,None,64,68,68,70,62,66,62,68,53,70,66,68,82,68,70,67,71,68,49,64,53,47,52,42,44,48,11,14,10,14,13,1500000
PS1180,Colombia,183,80,28,Marítimo ,66,64,None,28,34,72,67,68,37,63,71,65,65,58,81,76,87,69,85,77,70,55,74,69,71,62,46,49,63,13,8,10,5,13,1500000
PS1181,Armenia,182,80,27,Boca Juniors ,70,73,None,20,14,61,68,69,20,60,60,62,64,60,76,69,72,74,78,74,68,69,74,66,63,46,40,65,47,9,5,9,7,5,1500000
PS1182,Venezuela,185,83,26,Boavista FC ,71,70,None,31,37,64,65,65,36,66,64,63,65,56,78,54,71,62,79,75,70,64,70,67,67,65,63,77,71,8,6,14,13,6,1500000
PS1183,Croatia,194,86,26,Hajduk Split ,56,43,None,69,71,67,66,27,73,28,58,31,65,58,39,70,86,38,56,31,57,70,40,26,28,34,30,44,31,9,15,14,13,10,1500000
PS1184,Germany,177,76,33,M'gladbach ,67,58,None,73,73,68,75,45,77,53,78,63,70,69,61,66,69,68,66,66,83,66,48,35,44,43,40,51,37,6,11,6,7,13,1500000
PS1185,St Kitts Nevis,185,67,31,Cardiff City ,74,70,None,50,60,63,69,63,58,73,72,59,76,74,63,69,66,77,65,78,42,55,60,59,66,65,54,57,62,15,12,11,6,6,1500000
PS1186,Netherlands,179,70,27,Sparta Rotterdam ,68,65,None,32,41,77,65,66,38,65,67,64,66,59,76,78,59,71,79,77,73,55,73,68,68,70,69,62,61,14,12,14,9,12,1500000
PS1187,Romania,184,75,33,Cremonese ,63,59,None,72,74,75,70,36,76,46,67,46,66,68,53,53,66,66,54,53,69,73,75,56,66,46,41,51,70,14,7,11,10,13,1500000
PS1188,Argentina,183,77,28,Godoy Cruz ,71,69,None,62,66,80,64,54,62,72,70,49,73,74,55,70,76,55,56,59,58,58,65,41,64,70,60,49,45,13,14,15,13,10,1500000
PS1189,England,181,68,25,Blackburn Rovers ,66,68,None,62,67,52,64,56,64,52,54,67,64,56,78,75,64,73,81,79,59,52,50,50,53,51,48,50,42,11,10,8,14,15,1500000
PS1190,Brazil,180,73,23,RB Bragantino ,62,60,None,75,73,64,60,42,74,50,64,36,71,66,66,71,65,67,56,69,81,70,56,42,51,32,30,48,32,8,9,13,7,12,1500000
PS1191,France,180,76,27,Paris FC ,69,73,None,41,46,46,67,62,41,63,57,65,73,67,75,64,70,63,73,70,52,42,64,59,55,62,60,57,58,10,9,7,10,5,1500000
PS1192,Ghana,166,66,28,Apoel FC ,78,77,None,41,45,35,61,63,53,65,72,61,64,59,81,74,48,93,70,92,82,36,48,64,55,68,56,45,61,15,13,13,10,13,1500000
PS1193,Morocco,185,74,33,PAOK FC ,73,73,None,57,60,56,68,73,59,75,71,73,73,74,68,66,74,54,72,63,70,70,77,62,73,76,71,68,66,6,5,14,6,9,1500000
PS1194,France,179,75,29,Columbus Crew ,63,63,None,65,66,74,66,56,69,67,62,68,71,65,70,81,65,68,66,76,47,55,43,26,28,43,29,37,35,15,10,14,9,9,1500000
PS1195,Argentina,166,71,28,Inter Miami CF ,70,71,None,27,16,64,65,71,39,67,60,58,61,50,83,82,64,92,82,92,92,64,67,70,63,62,46,71,63,11,7,13,12,14,1500000
PS1196,Romania,183,77,26,Romania ,63,61,None,64,65,67,65,54,65,52,61,66,63,61,76,80,72,71,79,65,75,65,60,43,46,58,61,55,41,7,10,9,6,10,1500000
PS1197,Korea Republic,189,75,34,FC Seoul ,75,66,None,59,66,73,63,64,69,79,72,71,78,82,49,75,75,64,42,59,65,61,76,57,73,76,76,74,61,9,14,9,7,10,1500000
PS1198,Argentina,178,63,37,Başakşehir ,80,76,None,74,78,75,70,50,75,76,80,74,82,79,34,61,58,84,33,69,56,54,77,52,74,71,76,71,78,12,14,12,7,7,1500000
PS1199,Canada,174,70,33,Reading ,73,73,None,45,49,67,67,67,50,68,68,70,67,61,83,55,66,85,76,83,74,55,74,67,69,71,65,65,68,11,11,10,9,9,1500000
PS1200,Spain,185,71,27,FC Cartagena ,22,19,None,18,19,22,70,12,24,39,42,20,27,31,39,45,51,56,34,41,69,24,51,15,16,25,18,21,19,68,68,71,68,73,1500000
PS1201,Argentina,171,69,24,Tigre ,65,67,None,67,68,46,71,62,64,46,60,65,58,51,80,74,38,83,76,73,58,46,41,45,39,55,37,42,33,7,14,7,15,5,1500000
PS1202,Portugal,175,65,23,FC Porto ,69,68,None,67,74,74,65,56,66,52,62,62,61,53,74,74,53,78,75,67,59,54,70,39,40,45,43,39,40,9,12,7,6,9,1500000
PS1203,England,185,70,26,Preston ,74,75,None,49,61,65,71,69,59,68,70,53,73,64,67,65,74,77,63,73,62,54,65,68,61,59,54,58,57,9,6,13,12,10,1500000
PS1204,Saudi Arabia,174,68,27,Al Taawoun ,68,72,None,23,26,55,59,67,26,67,49,62,63,60,78,76,42,78,81,88,78,42,60,64,61,52,44,56,43,9,12,11,8,13,1500000
PS1205,Scotland,188,70,27,Coventry City ,62,58,None,67,69,71,67,45,69,56,67,49,66,66,65,67,77,58,74,58,71,69,59,33,30,46,36,50,30,12,8,8,15,16,1500000
PS1206,Italy,183,75,27,SPAL ,68,66,None,30,33,57,67,70,32,55,65,46,66,50,80,70,67,64,76,73,75,70,69,71,64,60,53,68,66,8,9,13,9,14,1500000
PS1207,Kosovo,181,66,26,Stoke City ,70,70,None,15,27,49,63,65,18,69,68,67,64,64,81,71,62,79,75,81,44,43,72,60,66,69,67,60,59,10,9,15,16,8,1500000
PS1208,DR Congo,180,79,31,Incheon United ,70,70,None,41,50,58,67,70,52,69,74,74,73,74,74,68,71,71,70,68,72,54,75,67,74,76,76,75,73,10,8,11,7,13,1500000
PS1209,Belgium,183,73,26,Sp. Charleroi ,70,67,None,72,72,72,71,62,70,65,67,71,66,66,75,67,73,68,68,70,67,63,47,17,33,47,35,42,36,13,10,14,11,12,1500000
PS1210,Switzerland,182,77,25,Hamburger SV ,66,65,None,62,65,58,67,66,64,66,60,68,68,62,75,75,67,71,69,71,57,58,68,51,63,58,56,51,47,8,11,14,10,7,1500000
PS1211,Denmark,191,85,33,Brentford ,60,46,None,70,75,84,67,43,70,62,67,47,65,62,48,60,83,59,55,59,72,71,62,34,30,35,26,27,40,14,16,9,9,13,1500000
PS1212,Guinea,184,75,21,AS Saint-Étienne ,63,59,None,70,71,66,68,42,70,49,68,43,64,59,62,48,77,57,64,51,76,71,49,38,40,52,27,44,28,6,10,5,10,9,1500000
PS1213,Sweden,191,82,31,AIK ,57,53,None,70,72,75,68,51,71,56,67,43,69,65,50,72,82,53,53,58,56,71,70,45,56,43,39,57,46,8,10,11,12,10,1500000
PS1214,Philippines,182,76,27,SC Paderborn 07 ,69,70,None,64,68,63,63,59,64,58,62,66,68,56,86,75,65,73,78,73,46,56,69,63,65,62,41,59,56,9,15,7,7,15,1500000
PS1215,France,183,80,21,Southampton ,68,69,None,19,23,49,64,69,22,54,68,40,65,46,74,65,73,58,75,67,82,74,68,69,62,48,41,64,67,12,12,6,12,10,1500000
PS1216,Spain,182,75,25,Girona FC ,65,64,None,67,69,64,67,61,67,58,67,66,68,64,66,75,73,65,65,69,73,63,69,38,63,66,44,42,36,6,14,6,9,12,1500000
PS1217,Netherlands,185,72,34,FC Twente ,70,69,None,26,38,61,74,76,48,69,73,66,71,64,64,66,75,65,69,61,73,69,74,75,67,69,59,75,69,11,8,12,13,10,1500000
PS1218,England,189,81,26,Luton Town ,60,62,None,70,72,67,68,38,70,45,63,50,65,63,65,69,73,48,71,62,68,70,54,27,40,32,23,40,30,11,12,9,7,8,1500000
PS1219,Spain,175,71,28,SD Huesca ,67,70,None,66,64,64,67,68,68,66,64,63,66,65,79,83,65,77,79,77,58,55,70,59,66,58,52,49,57,8,9,14,10,14,1500000
PS1220,Colombia,174,63,26,Indep. Medellín ,64,67,None,63,62,49,63,65,60,66,58,70,61,50,81,72,59,72,91,80,58,60,53,52,54,52,34,45,35,6,5,7,10,10,1500000
PS1221,Colombia,180,78,28,Indep. Medellín ,64,48,None,68,72,71,58,49,66,49,56,38,65,55,72,72,80,55,71,64,83,66,56,33,46,38,36,44,31,8,11,11,10,7,1500000
PS1222,Paraguay,172,72,25,Cádiz CF ,70,65,None,70,71,70,62,54,63,35,53,70,67,69,74,68,51,79,76,74,52,40,65,51,71,58,60,45,37,9,14,7,6,11,1500000
PS1223,Venezuela,191,85,28,FC Famalicão ,69,70,None,24,31,70,70,70,24,55,70,46,64,44,59,75,77,48,65,61,70,71,72,72,56,38,35,68,66,9,9,10,7,6,1500000
PS1224,Germany,190,79,23,1. FC Nürnberg ,70,63,None,61,68,66,64,57,66,67,58,52,74,70,53,68,76,52,68,51,67,60,62,45,51,42,28,38,33,9,13,11,7,14,1500000
PS1225,Brazil,174,74,35,Flamengo ,69,73,None,67,73,66,70,57,66,39,60,71,69,66,90,79,65,65,90,77,80,59,60,32,37,62,31,39,27,9,6,14,15,10,1500000
PS1226,Argentina,175,72,24,Unión ,70,70,None,66,64,74,62,65,63,53,66,64,58,54,78,90,59,77,78,75,59,49,57,47,49,49,41,49,33,9,8,11,9,14,1500000
PS1227,United States,185,74,20,FC Groningen ,69,65,None,24,30,32,69,72,41,52,67,34,65,57,70,75,70,63,72,66,65,69,70,73,53,59,51,66,62,10,11,14,9,10,1500000
PS1228,Italy,193,75,27,CFR 1907 Cluj ,21,13,None,18,24,35,68,12,20,35,61,20,30,34,50,40,65,45,50,60,70,18,45,20,16,20,22,18,20,70,70,67,60,75,1500000
PS1229,Spain,177,63,23,SD Eibar ,67,65,None,70,68,64,63,54,64,61,58,69,69,64,66,72,41,78,67,67,55,59,53,37,67,58,64,43,38,6,10,8,6,14,1500000
PS1230,Colombia,186,76,33,San Lorenzo ,62,60,None,68,70,81,68,35,72,43,69,29,66,58,55,80,88,64,63,56,70,68,53,38,46,47,43,55,23,6,5,14,15,10,1500000
PS1231,Paraguay,177,67,20,Latium ,72,72,None,56,55,54,58,63,52,62,61,64,72,61,78,55,52,78,69,83,54,57,74,68,64,68,44,69,65,7,6,14,11,8,1500000
PS1232,Argentina,188,91,35,Vélez Sarsfield ,74,72,None,72,60,85,69,75,58,77,80,70,67,66,65,58,88,39,69,50,75,74,80,68,67,73,59,71,69,15,8,15,6,15,1500000
PS1233,Denmark,192,70,20,RB Salzburg ,73,68,None,60,62,70,69,69,64,70,64,68,69,66,69,75,72,58,78,74,61,59,69,67,67,70,64,62,66,12,9,6,11,8,1500000
PS1234,Italy,186,76,21,Bari ,75,73,None,35,40,45,59,66,30,65,64,70,71,70,70,63,65,67,70,70,71,64,72,70,69,75,75,69,66,10,15,12,12,10,1500000
PS1235,United States,193,93,33,Toronto FC ,63,44,None,65,70,78,65,39,74,42,65,26,71,69,47,79,91,48,36,55,71,74,40,23,20,24,25,34,30,10,10,16,15,12,1500000
PS1236,France,179,75,23,Lecce ,66,65,None,72,68,74,65,48,64,45,60,63,52,43,84,77,72,72,78,72,71,51,32,34,28,53,34,45,26,10,12,10,6,14,1500000
PS1237,Ghana,171,66,33,KAS Eupen ,71,68,None,69,71,86,78,71,71,71,70,68,70,69,78,85,81,88,82,82,85,60,85,63,68,67,64,50,76,15,10,16,7,14,1500000
PS1238,Brazil,186,80,28,CFR 1907 Cluj ,55,52,None,64,69,74,66,21,67,50,50,23,63,50,64,69,85,52,65,50,89,76,62,21,27,27,21,44,22,12,7,6,11,9,1500000
PS1239,Serbia,189,79,27,D. Alavés ,58,49,None,74,73,70,62,28,64,46,68,31,70,51,63,72,77,53,65,64,80,72,48,38,29,24,28,32,28,11,10,9,12,14,1500000
PS1240,Portugal,193,83,27,FC Vizela ,54,46,None,68,69,77,69,31,69,40,62,37,61,52,55,72,89,29,62,31,71,70,45,21,25,27,30,39,27,9,12,6,14,5,1500000
PS1241,Norway,184,84,31,FK Bodø/Glimt ,62,54,None,69,70,69,69,37,70,43,66,40,66,59,65,76,83,60,69,55,90,66,63,34,48,36,31,38,34,6,6,15,7,9,1500000
PS1242,Ghana,190,83,28,FC Basel 1893 ,59,53,None,68,73,73,63,32,64,46,70,42,68,67,62,72,90,36,65,53,83,70,67,36,29,45,31,49,59,7,10,10,16,12,1500000
PS1243,Serbia,184,77,33,Abha Club ,72,71,None,58,62,69,71,73,60,70,70,60,72,68,68,86,80,70,66,73,73,63,70,64,67,59,60,66,55,8,14,14,15,6,1500000
PS1244,Brazil,195,91,27,Fluminense ,21,9,None,12,13,44,61,20,28,63,54,8,20,16,37,31,85,20,34,21,62,10,57,8,7,8,17,14,9,70,61,77,76,73,1500000
PS1245,Brazil,174,69,27,Athletico-PR ,71,77,None,23,17,40,65,69,30,36,58,66,55,41,73,53,52,80,72,87,70,61,66,77,71,51,52,77,65,7,13,15,15,8,1500000
PS1246,France,193,83,33,Servette FC ,72,69,None,19,30,43,72,71,53,72,64,71,71,62,55,84,87,59,54,71,85,72,71,73,70,70,62,71,72,16,8,13,10,10,1500000
PS1247,Portugal,178,72,26,Al Khaleej ,70,67,None,65,70,63,69,60,67,40,65,62,60,53,71,70,62,70,74,58,56,59,73,30,56,64,39,48,32,8,7,10,6,8,1500000
PS1248,France,191,88,27,AS Monaco ,22,13,None,20,18,27,66,9,14,54,37,21,35,54,57,25,67,33,54,55,57,15,54,13,16,19,15,22,14,71,73,67,72,72,1500000
PS1249,Netherlands,181,78,25,AZ ,69,72,None,64,65,62,65,67,61,62,62,68,69,66,76,84,67,63,74,54,76,58,44,42,62,43,52,49,52,7,6,10,14,14,1500000
PS1250,Peru,176,75,27,Sport Boys ,55,52,None,73,67,56,72,55,74,69,81,62,69,68,63,90,67,63,66,66,71,67,61,41,45,51,52,61,34,15,7,13,10,7,1500000
PS1251,England,190,80,35,Sheffield Utd ,64,63,None,73,74,83,73,50,73,57,62,63,67,62,51,66,79,54,54,55,67,73,59,37,40,48,30,31,52,7,14,15,6,6,1500000
PS1252,Italy,183,74,22,Benevento ,71,63,None,60,68,63,66,56,65,72,61,58,77,72,71,62,62,69,76,71,65,59,65,49,61,72,61,60,50,14,7,9,9,13,1500000
PS1253,Zimbabwe,177,71,33,Al Tai ,74,71,None,45,43,70,70,72,44,66,70,69,69,67,75,74,72,79,74,77,78,63,71,71,68,75,74,70,68,15,6,7,8,12,1500000
PS1254,Colombia,176,73,25,Deportivo Cali ,69,67,None,61,65,53,60,45,70,30,57,64,58,59,80,84,47,73,86,74,70,36,61,55,65,48,59,55,25,13,12,13,11,13,1500000
PS1255,Brazil,185,75,28,Vitória SC ,69,63,None,14,16,51,71,67,31,51,58,38,60,51,68,72,65,60,66,58,80,72,77,70,66,52,45,72,60,13,14,14,8,5,1500000
PS1256,Argentina,174,78,28,Lanús ,69,64,None,65,67,73,65,60,67,62,68,51,71,62,65,84,73,63,68,67,72,64,60,52,56,41,43,52,36,9,10,15,12,12,1500000
PS1257,Turkey,189,90,26,Adana Demirspor ,58,56,None,71,73,72,66,30,67,50,68,48,64,53,54,62,85,39,66,46,71,67,67,38,41,48,39,42,37,12,5,10,12,10,1500000
PS1258,Colombia,192,84,22,Atl. Nacional ,55,43,,68,73,72,68,30,65,30,50,33,64,49,41,55,86,40,52,43,51,64,54,30,31,32,34,41,33,10,11,6,7,9,1400000
PS1259,Senegal,189,80,30,Granada CF ,68,67,,16,22,61,64,72,22,50,64,33,57,42,53,54,86,58,69,60,73,76,74,71,58,53,39,72,63,11,7,10,15,12,1400000
PS1260,Netherlands,186,77,24,Ferencvárosi TC ,66,46,,65,70,66,64,30,69,32,64,32,72,63,61,78,83,56,55,53,73,64,48,22,25,29,24,40,27,8,15,12,9,5,1400000
PS1261,Ivory Coast,187,90,26,AS Saint-Étienne ,70,70,,17,14,33,67,68,12,64,65,53,67,55,66,56,70,54,62,57,70,66,68,70,63,65,44,69,66,12,6,15,6,11,1400000
PS1262,Nigeria,173,77,25,Arouca ,66,70,None,24,27,57,65,63,21,67,66,62,63,55,82,72,61,73,83,85,80,33,61,58,55,40,37,61,47,13,10,8,10,8,1400000
PS1263,Iceland,186,76,28,Alanyaspor ,32,13,None,15,19,23,61,16,12,58,42,18,26,46,45,41,56,55,46,43,59,17,56,14,15,17,14,22,13,71,71,71,74,71,1400000
PS1264,Spain,178,69,25,R. Sporting ,71,70,None,26,39,57,65,71,29,67,68,54,67,60,76,65,62,73,72,80,71,59,68,69,67,66,51,56,61,9,11,9,13,13,1400000
PS1265,Slovenia,183,72,25,WSG Tirol ,68,70,None,56,44,62,69,66,51,67,51,53,73,74,70,73,62,72,69,66,67,56,59,58,57,51,48,49,49,8,9,14,10,9,1400000
PS1266,Ecuador,187,76,23,Inter Miami CF ,69,62,None,22,25,49,70,74,24,58,66,34,53,47,65,72,67,65,68,65,64,68,70,72,63,45,38,66,65,10,7,10,5,13,1400000
PS1267,Sweden,182,75,29,Ulsan Hyundai ,64,65,None,19,24,75,69,73,33,68,65,58,67,50,84,91,77,71,88,74,81,62,61,67,63,59,42,56,60,13,10,9,11,13,1400000
PS1268,Germany,188,81,34,Hannover 96 ,22,12,None,13,12,32,75,15,21,42,58,15,25,22,46,32,55,41,50,43,69,13,53,10,14,11,10,24,12,75,72,71,70,76,1400000
PS1269,South Africa,181,82,25,Mamelodi Sundowns ,72,69,None,42,52,55,65,66,55,70,50,44,75,67,68,66,50,72,68,54,64,42,50,57,55,42,40,39,34,5,14,12,12,6,1400000
PS1270,Italy,175,71,29,Reggina ,69,72,None,38,42,67,64,72,38,61,64,68,69,61,72,61,49,80,72,73,45,43,66,68,51,54,44,50,50,10,13,6,6,12,1400000
PS1271,Australia,167,70,31,Western United ,66,64,None,71,74,71,57,54,69,57,60,63,63,60,71,84,81,87,76,61,89,53,50,48,55,57,48,43,30,15,6,8,7,8,1400000
PS1272,Netherlands,182,74,25,SC Cambuur ,68,68,None,58,59,59,66,67,61,71,66,63,69,66,69,74,60,66,66,73,58,52,67,67,65,67,64,60,55,6,8,11,9,12,1400000
PS1273,Nigeria,185,80,26,İstanbulspor ,67,64,None,11,15,71,63,67,14,64,70,45,61,47,75,64,82,57,70,67,64,67,78,68,67,50,52,69,55,8,13,13,13,14,1400000
PS1274,Togo,180,75,25,FC St. Pauli ,73,74,None,39,28,57,69,67,33,62,55,57,64,47,83,76,73,72,73,78,83,60,70,68,54,44,57,46,54,12,8,9,14,10,1400000
PS1275,Netherlands,183,76,25,FC Utrecht ,66,64,None,70,70,69,61,60,66,61,65,54,72,69,67,80,71,66,55,61,59,54,61,59,55,50,50,63,52,14,13,9,14,8,1400000
PS1276,Serbia,189,83,24,Roma ,22,19,None,18,21,28,70,9,13,50,44,18,37,32,60,32,61,54,55,66,71,22,49,14,18,23,22,37,16,66,72,66,65,72,1400000
PS1277,Belgium,191,81,26,KV Mechelen ,65,60,None,65,69,72,67,25,69,64,69,31,69,65,49,76,80,51,45,43,34,66,58,24,55,48,62,25,24,8,10,10,15,15,1400000
PS1278,Brazil,187,80,21,West Ham ,54,46,None,72,69,78,65,43,72,50,59,45,54,49,64,55,80,54,60,67,70,65,55,30,39,44,32,40,31,12,9,12,9,9,1400000
PS1279,Bosnia & Herzegovina,192,81,25,Raków ,10,5,None,12,13,24,54,4,8,55,56,13,45,45,33,18,59,37,42,38,64,12,51,5,8,10,11,11,7,72,74,66,68,74,1400000
PS1280,Turkey,183,77,24,Fenerbahçe ,69,68,None,66,67,70,72,57,67,69,62,62,70,68,70,75,63,68,72,75,71,67,67,57,65,68,58,48,43,14,13,15,8,13,1400000
PS1281,Poland,174,60,27,Raków ,68,66,None,32,38,57,66,66,41,60,63,59,65,62,91,71,52,85,91,82,64,55,66,64,59,58,38,50,54,15,9,7,12,13,1400000
PS1282,Portugal,170,60,22,Fortuna Sittard ,72,73,None,21,24,56,63,56,33,60,59,64,64,63,85,63,66,85,83,82,58,42,72,57,63,67,56,59,54,10,12,6,15,9,1400000
PS1283,Austria,185,79,22,SK Sturm Graz ,56,47,None,68,69,68,66,56,69,47,70,30,64,65,71,71,74,68,74,68,80,70,46,38,42,30,33,41,34,11,8,15,5,12,1400000
PS1284,Norway,185,72,31,Vålerenga Fotball ,68,65,None,24,29,37,68,73,22,61,66,56,62,42,71,70,70,65,69,74,82,70,71,70,64,62,64,65,68,14,8,7,16,16,1400000
PS1285,France,178,73,29,FCSM ,72,70,None,66,67,63,62,55,59,53,59,71,68,65,81,81,72,75,78,81,48,59,68,59,64,67,47,55,53,12,11,13,12,14,1400000
PS1286,Germany,190,83,29,SC Paderborn 07 ,71,68,None,26,28,58,72,70,30,66,71,49,67,50,67,71,76,44,69,69,77,68,72,69,57,56,35,65,60,6,15,9,11,10,1400000
PS1287,Denmark,177,71,32,Odense BK ,71,70,None,51,56,73,66,70,51,67,68,63,62,49,79,69,74,80,79,83,86,59,72,67,65,66,64,62,64,10,8,12,12,13,1400000
PS1288,France,181,74,30,AJ Auxerre ,59,48,None,68,72,68,67,21,66,37,60,24,65,62,55,65,79,51,54,38,77,72,39,23,19,40,27,40,27,12,15,10,6,7,1400000
PS1289,Turkey,179,69,29,Kayserispor ,66,70,None,62,64,74,65,67,68,67,65,74,68,69,76,83,67,73,78,81,61,52,64,58,59,68,67,53,51,6,13,12,12,15,1400000
PS1290,Turkey,191,75,30,Ümraniyespor ,69,62,None,19,13,75,70,74,19,55,53,47,45,33,58,68,86,47,60,62,70,76,70,70,59,32,45,69,64,13,8,6,11,15,1400000
PS1291,Austria,192,80,25,FK Austria Wien ,70,72,None,16,20,55,67,72,21,62,64,52,64,55,65,52,77,57,67,69,62,64,67,68,58,57,52,65,65,12,5,9,7,7,1400000
PS1292,North Macedonia,179,78,30,Al Fayha ,73,74,None,21,19,39,63,61,25,63,59,64,69,61,75,60,68,60,68,76,65,67,77,68,78,74,72,69,68,12,12,12,12,12,1400000
PS1293,France,175,70,22,AJ Auxerre ,68,73,None,65,66,65,66,57,70,66,68,56,72,70,74,70,63,85,69,85,61,60,63,39,54,50,44,51,39,9,8,14,12,15,1400000
PS1294,Denmark,185,73,22,FK Bodø/Glimt ,71,70,None,61,62,67,68,66,56,72,73,64,68,65,78,73,63,78,76,84,61,55,64,66,60,64,62,55,55,6,8,12,13,9,1400000
PS1295,Colombia,170,67,31,Central Córdoba ,68,70,None,62,64,58,64,60,64,62,70,70,66,60,82,80,70,79,81,78,80,52,74,62,70,80,72,62,72,12,10,15,11,16,1400000
PS1296,Peru,179,74,26,Sporting Cristal ,66,65,None,66,69,55,66,57,63,42,61,64,67,60,76,74,70,67,72,72,59,59,43,43,40,46,42,41,40,10,10,12,8,15,1400000
PS1297,Colombia,177,73,31,América de Cali ,66,68,None,17,23,44,65,68,21,48,70,60,59,54,57,54,74,68,78,67,75,66,78,73,71,54,71,54,74,10,7,11,9,21,1400000
PS1298,Germany,187,80,23,Heidenheim ,58,51,None,67,73,66,67,26,70,36,65,48,61,48,59,58,71,58,63,55,82,66,45,25,41,27,30,43,27,9,6,11,11,15,1400000
PS1299,Netherlands,191,82,25,FC Dallas ,22,14,None,14,12,19,68,11,12,35,33,13,22,28,31,34,60,32,32,35,58,13,51,10,8,12,10,10,9,67,70,66,68,72,1400000
PS1300,Argentina,167,64,24,Lanús ,72,74,None,57,63,57,59,65,46,69,71,64,72,71,85,69,61,83,83,80,56,42,73,59,79,84,71,62,57,5,15,14,12,8,1400000
PS1301,Austria,184,87,26,Holstein Kiel ,67,66,None,36,39,32,61,66,17,60,52,64,65,62,72,75,80,56,84,59,79,71,70,68,65,59,54,64,53,11,10,12,9,13,1400000
PS1302,Sweden,183,82,29,AEK Athens ,71,68,None,62,64,70,72,66,70,69,73,62,68,68,66,79,71,78,67,76,71,60,70,60,69,64,58,47,62,10,10,7,11,11,1400000
PS1303,Uruguay,172,70,24,Peñarol ,69,68,None,28,20,25,54,63,41,55,49,60,64,63,88,76,37,68,88,87,48,61,61,65,40,48,44,57,67,7,7,11,13,6,1400000
PS1304,England,171,66,23,Hull City ,71,71,None,64,64,71,63,61,63,69,66,62,71,68,71,81,60,81,67,77,74,57,63,57,59,62,56,53,51,6,12,6,9,6,1400000
PS1305,Serbia,194,82,30,Gaziantep ,63,59,None,67,72,70,67,54,71,59,62,49,69,68,50,72,84,33,47,61,66,73,74,53,73,56,67,76,35,14,6,6,7,15,1400000
PS1306,England,191,73,22,Everton ,65,66,None,19,24,60,62,70,21,52,65,45,58,44,68,70,79,66,74,64,67,64,68,72,58,55,51,64,60,11,13,10,14,9,1400000
PS1307,Portugal,173,66,23,Rotherham Utd ,73,72,None,45,47,69,64,64,46,67,62,56,72,71,69,58,34,82,67,76,50,34,73,65,70,63,50,48,54,12,12,11,8,6,1400000
PS1308,Nigeria,184,84,29,CD Leganés ,55,52,None,69,71,72,70,34,69,34,70,47,61,60,60,72,81,54,68,61,90,68,54,22,31,24,23,35,27,7,9,8,16,15,1400000
PS1309,Belgium,182,74,27,Standard Liège ,60,53,None,64,66,63,65,68,66,57,53,64,63,59,67,87,64,70,74,62,66,58,68,62,57,49,50,58,37,13,7,14,13,10,1400000
PS1310,Austria,174,67,24,FK Austria Wien ,67,68,None,39,42,37,58,69,22,70,59,66,67,66,72,67,48,81,68,82,82,56,67,65,70,69,71,68,59,9,10,12,15,11,1400000
PS1311,Argentina,182,82,21,Vélez Sarsfield ,65,63,None,29,24,83,69,70,23,55,57,27,50,46,73,67,85,80,76,67,79,70,73,67,62,40,40,62,62,10,15,9,15,9,1400000
PS1312,Peru,173,69,27,Sport Boys ,70,65,None,74,75,70,68,48,45,53,56,59,61,57,81,64,44,75,82,73,52,51,49,44,47,66,46,67,47,70,60,48,75,71,1400000
PS1313,DR Congo,173,67,24,Standard Liège ,73,76,None,30,36,51,69,58,49,63,65,61,68,64,80,64,51,75,75,87,80,49,59,55,58,62,48,53,47,6,9,14,9,11,1400000
PS1314,Cuba,172,76,30,Norwich ,70,70,None,17,38,72,64,71,17,67,63,63,63,52,87,66,76,85,85,81,45,50,74,62,61,61,52,50,62,11,14,13,10,11,1400000
PS1315,Scotland,183,66,21,Everton ,69,70,None,69,69,66,53,55,65,54,58,63,65,58,75,75,68,74,79,72,73,62,62,41,41,56,31,35,41,7,7,13,9,8,1400000
PS1316,Argentina,174,70,25,Talleres ,66,70,None,45,47,41,50,61,34,77,60,65,74,73,68,51,44,72,66,65,45,35,77,63,75,66,71,72,48,6,13,13,13,7,1400000
PS1317,France,187,82,23,Montpellier ,71,70,None,59,62,57,63,61,60,69,66,61,73,69,55,73,67,60,60,61,60,56,68,52,57,61,59,52,42,9,9,10,12,11,1400000
PS1318,Scotland,186,80,29,Swansea City ,68,63,None,71,72,82,64,57,68,62,67,54,67,66,63,66,73,67,62,69,59,69,65,53,50,49,33,51,45,11,11,11,8,7,1400000
PS1319,Cameroon,176,70,25,Peterborough ,68,66,None,66,69,83,67,62,71,65,67,50,69,67,81,87,76,80,81,84,91,48,64,53,57,57,43,53,42,14,7,15,9,16,1400000
PS1320,Brazil,186,87,24,Casa Pia AC ,60,66,None,32,27,66,60,62,23,57,56,32,60,43,54,68,89,38,62,58,75,78,71,75,64,43,58,72,59,14,10,7,5,9,1400000
PS1321,Argentina,179,70,25,Central Córdoba ,68,74,None,40,42,43,65,67,31,72,75,67,65,67,74,52,50,69,67,77,50,50,67,54,58,69,63,58,46,13,9,11,14,10,1400000
PS1322,Italy,183,70,30,Marítimo ,75,73,None,27,38,39,69,65,53,71,63,72,71,73,73,70,71,72,69,74,59,42,72,58,70,74,71,62,68,7,5,14,12,11,1400000
PS1323,France,181,73,29,Rodez AF ,69,68,None,62,68,65,68,68,63,68,68,66,71,68,71,83,71,67,70,71,70,63,69,65,69,68,75,63,46,10,9,10,6,8,1400000
PS1324,Congo,187,79,25,Cagliari ,70,68,None,65,70,69,65,54,63,59,65,59,70,70,76,81,76,65,75,70,70,60,67,44,41,56,48,52,44,6,8,15,7,14,1400000
PS1325,Netherlands,189,85,23,Dynamo Kyiv ,68,67,None,56,60,64,66,66,60,68,68,55,71,67,69,79,78,60,71,70,58,60,68,60,64,60,46,48,56,11,7,9,8,7,1400000
PS1326,Mozambique,178,70,35,Marítimo ,65,58,None,71,74,81,72,42,74,39,64,58,64,59,68,80,72,70,73,64,90,73,68,30,59,65,68,45,51,15,13,13,14,13,1400000
PS1327,Morocco,188,82,24,Stade Brestois 29 ,55,46,None,69,74,67,65,21,68,49,63,39,58,48,55,61,74,56,68,49,74,72,56,21,27,44,34,46,33,13,14,8,9,6,1400000
PS1328,Switzerland,181,72,24,FC Basel 1893 ,72,73,None,18,12,49,67,67,18,60,59,63,64,41,73,69,72,66,54,67,70,67,71,68,67,62,48,66,58,14,15,13,14,13,1400000
PS1329,Saudi Arabia,185,77,29,Al Ittihad ,64,55,None,65,68,64,69,34,69,49,69,51,67,56,72,85,80,67,78,72,84,75,24,31,27,32,26,41,28,14,6,12,9,15,1400000
PS1330,Portugal,183,79,25,AaB ,66,61,None,67,69,78,64,53,70,59,64,44,66,63,65,81,77,66,67,54,77,53,48,42,43,51,40,43,38,11,12,11,8,14,1400000
PS1331,Germany,188,81,21,1. FC Köln ,66,57,None,70,72,75,58,42,68,60,57,52,67,63,65,80,70,69,67,67,73,67,53,38,55,46,43,38,35,5,5,10,13,15,1400000
PS1332,Italy,176,70,30,Genoa ,59,56,None,71,69,64,70,54,65,54,69,63,62,57,72,83,62,78,76,70,70,58,35,35,47,58,50,48,37,7,10,9,10,11,1400000
PS1333,United States,178,75,22,Philadelphia ,68,69,None,69,73,67,69,58,69,65,61,52,70,65,78,85,56,70,85,72,50,50,60,54,55,57,41,35,41,7,7,7,13,7,1400000
PS1334,Spain,175,70,26,Śląsk Wrocław ,67,68,None,17,22,51,63,64,35,69,70,65,67,64,86,62,57,88,84,89,74,44,71,66,70,70,71,59,66,12,8,11,12,13,1400000
PS1335,Belgium,176,73,35,KAA Gent ,76,70,None,62,67,69,70,66,75,73,81,75,77,76,54,72,63,73,42,68,55,62,73,66,71,76,74,68,67,14,10,14,15,7,1400000
PS1336,Argentina,179,77,29,Barcelona SC ,61,55,None,67,72,72,63,36,72,46,67,60,66,55,71,68,80,53,68,56,73,62,33,37,39,37,27,44,41,9,9,10,11,12,1400000
PS1337,United States,171,75,30,Inter Miami CF ,60,62,None,65,66,73,65,62,66,57,60,61,62,52,89,76,67,83,90,90,92,55,73,40,51,70,28,38,60,11,7,15,7,11,1400000
PS1338,France,193,84,35,SM Caen ,64,31,None,73,76,75,70,28,73,37,71,42,68,68,33,46,82,41,32,38,70,78,64,30,28,39,34,50,18,14,13,7,11,10,1400000
PS1339,Spain,177,76,23,Rio Ave FC ,70,69,None,50,45,44,58,61,40,66,63,69,73,74,65,59,48,73,65,67,70,43,62,65,63,70,54,49,53,14,7,8,6,13,1400000
PS1340,Republic of Ireland,180,86,21,Derby County ,57,58,None,71,70,75,64,42,67,44,71,50,66,65,63,66,72,68,60,56,73,72,43,32,30,42,44,34,34,11,8,9,7,10,1400000
PS1341,Argentina,188,79,24,Colón ,67,66,None,66,68,74,61,58,65,63,54,43,71,67,53,71,75,49,55,53,61,63,61,57,64,45,44,47,39,14,5,13,6,14,1400000
PS1342,United States,186,73,23,Rangers ,69,63,None,66,72,74,69,49,71,63,55,46,73,66,43,73,72,63,53,58,71,61,53,55,40,38,35,37,38,12,10,7,7,5,1400000
PS1343,Romania,171,63,23,Sepsi OSK ,66,68,None,39,42,55,67,65,43,65,68,64,67,59,90,86,53,81,83,85,63,35,67,63,64,68,60,62,40,14,14,12,8,12,1400000
PS1344,Hungary,185,80,30,Ferencvárosi TC ,72,71,None,50,58,63,68,61,58,72,68,51,73,71,58,62,87,75,59,72,69,52,80,62,74,58,63,64,58,11,11,6,12,11,1400000
PS1345,Algeria,182,75,35,Damac FC ,74,75,None,28,37,75,69,75,48,68,73,73,71,68,72,64,81,71,76,76,70,71,75,72,70,71,59,67,68,9,14,15,9,8,1400000
PS1346,Brazil,188,80,29,Zhejiang Pro ,52,43,None,69,70,73,67,20,72,31,58,29,64,51,52,68,79,56,48,57,90,71,53,34,29,37,36,50,45,14,12,14,8,5,1400000
PS1347,Austria,186,80,26,Karlsruher SC ,60,47,None,70,72,64,61,29,66,61,57,26,68,69,71,61,76,61,64,59,84,69,41,21,23,28,27,33,22,11,6,6,14,10,1400000
PS1348,Germany,191,86,25,Düsseldorf ,70,71,None,20,30,31,69,72,30,46,67,60,62,43,77,79,77,54,69,72,60,55,70,68,63,61,40,56,59,5,11,14,13,14,1400000
PS1349,Israel,175,70,37,RSC Anderlecht ,77,75,None,51,56,61,69,82,45,77,80,75,75,70,65,61,56,70,55,70,62,48,75,77,72,81,78,78,74,16,10,8,9,9,1400000
PS1350,England,190,78,30,Huddersfield ,55,51,None,68,72,71,65,35,69,34,59,52,60,58,53,72,81,61,57,57,67,75,53,42,38,39,30,43,35,13,15,8,12,15,1400000
PS1351,Korea Republic,173,70,29,Suwon Samsung ,68,72,None,58,66,75,66,66,67,72,69,59,69,65,72,92,68,80,72,73,68,46,69,57,71,63,66,48,49,11,12,6,7,12,1400000
PS1352,Belgium,170,68,25,RFC Seraing ,68,74,None,36,39,62,65,65,27,66,64,66,64,58,85,68,59,81,78,86,80,49,66,65,67,66,68,60,60,11,11,6,8,10,1400000
PS1353,Poland,170,60,25,Pogoń Szczecin ,69,65,None,44,43,68,70,66,31,68,65,59,66,60,84,80,32,94,78,92,51,42,64,63,64,58,59,68,56,8,9,14,13,7,1400000
PS1354,Romania,185,81,25,FC Rapid 1923 ,15,17,None,11,12,31,67,15,15,55,42,11,25,28,45,37,55,49,40,55,53,12,47,17,16,15,13,17,14,68,71,67,63,73,1400000
PS1355,Ghana,173,64,23,OH Leuven ,70,72,None,42,40,56,57,70,39,72,61,62,72,59,68,58,45,81,70,70,56,33,55,60,50,49,43,47,48,13,11,14,12,15,1400000
PS1356,England,185,65,25,QPR ,69,65,None,66,68,63,68,56,67,61,76,52,75,75,63,75,61,68,55,59,58,63,68,52,47,51,47,54,47,13,12,9,7,10,1400000
PS1357,Albania,176,69,24,Panathinaikos ,69,67,None,69,69,67,68,55,67,60,70,65,68,68,68,71,64,73,68,70,66,62,65,58,60,65,46,45,55,13,14,13,12,5,1400000
PS1358,Italy,183,70,24,Palermo ,67,73,None,56,54,53,64,65,57,56,58,65,63,55,81,66,48,70,75,69,47,49,80,66,60,50,44,67,51,7,9,9,10,9,1400000
PS1359,Mali,185,73,22,Toulouse FC ,60,59,None,69,71,71,69,52,70,47,55,58,69,50,69,75,72,63,69,61,68,64,26,30,33,43,34,43,28,8,6,10,6,11,1400000
PS1360,Brazil,182,84,31,Ceará SC ,59,51,None,66,66,67,73,50,76,64,78,38,66,56,72,66,81,60,67,71,87,68,61,44,46,55,40,49,52,9,7,7,7,12,1300000
PS1361,Argentina,180,72,19,Manchester Utd ,63,70,None,24,35,46,66,66,33,63,67,63,61,47,86,66,50,86,83,85,38,44,58,65,58,66,61,56,55,13,6,15,14,7,1300000
PS1362,Germany,173,67,26,1. FC Magdeburg ,69,70,None,64,66,73,60,62,66,71,70,58,69,67,75,90,66,85,73,83,71,58,62,59,62,67,66,50,45,8,12,14,13,13,1300000
PS1363,Bosnia & Herzegovina,191,85,28,Univ. Craiova ,62,59,None,31,26,60,66,74,26,48,71,33,62,54,62,63,85,52,53,60,81,74,74,71,57,57,55,70,64,13,8,8,13,11,1300000
PS1364,Austria,182,69,29,LASK ,65,67,None,62,65,73,65,60,63,64,67,67,66,63,81,82,53,72,81,76,81,64,64,62,58,62,43,63,57,9,7,8,13,13,1300000
PS1365,Portugal,183,74,33,Arouca ,69,69,None,66,70,74,66,67,64,75,70,68,77,72,63,65,67,62,66,73,71,58,70,60,67,73,75,71,67,16,11,16,8,14,1300000
PS1366,Denmark,183,67,24,ESTAC Troyes ,68,64,None,60,64,60,57,64,55,61,59,71,64,60,89,79,73,66,84,69,70,54,66,51,48,70,42,49,47,15,13,14,10,10,1300000
PS1367,Spain,173,70,25,CD Tenerife ,67,66,None,61,60,72,61,54,62,51,60,66,62,56,83,86,65,88,84,77,60,53,44,36,35,45,36,43,31,7,8,7,14,10,1300000
PS1368,Netherlands,190,82,26,N.E.C. Nijmegen ,70,70,None,68,74,66,62,40,65,66,73,40,73,71,61,53,74,52,64,60,70,68,63,23,52,62,70,46,28,13,12,13,15,11,1300000
PS1369,Sweden,188,77,31,IF Elfsborg ,58,40,None,72,72,68,67,30,71,38,71,34,63,63,62,74,76,53,50,56,81,72,57,30,35,35,27,31,30,6,15,10,11,9,1300000
PS1370,Germany,183,74,27,VfB Stuttgart ,68,65,None,71,72,73,67,52,72,57,67,62,74,69,52,75,63,64,51,61,66,63,75,55,64,62,50,49,39,11,13,11,10,8,1300000
PS1371,France,187,86,28,Pau FC ,22,18,None,13,14,40,63,15,25,46,59,13,38,40,48,30,78,51,55,35,61,15,51,16,17,16,16,14,17,70,70,67,68,74,1300000
PS1372,Denmark,180,80,31,Changchun Yatai ,58,56,None,66,68,80,59,52,69,59,60,33,60,64,58,78,88,54,76,60,90,69,66,34,38,39,29,33,31,15,9,15,16,15,1300000
PS1373,Argentina,191,85,27,Elche CF ,23,13,None,17,13,24,55,16,27,50,52,14,25,19,44,38,75,43,46,34,58,15,56,19,18,20,15,23,12,68,74,72,75,70,1300000
PS1374,Germany,184,79,28,1. FC Nürnberg ,69,66,None,67,69,59,66,57,66,51,74,62,67,58,79,68,71,75,65,70,69,61,42,40,58,61,34,45,26,12,13,12,15,11,1300000
PS1375,Korea Republic,174,60,28,Gimcheon Sangmu ,68,71,None,49,56,69,65,65,56,71,60,52,67,69,71,84,42,81,78,83,73,54,65,56,65,61,68,53,39,11,16,15,10,8,1300000
PS1376,England,188,80,28,Plymouth Argyle ,53,46,None,67,69,72,65,33,65,41,62,36,56,56,54,74,87,55,51,50,77,68,54,36,38,32,29,37,30,9,12,15,11,14,1300000
PS1377,Germany,186,81,26,1. FC Nürnberg ,67,66,None,62,63,72,64,60,62,56,60,64,66,59,75,81,77,67,72,67,63,60,66,66,55,69,69,61,52,10,11,8,11,8,1300000
PS1378,Bolivia,174,68,31,The Strongest ,66,71,None,49,58,46,65,66,58,72,67,66,66,61,83,61,52,81,80,73,69,50,46,58,41,73,74,71,68,9,10,8,7,7,1300000
PS1379,Argentina,181,78,22,Boca Juniors ,60,64,None,71,64,74,65,60,62,42,52,66,62,55,71,75,76,64,72,67,70,55,45,34,37,60,45,42,28,7,11,7,11,10,1300000
PS1380,Peru,184,84,29,Alianza Lima ,67,66,None,33,26,53,67,67,25,53,60,54,63,43,65,80,80,76,73,70,63,65,70,67,65,51,64,67,63,9,10,7,11,10,1300000
PS1381,Algeria,168,65,26,Angers SCO ,72,82,None,38,36,35,53,67,19,65,61,63,65,57,72,35,36,91,71,71,32,41,54,70,45,49,43,65,53,13,5,8,8,10,1300000
PS1382,Germany,179,68,26,Holstein Kiel ,70,72,None,60,66,73,69,60,58,69,67,64,72,65,81,79,58,78,80,81,59,50,68,58,60,56,49,61,55,7,13,14,10,12,1300000
PS1383,Brazil,180,77,28,FC Cincinnati ,71,69,None,14,20,41,62,66,18,59,62,60,59,45,91,67,80,62,89,79,71,62,68,65,54,37,35,61,60,14,16,14,10,11,1300000
PS1384,Croatia,174,68,23,FC Augsburg ,64,60,None,64,65,52,64,50,70,45,55,59,43,31,82,73,46,78,83,65,65,47,39,38,39,66,63,47,47,12,7,12,13,7,1300000
PS1385,France,187,81,26,FCSM ,14,6,None,11,10,18,63,6,11,50,59,13,15,22,43,27,57,46,26,29,66,11,51,7,5,14,12,14,6,69,70,69,68,69,1300000
PS1386,China PR,178,73,28,Wuhan 3 Towns ,65,68,None,65,64,75,63,66,62,70,67,59,64,62,81,82,65,73,80,75,60,55,63,55,58,60,53,38,29,12,6,10,14,13,1300000
PS1387,Slovenia,188,82,32,Tianjin JMT FC ,70,65,None,23,30,65,74,74,38,69,71,52,65,65,63,69,83,51,51,58,75,71,73,72,67,65,56,71,69,12,16,11,15,16,1300000
PS1388,Serbia,180,79,31,D. Alavés ,60,34,None,69,71,75,69,25,68,47,63,33,65,56,53,72,79,65,42,68,84,66,49,50,26,24,22,68,25,12,14,9,12,5,1300000
PS1389,Uruguay,178,69,22,Orlando City ,64,62,None,53,74,73,75,55,65,62,49,33,63,72,65,74,64,70,60,58,66,41,64,50,53,35,38,45,32,7,10,12,9,13,1300000
PS1390,Angola,170,63,31,Ümraniyespor ,71,74,None,35,36,66,66,62,47,65,64,66,67,56,78,62,60,83,83,79,57,49,77,61,73,62,64,64,67,12,15,8,6,9,1300000
PS1391,France,178,71,25,Brescia ,62,62,None,65,66,64,64,58,66,48,62,59,62,58,72,78,72,74,76,70,70,60,50,32,45,55,36,40,34,6,14,10,9,7,1300000
PS1392,Guinea Bissau,185,73,26,Ipswich ,67,70,None,62,65,62,66,64,64,66,66,51,67,66,83,91,72,58,83,66,31,58,64,61,63,54,44,58,39,6,7,9,9,15,1300000
PS1393,Iceland,186,82,32,D.C. United ,64,54,None,71,73,86,68,51,73,58,67,47,66,62,65,78,82,59,79,67,90,71,72,51,57,51,52,57,46,8,8,9,16,7,1300000
PS1394,Senegal,186,70,29,FCSM ,73,62,None,69,68,71,60,54,65,51,70,69,68,68,72,58,72,69,72,71,76,66,41,27,23,63,32,38,43,6,12,9,12,14,1300000
PS1395,Slovakia,188,78,27,Lech Poznań ,66,40,None,66,70,65,69,27,68,46,58,42,67,63,62,62,76,55,63,64,82,67,45,23,22,28,29,36,33,12,13,12,9,9,1300000
PS1396,Poland,182,68,19,Vitesse ,73,74,None,62,63,66,66,57,56,68,77,51,67,61,78,70,65,85,69,80,76,59,62,59,56,65,41,40,54,10,8,14,8,6,1300000
PS1397,Croatia,174,70,29,Hajduk Split ,65,64,None,65,65,81,61,57,63,49,57,63,57,52,86,80,61,76,86,76,71,47,43,41,33,52,41,40,33,14,14,13,13,9,1300000
PS1398,South Africa,166,62,27,Mamelodi Sundowns ,73,71,None,35,37,48,63,63,26,64,62,58,72,70,71,64,50,66,72,74,50,38,50,57,56,56,45,45,45,12,11,10,14,6,1300000
PS1399,England,175,76,24,Stoke City ,63,61,None,63,63,81,63,53,63,58,60,64,63,62,78,76,75,66,75,63,84,60,55,43,44,54,50,46,34,6,10,14,13,7,1300000
PS1400,Korea Republic,180,72,24,Ulsan Hyundai ,63,62,None,59,67,61,70,62,60,56,56,68,65,59,76,82,67,65,81,80,59,40,56,40,54,54,49,34,43,7,8,6,13,8,1300000
PS1401,Argentina,185,87,27,San Lorenzo ,18,13,None,17,18,26,70,17,23,28,34,17,25,22,43,31,68,43,42,37,58,16,50,14,15,13,17,23,13,68,70,67,66,71,1300000
PS1402,France,188,81,26,AS Saint-Étienne ,55,51,None,73,72,67,64,42,67,35,50,57,52,40,63,62,80,55,65,58,67,68,28,33,30,37,38,44,34,11,15,8,7,7,1300000
PS1403,Ecuador,180,71,25,U. Católica ,64,68,None,60,67,58,63,56,60,64,49,67,65,58,80,74,72,80,82,74,58,59,70,40,62,55,41,52,56,12,8,10,13,6,1300000
PS1404,Ghana,188,82,29,Holstein Kiel ,64,63,None,21,27,64,66,69,21,57,64,60,59,43,68,65,86,64,62,59,60,66,73,70,56,59,64,68,63,13,8,9,15,11,1300000
PS1405,Argentina,180,79,28,Gimnasia ,65,62,None,33,47,69,70,73,31,70,70,39,60,51,70,85,77,68,67,70,78,74,68,68,60,61,41,62,64,10,12,10,12,13,1300000
PS1406,Australia,193,90,31,Incheon United ,53,39,None,62,69,90,53,34,65,44,59,21,61,48,54,82,90,33,61,54,85,72,50,24,36,20,26,33,20,11,13,14,12,13,1300000
PS1407,China PR,173,70,33,Shanghai Shenhua ,64,72,None,32,38,64,62,65,35,66,65,71,66,61,83,78,60,80,80,83,72,57,71,60,64,66,65,60,56,15,9,10,9,15,1300000
PS1408,Slovenia,187,79,28,San Lorenzo ,68,62,None,26,18,68,64,71,34,65,57,46,62,55,62,65,81,59,72,51,80,76,68,68,53,52,57,57,55,13,13,12,10,14,1300000
PS1409,Portugal,171,73,19,Sporting CP ,70,69,None,66,68,62,70,65,69,59,60,67,65,68,75,61,64,68,76,58,67,49,43,38,30,66,43,42,39,10,13,6,11,6,1300000
PS1410,Belgium,188,80,31,KV Kortrijk ,59,39,None,66,70,74,68,34,71,43,76,52,63,63,53,71,80,58,52,57,58,74,72,38,57,59,70,35,22,7,9,16,12,13,1300000
PS1411,Germany,184,82,32,1. FC Nürnberg ,73,74,None,23,34,55,69,70,28,56,67,68,66,61,80,54,73,73,69,77,56,50,76,69,73,76,75,67,61,6,13,10,11,10,1300000
PS1412,Northern Ireland,184,75,32,Hearts ,71,67,None,19,24,74,62,72,34,68,74,43,67,60,67,73,79,68,68,78,74,69,70,75,67,58,55,71,55,14,11,12,9,13,1300000
PS1413,Argentina,184,79,26,River Plate ,21,24,None,17,11,33,66,7,11,35,43,11,34,24,52,36,69,40,45,45,72,12,50,7,6,20,14,18,16,70,73,67,66,70,1300000
PS1414,Iceland,180,73,20,F.C. København ,70,69,None,54,55,70,65,68,57,66,68,61,68,60,73,82,55,82,75,86,58,45,63,63,56,66,61,54,59,14,7,14,10,6,1300000
PS1415,Italy,186,78,29,Reggina ,64,63,None,66,64,62,61,46,62,46,68,73,62,60,71,83,76,60,78,63,74,58,54,23,50,65,50,34,29,7,8,11,11,14,1300000
PS1416,Cape Verde,186,74,26,KV Mechelen ,71,73,None,26,35,65,69,72,24,58,64,61,63,58,75,55,65,70,76,74,60,56,75,71,66,71,51,52,58,14,12,15,12,13,1300000
PS1417,Spain,190,80,32,Girona FC ,63,40,None,70,71,72,64,32,67,55,66,35,69,63,53,69,83,28,55,35,74,78,55,35,30,30,30,40,15,8,11,8,11,13,1300000
PS1418,Bosnia & Herzegovina,180,70,26,Palermo ,70,65,None,49,51,73,72,66,47,72,72,56,73,66,65,80,58,71,68,70,63,58,72,60,64,64,65,58,60,6,13,14,11,9,1300000
PS1419,South Africa,180,72,28,Orlando Pirates ,63,63,None,58,59,70,63,70,53,64,66,69,67,67,73,70,66,77,76,74,63,57,67,65,59,53,50,64,45,9,7,10,15,13,1300000
PS1420,Netherlands,196,90,29,SC Freiburg II ,59,60,None,23,22,36,68,71,37,59,69,50,64,62,41,74,90,36,41,40,69,79,71,75,60,35,37,62,61,13,9,9,9,11,1300000
PS1421,Spain,180,71,33,SD Huesca ,68,67,None,65,63,52,68,65,66,72,66,76,66,68,63,75,71,68,65,71,54,57,74,72,68,75,78,74,67,15,8,11,8,15,1300000
PS1422,Portugal,175,69,20,SC Braga ,71,72,None,51,49,52,74,67,54,58,64,53,63,59,80,70,42,75,78,79,58,52,69,62,55,56,41,56,45,14,10,13,10,10,1300000
PS1423,Bosnia & Herzegovina,193,89,27,FC St. Pauli ,22,12,None,14,10,30,68,8,15,42,55,10,40,38,36,21,72,23,30,40,64,12,48,9,7,14,11,16,6,71,68,66,64,71,1300000
PS1424,United States,181,83,27,Whitecaps FC ,67,66,None,43,47,59,70,73,48,55,60,44,57,45,75,74,74,71,75,76,84,68,65,70,57,54,42,62,53,9,10,11,10,5,1300000
PS1425,Wales,190,81,31,Preston ,64,55,None,67,71,73,68,45,70,42,59,61,62,63,61,76,77,56,64,67,81,70,46,35,48,62,65,42,27,7,15,13,13,10,1300000
PS1426,Germany,187,76,23,FC Schalke 04 ,60,52,None,64,69,68,67,49,65,46,60,59,61,50,78,67,69,59,79,54,63,62,33,32,30,40,40,47,33,15,14,7,9,7,1300000
PS1427,England,201,93,35,Spurs ,33,20,None,12,13,44,70,13,22,48,54,19,27,36,26,29,80,42,35,44,69,13,50,13,12,10,19,22,19,75,76,72,67,81,1300000
PS1428,Paraguay,180,74,31,Guaireña ,67,72,None,40,51,48,68,70,40,73,67,66,71,58,72,51,52,64,74,81,48,67,56,62,54,64,61,64,71,8,8,7,10,9,1300000
PS1429,Paraguay,183,80,27,Lanús ,56,39,None,65,73,70,62,27,65,42,59,32,63,57,69,59,80,66,65,49,83,75,43,34,21,32,31,38,21,12,11,11,11,11,1300000
PS1430,Norway,178,74,26,FK Bodø/Glimt ,68,68,None,54,67,66,68,66,68,67,67,57,68,66,71,86,72,65,70,72,75,54,55,56,55,55,32,51,48,9,8,10,8,13,1300000
PS1431,Portugal,181,66,26,SD Ponferradina ,70,71,None,28,33,59,68,66,22,61,68,61,63,50,80,70,62,71,80,76,56,61,78,66,68,72,70,70,67,7,7,13,8,8,1300000
PS1432,Spain,185,84,28,SD Ponferradina ,61,63,None,19,18,56,70,72,20,61,66,42,62,52,67,65,70,54,71,56,77,72,73,68,65,50,45,61,55,6,10,14,15,15,1300000
PS1433,England,183,80,30,Aston Villa ,22,11,None,11,12,22,67,16,22,42,30,11,40,25,53,39,61,59,47,37,56,12,53,11,11,12,11,41,11,70,72,70,70,71,1300000
PS1434,Spain,166,61,28,Burgos CF ,68,64,None,64,62,70,63,52,63,65,56,71,65,60,74,86,32,92,80,81,86,63,71,39,60,60,51,39,22,9,5,8,6,5,1300000
PS1435,France,176,68,22,ESTAC Troyes ,68,69,None,65,65,60,63,55,63,54,59,65,65,52,76,70,62,68,74,64,72,54,52,45,48,50,38,44,42,6,11,10,8,7,1300000
PS1436,Saudi Arabia,177,60,23,Al Shabab ,69,70,None,58,59,40,57,67,56,67,54,69,67,56,87,87,58,68,92,84,64,41,58,59,44,62,38,41,39,15,6,9,9,14,1300000
PS1437,Netherlands,201,90,32,FC Volendam ,62,58,None,21,18,69,72,72,29,48,68,29,65,43,67,56,89,31,74,34,71,72,72,71,59,29,40,62,55,8,16,15,8,11,1300000
PS1438,Colombia,179,75,23,Atl. Nacional ,72,71,None,65,67,70,66,67,61,68,72,59,73,71,72,57,70,66,69,65,73,56,58,52,52,48,44,49,34,8,9,15,15,6,1300000
PS1439,Belgium,180,78,24,Benevento ,68,64,None,67,65,65,62,55,60,57,57,74,65,65,74,68,66,71,73,70,73,52,42,24,40,60,62,34,24,10,8,7,11,12,1300000
PS1440,Colombia,178,71,23,Atl. Nacional ,70,62,None,66,68,68,68,42,61,59,48,48,74,68,63,76,62,70,70,67,59,55,70,42,64,50,40,50,45,8,9,8,14,11,1300000
PS1441,Colombia,176,76,29,La Equidad ,55,53,None,68,66,70,65,45,68,60,56,68,63,51,71,90,72,70,80,83,80,50,64,39,45,48,45,58,28,10,7,14,7,12,1300000
PS1442,Belgium,191,86,28,En Avant Guingamp ,70,68,None,22,18,48,65,72,19,58,72,55,65,51,61,68,81,57,41,72,77,70,68,70,63,36,39,65,58,12,13,10,8,7,1300000
PS1443,Sweden,196,93,30,Fürth  ,18,20,None,11,14,18,62,15,22,57,57,16,22,18,48,25,70,32,49,30,60,12,50,13,19,13,12,23,12,73,73,64,66,75,1300000
PS1444,Spain,183,75,28,R. Racing Club ,70,65,None,70,69,59,70,49,68,53,55,64,70,64,67,56,67,62,65,61,63,69,66,29,65,70,65,43,22,15,7,14,15,9,1300000
PS1445,Algeria,186,78,26,SM Caen ,18,16,None,21,19,23,63,15,19,15,51,13,28,19,41,28,61,55,49,33,51,15,47,17,14,14,20,23,16,71,71,64,63,74,1300000
PS1446,France,185,75,31,FC Schalke 04 ,64,55,None,67,69,74,67,62,68,62,65,67,71,68,68,73,77,52,67,67,86,70,47,30,43,59,34,49,30,16,14,6,10,7,1300000
PS1447,Uruguay,187,78,37,Vélez Sarsfield ,70,52,None,72,74,80,70,52,73,53,77,52,74,68,47,60,80,53,50,51,90,82,67,42,43,49,49,50,47,5,6,8,15,15,1300000
PS1448,Sweden,185,85,27,KV Mechelen ,70,70,None,21,36,67,63,73,22,64,70,65,59,45,66,69,74,59,70,59,62,61,72,70,57,52,48,58,57,8,14,11,6,13,1300000
PS1449,Sierra Leone,180,75,28,Malmö FF ,65,69,None,16,17,77,65,69,23,57,58,51,55,47,87,77,71,74,91,87,82,67,66,68,61,54,47,61,58,10,14,9,5,10,1300000
PS1450,Ukraine,177,68,21,Shakhtar Donetsk ,71,72,None,39,35,40,60,66,36,65,66,56,71,63,72,72,68,73,70,74,69,68,73,65,60,51,42,48,50,12,13,9,13,9,1300000
PS1451,Belgium,188,85,26,KV Mechelen ,68,60,None,70,69,74,68,41,68,60,64,63,68,63,58,60,72,62,69,64,69,65,45,21,29,38,27,24,22,10,5,14,9,8,1300000
PS1452,Iran,187,76,27,Kayserispor ,54,42,None,70,71,65,65,27,70,30,66,28,65,69,63,73,73,67,65,55,75,70,46,22,30,35,37,40,22,12,6,13,12,13,1300000
PS1453,Sweden,182,75,33,IF Elfsborg ,65,65,None,64,65,67,68,66,70,72,70,70,70,68,80,85,72,75,80,75,76,58,71,59,68,69,68,58,57,16,13,16,6,16,1300000
PS1454,DR Congo,170,59,32,Apoel FC ,70,75,None,24,29,39,68,68,28,67,74,69,65,56,85,66,31,92,82,90,90,46,59,59,56,67,57,54,62,10,11,10,9,15,1300000
PS1455,England,183,79,33,Watford ,73,65,None,68,70,73,73,69,71,68,76,66,73,71,51,56,65,67,49,62,64,65,71,64,70,63,57,61,62,15,6,15,14,6,1300000
PS1456,Austria,178,70,31,SV Ried ,70,68,None,58,54,53,66,66,52,73,68,67,71,70,66,74,65,75,62,71,64,52,72,65,70,73,72,73,66,10,7,11,8,10,1300000
PS1457,Italy,169,68,27,Sarmiento ,70,71,None,63,65,73,67,57,67,71,79,65,73,69,64,69,33,84,54,89,73,41,63,45,67,71,55,63,63,15,12,8,7,6,1300000
PS1458,Australia,181,72,24,Hearts ,65,70,None,60,66,65,62,66,60,56,65,66,64,57,78,83,72,85,78,81,86,55,56,55,48,65,47,51,39,12,15,11,12,6,1300000
PS1459,Argentina,170,65,25,FC Lugano ,66,67,None,64,64,68,63,58,62,67,61,68,67,54,76,82,64,84,75,80,76,53,56,36,47,67,38,54,33,15,15,14,10,9,1300000
PS1460,Turkey,176,70,28,Gaziantep ,69,68,None,67,69,65,66,63,67,65,69,66,70,69,75,75,68,78,75,80,44,63,80,55,73,78,70,67,70,9,10,8,6,11,1300000
PS1461,Saudi Arabia,174,70,28,Al Ittihad ,69,70,None,37,38,40,56,66,47,56,49,58,61,48,91,74,58,75,88,84,61,48,67,62,58,50,37,44,47,14,8,5,12,14,1300000
PS1462,Sweden,183,73,27,SM Caen ,66,63,None,59,63,58,66,64,67,70,60,67,70,69,61,82,67,72,65,71,68,48,63,53,59,66,66,62,53,15,13,14,12,9,1300000
PS1463,Bolivia,188,77,31,Royal Pari ,70,69,,21,38,52,65,62,22,68,71,64,70,72,60,60,74,44,62,70,51,68,52,68,65,55,64,70,48,8,13,16,8,16,1200000
PS1464,Germany,184,78,23,Holstein Kiel ,66,68,None,24,32,44,65,67,22,60,60,68,57,34,75,59,78,70,81,72,62,63,68,65,59,65,38,55,64,7,14,12,10,11,1200000
PS1465,Romania,197,87,23,FCSB ,16,18,None,10,11,16,66,19,21,55,41,13,16,29,42,29,55,41,42,48,57,12,49,15,18,11,12,13,17,66,68,69,65,70,1200000
PS1466,Germany,177,72,25,Legia Warszawa ,68,73,None,29,30,40,62,68,20,54,64,57,57,44,91,64,68,80,90,90,79,37,70,64,60,64,47,45,60,11,10,6,13,5,1200000
PS1467,Argentina,163,66,27,Independiente ,66,70,None,60,62,58,65,64,64,61,63,66,63,61,78,77,59,93,77,85,72,50,63,60,62,52,45,48,48,14,8,7,12,11,1200000
PS1468,Brazil,174,69,30,Jeju United ,71,74,None,17,22,44,61,67,27,63,56,54,67,59,83,67,45,82,78,85,72,51,64,63,53,53,65,66,63,14,14,8,16,6,1200000
PS1469,Spain,186,82,24,SD Eibar ,68,67,None,66,71,61,62,65,68,65,70,55,70,69,52,60,75,55,49,65,72,70,55,65,54,44,45,49,48,8,11,11,7,14,1200000
PS1470,Portugal,180,76,26,Santa Clara ,64,61,None,65,67,63,61,54,65,55,62,68,66,59,71,71,73,60,72,61,60,47,66,40,52,67,66,59,40,7,12,7,8,7,1200000
PS1471,Slovenia,179,75,25,SK Rapid Wien ,70,65,None,55,58,66,66,62,66,72,63,64,71,73,71,73,67,74,68,71,70,46,62,51,60,52,58,44,39,6,11,7,10,6,1200000
PS1472,England,196,73,24,R. Union St.-G. ,58,56,None,63,66,72,63,56,67,51,61,48,57,61,40,72,85,40,51,33,63,72,55,53,31,51,28,39,30,14,12,9,15,7,1200000
PS1473,Denmark,189,78,29,Molde FK ,60,37,None,67,70,65,68,24,67,34,50,26,60,60,58,75,81,47,65,51,77,67,41,23,25,24,21,32,23,7,11,11,9,6,1200000
PS1474,Romania,181,74,23,Univ. Craiova ,59,47,None,67,68,71,67,38,67,58,64,41,65,66,79,70,73,70,73,69,81,66,44,33,45,32,36,39,30,11,8,9,7,9,1200000
PS1475,Peru,180,74,25,Sporting Cristal ,68,48,None,63,65,71,65,28,75,46,63,31,63,49,63,67,73,61,60,53,77,65,29,24,34,28,30,31,21,12,14,8,11,14,1200000
PS1476,Spain,181,75,25,SD Ponferradina ,64,57,None,68,67,62,71,46,70,37,61,48,64,66,66,70,76,59,54,64,82,66,53,33,33,50,40,40,40,7,13,8,7,7,1200000
PS1477,Spain,173,71,29,Al Fayha ,72,73,None,49,51,48,66,64,52,69,68,63,73,68,75,71,46,84,65,83,33,42,68,58,61,69,68,68,59,6,9,8,8,7,1200000
PS1478,Italy,186,74,24,Standard Liège ,70,67,None,61,63,49,70,64,62,70,63,59,72,71,56,61,53,67,55,66,51,49,70,49,47,62,57,64,47,7,12,13,6,7,1200000
PS1479,Finland,183,76,25,CF Montréal ,65,69,None,40,65,34,63,69,42,60,62,52,66,53,86,68,68,64,86,62,42,50,62,64,51,62,39,54,54,6,7,14,6,9,1200000
PS1480,Spain,183,75,21,D. Alavés ,60,52,None,66,68,60,65,47,68,43,52,65,61,42,68,70,64,55,71,70,53,63,30,26,27,46,31,36,21,14,11,13,14,11,1200000
PS1481,Italy,192,85,36,Fiorentina ,18,15,None,13,11,34,74,10,20,55,65,13,23,28,46,34,66,55,46,52,68,11,55,10,14,11,11,19,12,79,75,73,73,75,1200000
PS1482,Netherlands,170,73,24,sc Heerenveen ,69,70,None,22,23,38,62,61,22,56,64,60,60,46,90,67,62,76,91,81,56,44,58,58,45,65,37,45,53,6,13,6,15,15,1200000
PS1483,Turkey,175,70,31,Başakşehir ,70,71,None,67,68,74,71,67,64,64,68,65,65,66,76,79,63,81,73,80,80,50,73,63,72,76,71,63,66,13,13,12,10,9,1200000
PS1484,Argentina,187,83,25,Central Córdoba ,55,35,None,65,69,69,64,34,66,32,62,35,57,45,60,66,83,57,64,55,75,66,43,21,21,29,27,39,35,9,7,8,8,11,1200000
PS1485,Argentina,191,86,36,Uni. Católica ,19,17,None,18,12,20,76,19,21,65,68,13,32,25,32,42,72,32,48,40,56,12,57,12,16,12,17,20,19,77,74,74,76,80,1200000
PS1486,Antigua & Barbuda,178,73,27,Cardiff City ,61,64,None,62,63,60,57,61,63,63,60,64,63,60,80,80,67,72,82,80,76,57,57,47,39,55,35,48,29,15,8,13,12,7,1200000
PS1487,South Africa,170,68,31,Orlando Pirates ,68,66,None,70,74,51,64,44,69,41,68,65,49,26,71,69,58,83,67,55,73,65,55,31,41,46,44,40,30,10,13,12,6,15,1200000
PS1488,France,187,77,33,FCSM ,70,69,None,70,71,77,69,65,69,70,66,58,69,67,58,73,75,59,59,57,70,74,65,59,58,60,37,66,55,10,10,12,6,10,1200000
PS1489,Argentina,168,77,23,FC Lugano ,67,72,None,45,41,49,61,63,29,62,62,58,62,57,84,63,50,83,82,85,63,46,65,64,55,52,43,51,52,13,11,9,7,11,1200000
PS1490,Argentina,178,69,36,Unión ,76,72,None,65,73,70,72,68,62,74,67,69,78,75,50,71,77,59,53,55,57,67,71,61,63,63,61,80,58,7,8,6,15,7,1200000
PS1491,Senegal,193,81,25,Cádiz CF ,64,32,None,67,73,63,58,23,65,35,55,53,70,59,55,62,70,50,58,40,70,72,50,23,19,50,30,32,39,5,15,12,11,5,1200000
PS1492,England,191,81,24,Ipswich ,65,60,None,25,19,62,65,67,22,53,67,40,60,38,64,67,80,52,79,61,79,66,69,68,60,45,39,64,60,10,13,13,13,9,1200000
PS1493,Spain,186,75,21,FC Barcelona ,70,71,None,35,33,63,60,61,29,57,67,52,67,57,73,48,62,69,66,59,77,69,70,69,67,46,46,54,57,13,12,13,5,14,1200000
PS1494,England,185,82,25,Rotherham Utd ,58,45,None,68,71,64,69,47,68,39,58,48,57,51,60,65,78,65,67,64,81,69,44,24,33,33,35,40,26,12,7,14,16,6,1200000
PS1495,Turkey,176,70,31,Adana Demirspor ,71,77,None,32,38,73,54,63,43,65,61,68,66,63,77,54,68,81,74,81,52,59,73,59,68,75,68,66,59,12,11,10,7,11,1200000
PS1496,Denmark,180,79,30,AGF ,69,66,None,59,60,80,69,57,68,68,70,65,70,67,64,81,77,75,54,70,61,60,58,55,56,60,55,41,40,11,6,13,15,11,1200000
PS1497,Germany,185,85,34,Arminia Bielefeld ,66,60,None,76,78,74,69,64,69,67,72,73,70,68,54,68,76,64,75,61,71,63,75,50,64,61,70,66,47,6,12,14,7,10,1200000
PS1498,Spain,175,70,22,CD Mirandés ,72,75,None,28,37,52,58,60,32,55,57,64,63,53,81,58,54,77,77,81,58,58,73,63,63,60,50,59,59,10,10,14,12,13,1200000
PS1499,United States,182,75,23,D.C. United ,68,66,None,57,64,69,66,58,70,65,66,65,71,67,50,82,63,67,62,53,76,52,63,56,64,66,60,50,48,9,11,8,12,15,1200000
PS1500,Argentina,194,94,24,Hellas Verona ,63,64,None,26,26,44,65,72,19,61,71,48,65,43,67,66,88,47,65,62,72,72,68,64,57,47,41,66,56,14,8,7,7,14,1200000
PS1501,Chile,172,67,20,Colo-Colo ,70,67,None,67,72,58,64,63,58,69,56,53,72,67,67,71,68,79,69,73,66,48,56,48,53,34,29,45,32,14,9,10,8,13,1200000
PS1502,Mexico,180,77,25,Atlanta United ,59,50,None,64,68,66,63,42,63,41,59,37,60,58,53,54,81,55,55,42,79,80,58,44,52,45,36,45,32,14,11,10,12,9,1200000
PS1503,Senegal,180,68,30,Havre AC ,69,67,None,18,20,39,63,70,12,56,64,52,62,50,84,81,75,80,87,89,83,60,69,68,62,49,46,67,60,8,7,14,6,9,1200000
PS1504,Luxembourg,178,70,29,Hansa Rostock ,72,71,None,38,34,39,66,57,39,73,67,58,70,64,66,76,48,76,67,76,73,53,67,63,65,66,68,69,70,11,12,5,5,12,1200000
PS1505,Turkey,189,78,25,Alanyaspor ,67,59,None,72,74,65,56,42,66,51,64,39,69,63,40,71,74,41,35,57,52,65,54,41,33,33,29,40,32,13,7,11,6,14,1200000
PS1506,Australia,187,85,30,Melbourne City ,62,53,None,68,73,65,64,34,63,55,74,42,68,66,53,82,83,64,61,55,81,69,39,31,35,35,26,46,35,14,10,8,7,8,1200000
PS1507,China PR,177,75,32,Guangzhou City ,69,65,None,60,63,65,62,53,62,59,64,66,70,63,83,89,78,77,77,86,53,44,36,29,30,46,33,43,30,6,7,14,11,6,1200000
PS1508,Gabon,173,72,30,Al Khaleej ,66,71,None,64,71,85,65,67,70,62,64,60,66,63,75,84,71,79,73,73,70,60,69,53,51,41,50,53,47,15,14,14,13,11,1200000
PS1509,Albania,183,75,25,FC Metz ,66,68,None,15,14,48,58,69,15,57,60,39,53,40,68,65,71,65,68,60,66,68,62,73,66,45,41,71,55,14,15,14,12,9,1200000
PS1510,Korea Republic,189,85,28,Jeju United ,18,13,None,23,15,32,64,18,19,48,62,13,40,22,43,42,44,56,43,40,61,18,49,17,16,13,12,18,17,68,71,68,65,73,1200000
PS1511,Belgium,184,83,34,Royal Antwerp FC ,68,65,None,72,68,78,71,54,72,63,80,61,66,67,68,78,73,67,78,64,69,67,63,45,49,47,48,40,34,12,13,14,14,13,1200000
PS1512,Spain,182,74,30,R. Oviedo ,61,57,None,67,66,69,64,49,65,51,54,61,68,52,71,80,77,54,75,66,76,65,58,56,44,55,52,49,46,6,7,6,12,13,1200000
PS1513,Turkey,186,72,23,Galatasaray ,67,69,None,34,33,64,62,55,21,51,56,60,62,57,85,80,83,76,89,78,49,45,74,65,68,62,47,58,58,13,13,9,11,8,1200000
PS1514,Germany,187,84,26,Holstein Kiel ,53,45,None,67,71,74,49,45,69,42,55,39,62,57,73,74,78,64,70,62,75,69,55,29,40,36,47,37,32,12,9,8,13,8,1200000
PS1515,Italy,184,68,21,Vitória SC ,62,60,None,67,70,76,66,41,65,57,60,49,65,64,74,78,68,63,75,57,75,64,64,37,52,46,39,48,34,11,9,8,7,14,1200000
PS1516,Gambia,188,84,27,Molde FK ,56,57,None,65,69,71,64,56,68,50,58,44,63,60,69,67,80,63,77,65,82,65,53,40,38,45,38,47,41,15,8,8,9,8,1200000
PS1517,England,178,68,20,Bristol City ,70,74,None,60,63,56,62,62,58,69,72,66,72,69,75,75,61,84,72,84,60,51,63,61,58,66,63,52,53,12,9,10,15,8,1200000
PS1518,France,188,90,25,Clermont Foot 63 ,16,14,None,11,12,21,62,4,9,33,32,12,21,20,30,29,67,23,22,21,55,14,53,10,8,15,16,29,7,64,71,67,70,71,1200000
PS1519,Sierra Leone,180,73,29,Randers FC ,66,65,None,28,28,76,64,68,28,54,64,47,57,44,78,66,83,75,79,73,85,67,69,67,55,57,42,58,60,9,8,12,15,12,1200000
PS1520,Portugal,182,75,26,Paços Ferreira ,68,66,None,65,67,66,68,62,63,56,60,66,65,54,69,74,69,64,71,61,71,57,55,35,37,60,38,48,35,5,5,7,10,14,1200000
PS1521,Italy,182,77,33,Modena ,76,72,None,68,68,72,70,70,68,70,72,68,74,72,51,61,63,70,61,64,66,63,72,56,68,72,68,68,69,5,5,5,5,5,1200000
PS1522,Germany,179,74,29,Braunschweig ,61,54,None,70,67,86,65,52,66,64,65,58,66,64,68,90,71,72,68,72,90,59,57,34,37,57,60,46,40,11,9,6,13,13,1200000
PS1523,Sweden,201,88,24,IF Elfsborg ,16,12,None,11,10,27,58,9,10,45,36,15,45,47,15,45,59,44,21,29,42,10,50,10,18,32,11,12,20,69,68,70,67,70,1200000
PS1524,Norway,183,78,28,IFK Göteborg ,67,65,None,63,65,70,63,64,68,67,66,63,69,67,75,76,69,73,74,80,56,52,80,60,70,71,68,60,52,7,9,14,7,15,1200000
PS1525,France,194,89,23,Angers SCO ,12,7,None,14,11,25,65,4,10,30,22,11,15,24,40,26,77,29,43,35,58,14,49,5,6,11,10,11,6,66,70,66,65,70,1200000
PS1526,Bolivia,177,75,31,Always Ready ,64,68,None,33,35,62,67,68,40,66,70,64,67,63,75,63,70,76,73,70,64,64,74,67,71,79,75,73,69,15,12,12,13,13,1200000
PS1527,Austria,183,79,28,Hajduk Split ,64,63,None,63,64,78,63,48,69,65,63,55,65,61,66,84,85,62,72,55,69,61,56,36,54,34,38,44,29,12,11,10,14,6,1200000
PS1528,England,181,73,24,Huddersfield ,59,61,None,66,67,64,66,49,70,50,63,54,63,54,71,59,74,64,73,64,88,65,40,25,27,51,42,40,32,12,14,8,11,14,1200000
PS1529,France,189,76,29,Paris FC ,67,64,None,24,20,32,69,72,24,57,64,57,64,51,57,64,70,68,44,53,87,77,72,70,64,42,46,68,57,13,11,14,13,13,1200000
PS1530,Spain,180,76,28,CD Lugo ,62,62,None,66,64,71,62,63,61,50,64,66,63,65,75,81,69,71,75,73,71,60,72,45,64,69,50,51,45,12,11,6,10,13,1200000
PS1531,Venezuela,173,64,31,Dep. Táchira ,68,69,None,40,55,60,58,69,45,68,62,68,74,79,65,70,69,66,72,75,50,44,68,65,57,74,77,75,52,12,11,9,7,13,1200000
PS1532,Norway,175,70,24,Go Ahead Eagles ,65,66,None,50,48,77,58,67,50,58,65,60,57,54,90,79,70,92,85,87,92,54,59,66,55,60,44,50,55,9,12,6,6,12,1200000
PS1533,Ghana,175,67,27,Málaga CF ,67,70,None,62,64,75,70,63,64,53,54,63,61,55,74,73,64,74,80,77,82,55,52,45,45,58,22,34,34,10,6,12,7,5,1200000
PS1534,Netherlands,168,63,21,N.E.C. Nijmegen ,66,67,None,66,68,64,68,44,66,60,66,51,71,70,75,76,47,84,54,74,47,42,64,49,47,42,31,39,35,7,13,7,8,10,1200000
PS1535,Argentina,185,73,24,Independiente ,66,70,None,27,30,47,63,71,34,57,63,58,66,62,73,67,67,62,72,71,51,58,66,69,52,54,55,61,59,9,14,7,11,9,1200000
PS1536,Germany,184,76,26,Holstein Kiel ,62,57,None,67,69,71,59,43,71,41,52,57,59,54,70,65,77,64,68,66,81,63,46,37,35,45,42,42,37,11,12,12,13,14,1200000
PS1537,Gambia,170,65,21,Odense BK ,69,76,None,25,29,62,70,67,28,59,60,51,67,47,79,54,43,81,84,76,55,55,64,69,62,39,48,61,48,10,13,10,9,5,1200000
PS1538,Italy,185,83,33,Pisa ,61,58,None,68,69,71,71,28,72,34,70,41,66,56,66,71,80,69,50,68,89,68,24,38,29,27,30,30,22,11,7,13,13,15,1200000
PS1539,Spain,175,67,24,UD Las Palmas ,62,61,None,52,39,45,68,66,31,67,64,66,70,73,68,56,40,77,77,60,58,45,45,60,55,48,42,50,37,8,9,11,7,8,1200000
PS1540,Italy,180,74,26,Cosenza ,60,56,None,64,67,70,70,46,67,65,67,46,71,68,67,73,70,70,62,57,64,48,51,35,49,37,35,44,28,12,9,7,14,9,1200000
PS1541,Peru,170,70,33,Sporting Cristal ,72,70,None,20,19,50,70,72,33,66,64,62,62,55,67,62,60,88,65,75,58,64,69,76,67,56,56,73,65,13,12,13,8,14,1200000
PS1542,Switzerland,181,82,21,FC Luzern ,67,66,None,58,65,76,71,64,65,65,66,58,67,69,68,74,69,69,64,70,65,56,62,58,65,62,59,60,61,13,8,7,14,5,1200000
PS1543,Turkey,178,73,27,Beşiktaş ,63,66,None,65,67,69,62,60,65,53,54,65,65,58,72,79,70,74,74,72,72,53,53,34,43,57,38,45,39,15,6,13,7,11,1200000
PS1544,Wales,173,68,28,Ipswich ,66,68,None,56,56,44,66,63,54,60,58,64,62,54,92,88,64,87,90,84,76,59,66,64,55,53,46,63,51,8,8,13,13,9,1200000
PS1545,Denmark,185,85,30,Odense BK ,68,57,None,68,71,66,62,41,68,47,66,40,69,65,47,77,78,56,46,54,77,69,48,44,40,41,33,38,35,10,15,7,10,13,1200000
PS1546,United States,174,64,22,PSV ,70,72,None,46,51,44,57,61,52,67,62,60,69,65,75,60,36,77,62,84,54,40,59,61,58,64,60,58,53,11,15,14,11,5,1200000
PS1547,Chile,183,69,22,Unión Española ,57,34,None,67,70,66,64,29,66,30,59,25,63,49,64,65,77,64,68,45,80,64,32,21,18,23,25,32,22,8,8,14,8,12,1200000
PS1548,Netherlands,181,77,26,Sparta Rotterdam ,63,60,None,64,66,72,66,45,69,40,65,63,64,52,57,83,71,66,65,57,70,65,51,38,52,48,33,34,23,6,11,7,7,11,1200000
PS1549,Argentina,190,85,25,Huracán ,50,46,None,67,68,66,67,38,66,36,67,33,60,45,63,73,85,48,65,45,77,73,54,27,29,26,28,43,31,8,9,9,9,11,1200000
PS1550,Uruguay,182,80,27,Montpellier ,64,61,None,70,61,81,59,53,66,44,61,67,66,58,72,69,69,69,76,72,72,64,60,32,49,44,50,50,29,7,13,13,13,11,1200000
PS1551,United States,173,64,32,Nashville SC ,66,73,None,26,25,57,64,63,42,65,67,66,63,55,89,58,36,81,85,78,93,63,71,67,59,65,43,59,64,9,9,9,7,6,1200000
PS1552,Argentina,183,77,21,Unión ,62,64,None,66,65,70,59,55,58,45,54,63,64,58,79,83,63,71,81,73,72,59,71,35,45,73,64,48,33,6,8,6,8,7,1200000
PS1553,Scotland,195,85,23,KV Oostende ,67,62,None,19,21,65,61,64,16,59,58,35,63,44,53,60,87,34,66,34,65,74,75,68,67,59,70,69,58,8,6,15,11,13,1200000
PS1554,Senegal,181,68,31,Nîmes Olympique ,66,62,None,63,67,66,67,63,69,63,66,55,65,66,73,91,78,58,70,75,89,64,62,68,62,47,53,56,42,11,15,16,12,10,1200000
PS1555,Spain,175,70,25,Albacete BP ,68,67,None,51,66,55,65,64,62,69,68,60,69,66,72,62,50,77,68,77,54,44,61,64,67,64,66,63,58,13,9,6,9,6,1200000
PS1556,Germany,184,75,25,Jahn Regensburg ,67,70,None,30,24,34,64,62,25,64,56,61,65,44,81,70,44,75,81,77,53,49,62,63,55,55,35,64,57,6,12,15,10,13,1200000
PS1557,Senegal,183,79,24,Ternana ,70,65,None,61,64,70,68,64,68,63,66,57,72,67,74,69,73,71,76,70,73,63,67,57,59,55,60,57,49,6,13,6,12,6,1200000
PS1558,Belgium,181,75,28,KV Mechelen ,66,69,None,63,64,62,62,64,58,59,65,68,64,54,79,75,73,77,82,79,87,59,63,54,57,58,38,65,46,13,7,8,16,14,1200000
PS1559,Switzerland,168,65,23,FC Winterthur ,70,76,None,22,20,40,56,64,24,60,61,66,66,65,81,73,44,87,75,83,63,40,66,64,61,65,66,56,59,8,10,8,5,12,1200000
PS1560,France,185,80,18,AC Ajaccio ,62,60,None,19,26,45,66,70,19,56,69,44,58,40,76,64,72,64,78,61,69,64,74,71,66,44,42,65,59,6,15,10,9,15,1200000
PS1561,Belgium,180,75,23,Albacete BP ,69,70,None,38,31,38,59,60,19,60,54,59,65,57,72,56,59,63,71,61,40,64,67,75,68,51,52,66,65,14,12,8,5,5,1200000
PS1562,England,180,80,22,Hull City ,68,70,None,46,54,63,64,64,46,56,61,65,61,56,77,77,70,73,81,75,75,60,70,66,67,65,51,54,55,14,10,13,10,9,1200000
PS1563,Argentina,182,74,25,Gimnasia ,65,48,None,70,72,62,66,44,65,34,56,54,61,55,67,79,72,62,72,67,70,66,49,31,32,32,30,41,38,10,11,8,9,14,1200000
PS1564,Mali,191,84,27,Malmö FF ,66,58,None,64,68,67,65,53,67,63,64,49,68,66,53,81,80,56,55,59,71,63,68,48,42,52,35,42,38,7,7,10,6,7,1200000
PS1565,Croatia,190,83,27,CFR 1907 Cluj ,61,56,None,63,65,80,61,55,67,60,48,36,65,61,62,83,83,61,68,58,66,61,61,40,53,32,40,41,39,9,6,11,9,6,1200000
PS1566,Argentina,182,77,30,Tigre ,59,60,None,68,70,82,60,26,70,48,55,45,73,67,64,69,71,61,67,55,61,65,45,34,46,34,30,44,31,10,15,14,15,7,1200000
PS1567,Uruguay,166,57,32,Mamelodi Sundowns ,70,73,None,38,33,49,61,64,22,66,52,66,65,58,81,71,64,81,80,83,57,40,62,67,60,57,60,51,49,16,8,7,10,9,1200000
PS1568,England,185,72,23,Reading ,68,71,None,65,66,74,64,62,63,67,68,57,67,64,73,84,67,72,72,68,68,56,69,55,61,60,38,47,55,11,6,9,9,12,1200000
PS1569,Argentina,173,62,21,Portland Timbers ,71,62,None,64,67,65,66,49,65,63,64,44,74,70,75,64,49,84,69,76,63,51,63,38,43,41,43,47,39,12,7,8,11,8,1200000
PS1570,Chile,175,76,22,RC Celta ,70,72,None,20,20,39,64,68,24,60,56,60,61,36,77,69,53,74,82,80,70,48,67,59,55,47,43,51,52,17,15,12,7,18,1200000
PS1571,Saudi Arabia,184,77,29,Al Hilal ,63,64,None,33,19,61,71,71,20,52,63,38,60,41,67,62,82,45,65,67,84,71,66,68,55,52,37,69,66,10,12,13,16,13,1200000
PS1572,Brazil,191,80,22,Fortuna Sittard ,51,45,None,68,71,57,71,30,70,41,68,41,64,59,64,65,73,63,65,59,76,65,49,33,38,35,34,52,32,14,8,7,6,7,1200000
PS1573,Republic of Ireland,176,68,24,West Brom ,70,66,None,58,65,74,69,58,65,62,64,49,73,71,65,72,56,65,63,67,44,48,54,48,51,46,42,57,45,12,8,7,10,9,1200000
PS1574,Jamaica,178,73,30,Minnesota United ,65,62,None,63,63,73,65,58,64,46,57,66,68,61,83,75,76,71,84,78,86,58,70,36,53,68,67,33,41,9,14,7,13,9,1200000
PS1575,England,193,80,24,Ipswich ,62,59,None,64,67,68,65,56,68,52,66,52,64,63,65,72,85,52,68,38,71,63,44,30,28,39,33,45,27,6,9,11,6,10,1200000
PS1576,Tunisia,177,70,24,Viborg FF ,63,74,None,26,29,32,63,64,22,62,50,62,60,57,80,66,47,71,82,74,40,46,63,65,56,58,41,60,52,15,13,11,6,14,1200000
PS1577,Uganda,177,76,28,1. FC Magdeburg ,65,65,None,62,64,57,58,62,64,60,57,66,67,64,76,74,65,83,89,75,67,59,61,62,63,61,38,37,37,15,7,9,11,9,1200000
PS1578,Italy,192,82,25,Sampdoria ,69,61,None,19,22,48,68,70,33,61,69,42,54,49,39,69,79,51,50,52,61,74,74,71,61,56,43,72,62,6,8,12,9,8,1200000
PS1579,Argentina,188,84,24,Godoy Cruz ,59,44,None,67,72,70,67,26,63,39,60,27,66,59,62,79,75,64,67,61,75,66,34,28,22,27,29,37,26,12,8,15,12,9,1200000
PS1580,Denmark,183,73,27,AGF ,63,61,None,61,62,74,61,56,61,52,58,65,63,62,84,83,77,70,82,68,75,62,60,40,45,50,38,38,46,8,9,7,11,14,1200000
PS1581,Argentina,175,73,23,Huracán ,72,73,None,48,57,64,62,64,49,70,65,68,64,57,82,63,57,78,80,81,60,49,70,51,57,53,48,55,49,9,13,6,14,13,1200000
PS1582,Spain,188,82,30,Granada CF ,67,55,None,69,68,70,68,26,70,54,61,49,67,59,53,60,79,32,55,58,59,70,55,34,21,27,24,43,26,6,11,7,6,9,1200000
PS1583,Korea Republic,185,78,28,Gimcheon Sangmu ,10,20,None,15,20,41,63,15,23,64,50,14,29,22,42,27,32,56,47,32,51,19,48,16,13,19,19,25,12,69,70,68,64,72,1200000
PS1584,Saudi Arabia,173,73,29,Al Ittihad ,69,72,None,31,26,53,59,60,28,63,67,60,62,62,87,68,66,88,87,86,82,47,64,59,55,72,59,51,54,14,10,12,6,16,1200000
PS1585,England,181,78,30,Wigan Athletic ,66,65,None,63,64,74,67,64,64,67,65,70,67,68,58,93,76,75,55,62,76,68,72,63,66,63,66,59,56,11,7,14,14,7,1200000
PS1586,Argentina,180,82,34,Estudiantes ,72,67,None,67,69,81,69,63,71,64,68,64,68,62,77,74,73,59,78,71,76,73,70,53,65,64,50,57,60,14,7,7,15,16,1200000
PS1587,Romania,171,70,30,Univ. Craiova ,67,67,None,63,64,69,66,61,64,63,69,68,65,67,81,69,65,87,85,84,87,58,74,54,72,68,67,52,59,10,6,13,12,11,1200000
PS1588,Germany,187,84,30,Braunschweig ,61,54,None,66,69,77,62,32,72,65,55,45,70,66,64,71,79,65,64,61,83,61,47,42,43,51,56,53,39,7,12,10,5,12,1200000
PS1589,Algeria,190,85,23,Sp. Charleroi ,66,56,None,15,23,60,60,70,18,67,67,42,65,41,62,57,85,47,72,57,61,71,65,69,58,42,47,71,64,7,7,12,6,5,1200000
PS1590,Germany,185,76,25,Holstein Kiel ,69,66,None,56,62,59,66,58,62,69,60,56,69,65,73,80,63,75,60,74,52,55,62,53,59,60,40,39,49,7,15,6,6,11,1200000
PS1591,Bosnia & Herzegovina,180,67,21,RB Salzburg ,67,71,None,63,64,57,58,64,60,62,64,66,66,61,83,87,67,73,83,76,82,46,67,54,57,58,58,44,59,14,11,6,9,9,1200000
PS1592,Argentina,193,90,23,Estudiantes ,63,47,None,63,68,66,65,27,67,33,67,33,66,59,77,70,80,55,74,70,69,65,41,27,23,35,33,41,25,14,14,13,13,7,1200000
PS1593,Japan,175,67,32,Jeonbuk Hyundai ,69,68,None,47,56,53,63,66,59,68,63,64,69,68,74,82,61,72,74,82,70,49,64,57,67,68,76,42,54,7,5,6,13,14,1200000
PS1594,Argentina,188,78,33,Unión ,25,23,None,21,13,34,70,14,27,32,44,18,34,30,55,38,67,53,47,53,70,12,50,20,17,24,19,22,16,71,72,68,67,74,1200000
PS1595,Cameroon,185,74,25,KV Mechelen ,66,64,None,62,65,60,70,49,66,66,69,58,69,64,55,80,82,60,55,62,57,64,70,47,57,59,46,41,41,15,10,9,5,10,1200000
PS1596,Honduras,178,73,25,Reggina ,69,72,None,37,29,33,58,63,24,64,58,62,68,56,80,67,53,70,81,74,60,49,72,63,49,59,44,66,63,6,14,8,9,10,1200000
PS1597,England,168,75,25,Portsmouth ,67,66,None,59,61,57,65,62,63,67,64,54,68,66,78,84,34,91,71,92,80,44,60,55,60,59,60,56,48,11,10,13,9,8,1200000
PS1598,Denmark,198,94,30,AGF ,59,53,None,66,67,68,66,29,65,40,63,40,65,60,54,78,90,38,55,32,80,74,45,29,30,40,21,30,30,15,11,14,13,14,1200000
PS1599,Italy,183,75,33,Empoli ,58,51,None,75,75,80,70,23,71,30,68,40,54,52,54,48,68,76,54,65,76,74,52,25,25,38,17,35,33,11,13,11,13,6,1200000
PS1600,Ghana,165,65,31,Hatayspor ,70,71,None,32,33,43,62,68,35,69,64,66,68,61,80,42,45,75,74,76,65,47,72,63,66,67,58,65,58,10,13,12,12,9,1200000
PS1601,Germany,180,78,24,Braunschweig ,69,65,None,17,27,57,64,70,21,69,55,64,66,57,71,70,71,71,61,73,72,63,70,70,62,50,37,55,60,12,5,9,12,11,1200000
PS1602,Senegal,185,76,23,ESTAC Troyes ,70,71,None,42,38,54,55,63,36,59,61,65,59,50,84,55,76,58,79,69,55,59,74,66,68,67,50,64,63,13,13,9,14,11,1200000
PS1603,Netherlands,187,77,24,Vitesse ,66,61,None,67,70,65,66,59,68,61,68,58,69,64,70,76,73,72,74,68,75,67,66,52,55,63,63,56,48,8,10,5,12,14,1200000
PS1604,England,194,86,31,Sheffield Wed ,67,61,None,24,23,70,70,71,28,62,62,53,64,40,53,75,90,34,49,34,55,76,72,69,66,44,45,65,59,8,15,11,14,11,1200000
PS1605,Austria,181,70,31,SK Rapid Wien ,71,66,None,43,42,55,65,64,52,73,66,64,67,64,73,78,61,70,75,75,74,45,65,62,64,71,66,67,62,9,6,14,8,9,1200000
PS1606,Chile,169,68,32,Racing Club ,67,70,None,72,68,72,62,72,61,57,71,69,68,64,72,74,70,82,82,84,67,57,59,59,51,64,46,51,46,9,14,11,9,7,1200000
PS1607,France,172,56,25,Nîmes Olympique ,66,67,,64,63,56,61,60,61,52,55,64,65,57,70,73,56,86,82,74,83,55,59,39,46,54,43,47,37,14,12,8,12,14,1100000
PS1608,Croatia,176,70,28,sc Heerenveen ,66,67,,54,69,72,63,62,59,72,64,50,72,70,71,79,65,78,58,71,59,52,57,60,68,58,52,50,49,9,14,11,14,9,1100000
PS1609,Argentina,180,76,21,Newell's ,65,69,,62,65,71,67,53,61,62,68,61,73,70,74,76,61,70,68,64,61,56,67,55,64,62,60,43,43,13,10,8,11,12,1100000
PS1610,Argentina,168,67,21,Al Ain FC ,69,70,None,41,50,41,59,63,38,69,65,68,70,70,71,63,45,82,67,80,54,48,62,59,63,66,69,48,54,14,12,13,10,10,1100000
PS1611,Germany,185,84,27,Alanyaspor ,71,70,None,43,54,60,65,68,52,67,68,59,71,69,68,68,75,69,69,71,51,55,66,61,63,52,70,55,57,12,11,11,12,11,1100000
PS1612,Romania,185,80,23,Raków ,52,33,None,63,70,66,59,23,65,25,51,24,55,44,75,73,79,64,75,52,81,67,34,28,41,28,24,33,26,10,10,13,10,15,1100000
PS1613,Australia,178,79,28,WS Wanderers ,66,71,None,21,30,61,65,63,23,63,60,65,62,53,75,75,71,78,66,75,53,39,71,62,64,65,40,57,59,6,13,16,11,10,1100000
PS1614,Slovenia,177,63,27,Pogoń Szczecin ,71,68,None,24,20,32,66,73,19,66,54,48,68,55,78,74,49,80,74,83,62,62,65,65,59,56,48,55,58,13,9,10,11,14,1100000
PS1615,Argentina,174,64,22,Unión ,69,70,None,23,25,45,57,71,30,55,61,57,63,53,83,66,62,77,81,80,68,52,68,69,65,57,47,51,55,15,10,7,10,11,1100000
PS1616,Venezuela,167,62,20,FC Vizela ,65,70,None,25,28,33,62,67,22,66,50,63,65,60,73,70,44,73,75,70,44,36,51,64,56,43,50,56,48,13,14,6,11,10,1100000
PS1617,Portugal,196,100,28,Bolton ,49,51,None,66,68,73,65,39,66,42,65,35,55,44,70,84,93,34,66,49,50,65,56,38,27,40,29,38,29,9,8,14,14,16,1100000
PS1618,Iran,178,81,33,AEK Athens ,69,69,None,65,65,66,70,68,65,68,66,74,71,70,72,68,73,81,71,70,67,65,76,56,73,70,69,62,54,13,10,8,12,12,1100000
PS1619,Brazil,188,80,29,SJ Earthquakes ,19,13,None,14,14,28,53,4,7,38,27,13,17,23,24,22,58,57,22,34,53,10,53,7,5,10,10,13,7,68,73,68,70,76,1100000
PS1620,Ecuador,190,80,28,U. Católica ,22,11,None,14,12,16,69,14,24,24,59,17,20,14,43,15,51,62,47,59,67,15,48,12,12,20,23,27,13,66,68,67,64,71,1100000
PS1621,Spain,186,81,29,Cádiz CF ,29,28,None,16,15,25,62,12,25,31,40,30,30,20,48,41,66,55,46,32,60,20,51,13,12,31,19,21,16,67,71,70,68,70,1100000
PS1622,Argentina,185,79,27,Argentinos Jrs. ,71,72,None,36,31,56,64,71,33,71,58,66,67,64,65,65,70,55,66,66,59,58,71,65,64,70,45,56,72,8,11,8,13,8,1100000
PS1623,Argentina,178,70,28,Boca Juniors ,66,60,None,63,63,69,68,55,68,63,68,54,69,67,68,65,64,70,63,66,70,58,69,42,59,47,55,53,57,10,15,8,15,11,1100000
PS1624,Argentina,173,68,27,Banfield ,69,68,None,19,17,56,62,67,24,62,61,55,64,55,77,63,61,72,78,75,75,52,69,71,61,55,47,58,52,14,12,5,5,7,1100000
PS1625,Cape Verde,192,85,31,RC Lens ,58,38,None,68,71,76,62,23,64,51,61,51,60,59,34,75,90,45,38,58,53,73,34,41,54,27,29,36,24,15,11,8,8,7,1100000
PS1626,Poland,186,77,28,Raków ,65,63,None,27,29,68,58,69,37,54,58,51,66,55,75,81,78,67,77,74,76,58,69,70,66,51,52,62,64,15,10,9,9,9,1100000
PS1627,Jamaica,180,75,28,Exeter City ,65,67,None,43,44,59,68,67,42,66,70,58,67,60,78,79,67,72,84,80,69,59,66,65,60,63,58,71,58,7,7,12,15,9,1100000
PS1628,France,204,75,20,AJ Auxerre ,62,47,None,60,71,84,53,38,64,50,64,42,59,47,63,65,91,47,69,53,74,64,39,29,19,38,24,41,27,5,14,7,7,12,1100000
PS1629,South Africa,163,59,29,Orlando Pirates ,63,66,None,70,72,65,64,60,63,56,62,55,49,46,83,72,53,77,76,83,70,56,42,40,50,44,44,18,34,13,13,15,10,10,1100000
PS1630,Italy,187,80,27,Cittadella ,52,50,None,65,68,72,60,44,63,46,60,41,55,50,44,69,84,52,65,46,72,71,61,40,39,30,32,47,38,12,11,9,7,8,1100000
PS1631,Germany,186,84,22,Dynamo Dresden ,63,42,None,66,68,53,64,33,70,57,64,33,66,50,63,64,76,59,63,59,74,64,42,22,28,30,25,35,31,8,8,15,12,11,1100000
PS1632,Turkey,184,79,29,Hatayspor ,15,11,None,11,14,23,64,7,14,45,26,11,24,28,40,27,55,33,42,26,60,12,48,8,6,13,17,13,5,69,72,66,64,72,1100000
PS1633,Italy,182,75,26,Palermo ,69,70,None,26,32,54,65,68,33,57,64,61,64,57,66,66,68,65,67,72,80,65,72,67,62,62,64,72,60,14,12,13,9,9,1100000
PS1634,Brazil,185,78,27,Cuiabá ,69,66,None,42,39,58,65,72,32,68,72,37,63,51,69,71,74,57,73,72,67,65,58,70,62,47,48,61,59,11,8,13,8,9,1100000
PS1635,Czech Republic,190,74,27,Sparta Praha ,15,5,None,14,11,22,55,7,8,22,33,12,24,16,37,16,25,27,32,41,58,14,53,7,8,12,13,10,6,68,71,67,70,72,1100000
PS1636,Congo,191,90,27,VfL Bochum ,58,61,None,18,21,62,63,64,21,61,62,40,63,38,72,58,84,53,88,61,59,72,77,62,66,51,31,61,61,6,15,10,15,10,1100000
PS1637,Poland,185,82,29,Legia Warszawa ,66,57,None,67,70,72,59,42,63,58,68,51,70,63,64,74,82,54,65,62,59,44,42,45,63,49,55,43,43,8,12,15,13,9,1100000
PS1638,Spain,180,78,25,Real Zaragoza ,62,63,None,57,62,42,68,60,59,60,65,70,65,57,81,80,75,81,77,80,71,47,73,59,64,68,52,45,65,14,7,9,9,9,1100000
PS1639,Morocco,180,70,19,KRC Genk ,76,75,None,30,38,31,60,34,41,72,60,63,75,73,78,60,51,77,68,83,65,27,49,48,53,64,61,43,51,13,10,6,14,10,1100000
PS1640,Spain,188,82,23,R. Oviedo ,64,64,None,60,59,68,64,64,62,60,54,68,65,62,73,70,73,55,79,71,48,62,70,60,63,57,53,64,54,10,7,11,11,6,1100000
PS1641,England,172,70,25,Aberdeen ,63,66,None,64,64,57,64,60,63,56,59,64,59,47,76,68,57,81,75,71,57,57,45,39,26,46,30,34,29,9,14,13,11,7,1100000
PS1642,Scotland,178,73,33,Mumbai City FC ,70,71,None,18,21,55,60,70,13,70,66,66,68,65,69,52,62,73,74,76,69,60,66,70,69,60,68,64,51,9,12,10,13,9,1100000
PS1643,Belgium,187,67,23,KAS Eupen ,64,67,None,65,69,75,58,57,63,61,57,38,70,62,49,66,75,64,54,42,60,68,51,37,31,33,26,37,31,9,13,7,14,5,1100000
PS1644,Argentina,180,72,21,KRC Genk ,72,68,None,63,64,69,65,66,66,70,72,59,70,68,73,64,58,83,68,76,54,50,52,52,54,71,58,52,62,10,7,12,13,13,1100000
PS1645,Turkey,180,72,32,Beşiktaş ,65,64,None,68,73,82,67,42,66,58,59,66,64,67,54,67,73,67,55,63,81,72,65,55,56,45,37,60,33,16,15,13,13,7,1100000
PS1646,Brazil,186,74,24,Portimonense SC ,60,45,None,70,70,63,62,28,66,29,59,27,63,59,63,69,73,59,55,45,72,68,48,24,21,26,27,42,34,6,5,8,11,13,1100000
PS1647,Chile,175,72,30,Unión Española ,64,63,None,63,61,74,60,55,61,47,68,66,63,58,82,81,80,72,86,80,81,58,47,37,58,44,39,55,24,11,15,13,16,13,1100000
PS1648,Norway,186,76,22,Lillestrøm SK ,26,16,None,15,15,23,60,12,14,50,38,20,32,32,47,33,62,35,45,44,56,12,50,23,14,18,18,18,14,67,69,67,66,70,1100000
PS1649,Northern Ireland,180,71,28,KV Oostende ,67,64,None,60,63,77,64,65,64,67,65,51,68,68,67,76,70,74,67,73,64,58,70,64,61,53,52,64,46,13,7,12,8,11,1100000
PS1650,Cyprus,171,66,34,Apoel FC ,70,74,None,18,17,33,71,73,23,74,61,60,68,52,71,56,50,82,69,77,54,42,50,60,56,57,63,52,43,8,16,8,15,15,1100000
PS1651,Germany,184,76,22,1. FC Köln ,67,61,None,56,61,72,65,68,61,68,67,44,69,69,67,76,69,68,68,68,74,53,61,61,55,44,36,41,42,9,10,5,14,15,1100000
PS1652,Czech Republic,199,99,31,Raków ,65,37,None,67,69,64,53,24,63,29,68,31,49,42,54,61,95,58,71,50,82,75,70,42,37,31,24,40,25,5,6,11,11,14,1100000
PS1653,DR Congo,182,76,29,UD Las Palmas ,64,63,None,64,65,66,66,65,73,65,64,47,66,64,68,75,81,69,70,68,72,61,62,50,56,44,45,49,40,12,15,6,12,12,1100000
PS1654,Republic of Ireland,193,86,23,Coventry City ,61,59,None,66,67,64,62,24,67,37,51,36,59,58,55,64,81,38,47,40,70,67,39,37,23,38,31,43,44,10,13,10,5,15,1100000
PS1655,Algeria,187,72,29,Havre AC ,64,58,None,65,64,66,64,55,66,61,65,46,70,68,78,81,80,58,73,80,92,62,68,47,48,45,35,64,27,15,9,16,9,8,1100000
PS1656,Spain,184,77,21,RC Celta ,73,70,None,46,48,46,58,54,42,65,68,55,70,68,73,65,65,68,67,76,57,52,73,69,68,58,54,50,45,6,13,14,13,9,1100000
PS1657,Denmark,189,77,21,FC Ingolstadt 04 ,69,69,None,35,35,54,52,66,26,58,66,59,61,56,81,74,69,58,79,75,60,62,65,65,60,59,64,46,48,8,11,14,9,15,1100000
PS1658,England,183,72,26,Portsmouth ,65,60,None,23,28,67,67,68,30,60,65,38,61,44,72,84,80,69,74,66,90,66,65,67,57,47,51,70,61,10,12,14,9,14,1100000
PS1659,Germany,182,85,33,SV Sandhausen ,68,69,None,48,59,72,69,67,48,58,64,66,64,56,73,73,76,63,78,67,75,65,79,66,65,67,54,61,68,12,7,16,10,11,1100000
PS1660,Brazil,183,76,23,Athletico-PR ,62,52,None,63,71,76,58,48,66,52,61,62,65,53,65,73,71,59,59,50,67,62,71,41,56,54,54,62,47,9,11,8,19,17,1100000
PS1661,England,191,77,21,Millwall ,62,46,None,64,67,71,55,24,65,33,60,33,69,60,54,65,83,53,51,37,80,73,39,23,23,25,30,39,24,10,11,11,13,11,1100000
PS1662,Denmark,186,73,28,FC Nordsjælland ,36,14,None,18,16,18,59,14,23,63,42,18,42,38,47,36,64,62,48,43,66,14,56,11,17,18,20,24,17,68,67,68,74,70,1100000
PS1663,Spain,191,83,27,SD Huesca ,12,21,None,20,14,23,56,20,22,30,41,16,26,25,32,28,69,33,35,34,45,18,47,17,13,17,19,24,19,69,69,67,63,73,1100000
PS1664,England,196,93,31,Wycombe ,56,41,None,69,70,64,66,21,67,31,60,38,54,46,45,69,91,32,42,32,74,73,37,18,39,22,40,32,35,13,16,13,14,15,1100000
PS1665,Scotland,188,73,26,Plymouth Argyle ,64,63,None,18,21,27,64,67,18,45,61,39,57,42,84,73,73,69,88,71,72,61,66,67,59,48,55,65,60,7,12,9,10,15,1100000
PS1666,Peru,177,78,23,Ayacucho ,42,42,None,63,73,62,70,45,70,62,63,57,72,65,51,67,72,74,50,50,68,47,52,33,41,32,43,53,22,14,15,15,15,14,1100000
PS1667,Greece,195,91,29,FC Utrecht ,20,12,None,13,12,36,65,12,13,58,60,14,31,29,48,39,70,29,45,45,62,14,53,10,9,14,15,20,8,68,69,70,71,70,1100000
PS1668,Spain,190,84,32,Blackburn Rovers ,64,61,None,67,71,78,64,49,71,59,64,33,58,50,49,58,75,50,52,53,71,73,47,43,32,41,32,37,29,6,15,8,15,10,1100000
PS1669,England,191,73,28,Reading ,23,19,None,20,19,33,64,19,25,53,28,18,21,23,43,38,63,51,46,30,55,19,55,12,16,15,13,17,15,64,71,64,73,72,1100000
PS1670,Spain,184,73,25,La Spezia ,59,58,None,69,62,70,61,50,65,51,56,70,59,52,71,69,72,66,68,66,67,63,48,25,33,57,35,48,38,13,7,10,11,11,1100000
PS1671,Jamaica,175,76,27,Huddersfield ,68,72,None,34,38,41,54,60,36,62,65,71,68,60,77,52,56,76,78,76,46,51,70,61,59,69,54,59,57,10,15,6,10,7,1100000
PS1672,Brazil,173,74,35,São Paulo ,68,71,None,73,74,53,71,54,72,60,55,70,71,66,77,68,63,75,73,71,67,55,37,43,29,43,39,47,34,15,12,11,6,8,1100000
PS1673,Togo,183,78,25,Hansa Rostock ,61,62,None,64,67,66,65,56,60,30,54,63,57,40,79,69,77,63,78,68,80,64,45,30,43,39,32,45,41,11,9,10,9,13,1100000
PS1674,Croatia,188,80,22,Benevento ,65,68,None,64,61,54,68,62,59,57,65,60,67,65,80,78,61,52,82,80,52,49,55,48,51,58,52,50,57,11,6,8,7,11,1100000
PS1675,Albania,189,83,26,Brescia ,68,69,None,66,67,64,70,65,64,68,68,62,69,62,75,70,75,63,74,66,67,61,69,67,65,61,60,58,51,7,11,6,6,10,1100000
PS1676,Wales,185,80,31,Sheffield Utd ,16,12,None,13,16,31,68,8,15,40,47,12,25,13,40,29,47,40,40,39,46,16,50,11,15,16,18,23,13,70,71,67,66,71,1100000
PS1677,Senegal,186,79,22,MKE Ankaragücü ,63,67,None,65,68,74,60,62,70,57,59,56,66,61,75,77,74,63,74,72,68,59,65,55,60,58,49,60,54,9,5,13,13,14,1100000
PS1678,Peru,178,82,27,Ayacucho ,75,53,None,24,21,68,62,74,22,75,65,52,75,69,63,65,68,64,65,51,55,59,65,68,63,58,54,51,52,10,17,16,13,19,1100000
PS1679,Argentina,171,75,30,Sarmiento ,65,63,None,68,68,64,65,59,63,66,62,68,66,55,71,80,57,70,59,68,53,57,50,41,39,47,31,33,30,7,13,16,11,12,1100000
PS1680,Germany,190,80,19,Braunschweig ,49,43,None,68,72,58,63,28,67,45,58,40,59,55,61,68,76,55,70,52,70,69,50,26,28,30,35,37,37,6,14,6,8,11,1100000
PS1681,Austria,190,88,28,Austria Klagenfurt ,57,49,None,66,68,70,67,37,67,48,58,37,53,54,51,68,84,41,46,42,80,70,54,34,27,33,31,64,25,15,6,9,11,15,1100000
PS1682,Poland,180,70,28,Lechia Gdańsk ,68,63,None,65,65,75,70,55,63,64,72,56,68,65,71,92,70,78,71,68,66,60,57,56,59,58,57,43,49,13,9,15,6,10,1100000
PS1683,Argentina,183,78,27,Gimnasia ,70,61,None,18,20,50,62,70,26,52,65,43,60,52,60,66,84,55,74,65,65,66,63,71,56,56,50,51,54,11,15,14,8,11,1100000
PS1684,England,172,75,25,Blackburn Rovers ,63,62,None,62,63,74,64,54,63,58,61,56,64,62,77,82,59,83,69,84,82,56,54,39,46,35,55,55,36,12,12,11,12,9,1100000
PS1685,Romania,181,70,25,FC Hermannstadt ,61,60,None,60,64,68,60,56,58,52,59,62,60,42,79,83,70,54,82,74,66,58,60,21,45,44,31,39,25,7,13,9,13,12,1100000
PS1686,Wales,180,75,29,Sheffield Wed ,65,59,None,66,66,75,66,56,66,66,65,64,64,69,54,80,73,65,53,64,74,68,73,54,74,42,55,57,58,9,15,15,16,13,1100000
PS1687,Germany,190,89,23,Hamburger SV ,69,64,None,66,66,67,61,35,62,53,50,42,72,67,64,58,81,55,64,58,71,66,40,29,32,49,38,31,32,14,14,11,12,13,1100000
PS1688,Argentina,185,78,23,Sarmiento ,16,15,None,16,13,27,67,8,10,37,30,16,23,25,31,28,70,42,35,34,72,15,45,10,11,12,15,17,10,67,70,64,60,70,1100000
PS1689,Poland,191,78,22,Legia Warszawa ,63,44,None,66,66,57,63,46,68,58,50,40,65,67,77,63,74,53,76,68,75,60,57,49,53,41,35,40,39,14,6,12,7,14,1100000
PS1690,England,180,76,20,Peterborough ,57,59,None,68,69,63,68,34,70,54,62,31,67,58,67,61,68,65,71,66,73,61,40,28,27,38,29,34,25,12,6,11,6,8,1100000
PS1691,Saudi Arabia,173,70,24,Al Ittihad ,60,64,None,65,64,60,61,56,65,44,48,57,63,59,77,76,61,70,83,73,64,47,47,39,31,41,28,35,37,9,9,6,13,12,1100000
PS1692,Zimbabwe,188,70,36,Zhejiang Pro ,61,56,None,19,29,72,70,75,36,60,65,43,60,46,72,69,81,56,82,65,85,85,76,76,56,48,35,61,62,10,15,8,14,11,1100000
PS1693,Spain,174,66,29,Burgos CF ,66,62,None,64,66,74,64,61,64,62,63,65,72,66,66,76,59,77,65,71,64,60,64,55,51,48,44,56,47,8,8,7,9,11,1100000
PS1694,Argentina,175,71,27,Real Zaragoza ,65,64,None,60,66,70,69,71,67,69,68,68,68,66,66,75,80,78,62,74,58,52,68,68,66,73,74,75,64,16,8,13,15,6,1100000
PS1695,Romania,183,79,36,Latium ,69,66,None,76,78,75,76,55,81,60,76,67,70,67,54,63,70,67,55,67,62,70,79,55,74,45,50,57,51,6,9,12,12,13,1100000
PS1696,Germany,195,94,28,Hannover 96 ,60,58,None,28,36,65,64,65,24,56,55,30,54,34,68,70,92,35,84,47,70,74,71,66,50,36,33,50,64,13,12,5,15,9,1100000
PS1697,England,179,75,23,Barnsley ,64,65,None,64,67,55,65,58,65,60,58,60,59,53,73,74,66,67,76,69,71,54,45,44,48,48,31,35,36,12,6,9,5,5,1100000
PS1698,Sweden,173,63,33,IF Elfsborg ,70,70,None,65,69,65,67,64,67,65,72,68,71,65,80,76,56,81,62,77,78,50,67,58,57,65,51,50,56,16,7,8,13,15,1100000
PS1699,Germany,192,85,26,Düsseldorf ,18,12,None,13,10,16,69,8,20,42,32,10,15,19,26,25,68,28,25,21,57,14,50,6,9,14,14,12,5,67,69,64,67,70,1100000
PS1700,Venezuela,174,71,29,Est. de Mérida ,60,46,None,63,65,70,55,42,70,40,62,68,63,46,84,59,70,55,84,70,70,55,31,32,22,50,26,32,32,14,10,7,6,7,1100000
PS1701,Morocco,188,83,31,Al Fateh ,69,56,None,63,69,83,58,36,64,49,62,54,68,72,58,85,83,59,57,63,75,69,61,45,50,43,54,69,38,15,7,10,14,5,1100000
PS1702,England,188,74,32,Stoke City ,71,68,None,62,66,67,65,67,66,70,67,70,71,67,63,83,69,63,68,66,75,64,70,67,69,69,67,65,68,8,6,9,9,6,1100000
PS1703,France,180,72,23,Palermo ,69,67,None,64,66,72,65,51,62,66,64,56,70,67,72,67,65,70,70,76,60,60,68,52,58,59,51,54,48,12,10,5,12,7,1100000
PS1704,Colombia,170,64,28,Guangzhou City ,69,74,None,53,37,57,62,62,40,68,63,60,62,51,83,57,58,86,70,86,75,42,63,62,68,66,74,55,32,7,16,9,14,8,1100000
PS1705,Cameroon,174,65,22,FC Lorient ,60,63,None,67,64,52,55,55,57,57,55,63,64,55,81,81,67,84,89,86,53,44,35,41,40,42,37,41,39,14,7,11,12,13,1100000
PS1706,Spain,182,76,26,Málaga CF ,62,60,None,70,71,64,67,66,68,69,55,44,68,66,68,76,77,64,64,56,62,65,74,59,63,35,55,73,50,9,14,9,14,11,1100000
PS1707,Bulgaria,185,75,22,Monza ,53,47,None,66,70,70,66,40,64,52,57,28,57,50,53,69,79,63,65,59,86,68,43,32,34,32,42,46,41,8,7,12,12,14,1100000
PS1708,Switzerland,192,90,30,Servette FC ,27,13,None,14,19,26,67,9,19,11,36,20,33,29,42,28,71,43,48,42,60,13,51,4,9,12,8,15,8,67,70,67,68,71,1100000
PS1709,Denmark,190,79,32,Randers FC ,63,42,None,68,71,71,67,32,68,42,64,31,67,65,34,66,82,51,36,47,82,74,58,31,46,30,28,34,33,7,8,13,14,11,1100000
PS1710,Spain,179,79,27,CD Leganés ,68,67,None,18,17,58,66,68,20,43,60,53,63,42,63,70,70,62,62,68,64,65,71,69,68,56,65,72,68,10,9,7,8,14,1100000
PS1711,Ghana,180,80,29,Kayserispor ,61,60,None,67,73,64,66,32,67,58,64,33,69,67,67,69,81,64,64,63,85,61,69,27,63,36,46,42,59,9,6,6,13,12,1100000
PS1712,Argentina,174,71,23,Lanús ,64,59,None,68,66,68,64,57,67,51,53,65,55,53,69,71,73,70,68,60,65,56,46,36,41,42,45,50,38,10,8,11,12,14,1100000
PS1713,Austria,183,75,27,SCR Altach ,66,68,None,33,30,29,63,69,25,68,66,66,65,63,88,58,68,69,90,73,83,51,70,66,65,65,52,50,63,15,11,7,14,14,1100000
PS1714,Netherlands,192,87,29,N.E.C. Nijmegen ,27,17,None,13,15,21,66,4,10,40,55,17,26,27,40,28,65,41,39,37,66,12,50,15,19,13,15,23,18,69,71,68,67,71,1100000
PS1715,Uruguay,181,70,21,Nacional ,72,69,None,24,22,26,50,64,23,70,50,54,70,66,65,61,51,64,64,62,61,50,57,65,65,56,52,55,45,8,12,6,11,8,1100000
PS1716,England,178,71,28,Wrexham AFC ,65,65,None,27,35,58,67,68,34,55,68,55,58,47,73,83,71,76,77,71,84,64,70,69,66,64,59,63,61,9,14,8,10,7,1100000
PS1717,Belgium,185,77,22,OH Leuven ,62,52,None,65,69,70,59,51,65,65,56,60,62,57,72,71,75,60,82,65,71,66,60,54,49,42,42,50,47,10,13,10,6,9,1100000
PS1718,Argentina,185,75,33,Independiente ,59,54,None,70,66,83,68,38,72,40,68,42,64,61,55,69,81,55,67,53,82,71,55,37,40,49,30,43,31,12,10,13,14,7,1100000
PS1719,Argentina,190,79,22,Defensa ,67,68,None,63,65,60,61,64,63,51,56,66,63,57,70,73,54,66,71,69,64,52,28,28,32,45,40,46,26,11,13,13,14,13,1100000
PS1720,England,193,81,33,Birmingham City ,55,33,None,67,69,65,69,25,73,32,52,23,52,58,50,64,80,51,54,41,83,74,33,21,20,24,29,34,23,16,7,12,16,14,1100000
PS1721,Germany,182,70,24,SC Paderborn 07 ,63,62,None,63,70,58,63,44,64,58,65,42,65,60,77,68,72,70,85,71,81,64,54,40,30,47,42,44,39,14,9,7,11,11,1100000
PS1722,Cape Verde,183,84,28,GD Chaves ,61,59,None,65,68,69,63,45,64,44,63,48,59,54,67,70,79,57,69,61,91,70,70,35,46,41,45,49,33,11,13,12,9,10,1100000
PS1723,Brazil,180,75,23,Ceará SC ,68,50,None,57,63,68,63,41,65,50,58,75,66,65,71,72,69,66,40,62,66,68,60,45,67,45,75,68,42,14,15,18,11,11,1100000
PS1724,Germany,186,81,26,Kaiserslautern ,64,65,None,20,24,59,67,66,22,59,60,61,64,49,72,80,74,64,75,65,80,64,66,67,62,59,48,61,59,10,12,7,6,6,1100000
PS1725,Cape Verde,175,73,27,Radomiak Radom ,69,68,None,21,25,65,66,65,23,66,64,60,62,56,77,63,66,77,81,79,59,54,69,63,60,65,43,47,62,5,10,8,13,8,1100000
PS1726,Sweden,192,80,34,Djurgårdens IF ,55,57,None,71,73,75,64,28,75,44,70,32,61,62,43,50,85,37,50,42,51,74,34,43,27,26,19,57,25,9,15,16,12,15,1100000
PS1727,Italy,177,65,23,Cremonese ,62,63,None,66,65,73,62,59,62,48,55,56,58,54,84,74,56,69,79,78,64,48,48,35,42,48,38,43,32,10,12,14,5,7,1100000
PS1728,Italy,184,71,27,Ternana ,54,41,None,68,73,71,59,44,67,29,55,25,60,41,57,73,71,67,33,57,80,69,36,20,21,31,31,39,28,6,12,8,8,11,1100000
PS1729,England,179,72,26,QPR ,67,65,None,64,68,67,67,57,65,66,66,57,72,71,57,66,57,70,55,66,65,44,62,49,64,54,48,45,36,12,11,8,14,9,1100000
PS1730,Slovenia,187,86,28,Hannover 96 ,64,56,None,65,67,69,63,46,66,31,64,58,63,61,63,65,85,64,62,59,80,64,44,25,30,48,26,44,37,15,8,9,11,10,1100000
PS1731,Argentina,180,65,20,Lanús ,74,76,,65,63,64,64,59,62,63,72,62,68,64,74,73,59,76,69,77,59,47,57,41,47,37,38,42,39,6,12,14,7,6,1000000
PS1732,Peru,182,79,29,Sporting Cristal ,17,13,,21,13,16,67,4,10,45,53,14,29,24,25,22,64,42,25,23,59,10,48,9,6,11,12,17,8,66,68,72,64,68,1000000
PS1733,Paraguay,175,84,23,Melb. Victory ,60,64,None,20,19,58,65,62,20,60,48,36,69,46,64,63,72,64,66,60,80,65,66,71,68,33,49,69,65,7,11,8,7,14,1000000
PS1734,Italy,174,70,32,Bari ,72,68,None,63,65,59,69,56,60,69,66,60,71,68,64,76,62,81,67,72,74,40,68,59,67,68,72,44,63,10,14,14,11,13,1000000
PS1735,Portugal,186,83,21,Gil Vicente ,56,45,None,68,73,63,66,27,70,30,61,29,55,34,68,59,81,55,69,55,70,65,40,25,22,30,30,39,34,9,12,11,7,13,1000000
PS1736,Canada,173,68,28,LA Galaxy ,67,73,None,63,65,72,65,62,60,63,66,62,65,58,78,73,68,75,76,78,75,60,58,54,51,64,39,49,49,10,7,14,10,9,1000000
PS1737,Romania,186,82,34,FC Petrolul ,74,70,None,29,30,48,67,71,25,77,80,71,75,75,52,48,65,72,35,52,40,40,79,70,73,85,75,72,64,12,13,14,14,13,1000000
PS1738,Brazil,172,60,34,Pohang Steelers ,66,70,None,54,55,67,64,72,56,64,62,62,63,55,87,74,69,78,90,78,80,53,64,62,64,45,58,60,53,10,12,10,7,8,1000000
PS1739,Argentina,188,80,24,Parma ,58,54,None,67,69,70,63,46,63,47,55,39,62,55,67,70,77,56,74,58,76,67,70,40,62,58,55,53,42,6,6,8,7,8,1000000
PS1740,Argentina,172,66,23,Colón ,68,72,None,33,35,54,58,60,29,60,69,62,68,61,81,54,39,79,71,79,50,40,65,60,62,67,55,51,61,13,14,6,6,8,1000000
PS1741,United States,170,68,21,Arminia Bielefeld ,67,70,None,64,67,54,65,68,56,54,58,60,60,48,81,74,56,83,79,85,62,41,55,45,35,52,27,39,25,11,12,9,6,8,1000000
PS1742,Ecuador,180,74,24,Paços Ferreira ,59,50,None,66,67,64,63,27,66,35,60,33,63,61,68,65,75,50,69,62,73,65,42,30,29,33,31,41,28,15,9,12,6,13,1000000
PS1743,United States,191,82,24,CF Montréal ,63,62,None,18,23,63,55,68,19,42,59,41,51,35,65,50,74,46,80,68,69,66,72,70,70,51,28,69,52,12,8,7,13,10,1000000
PS1744,Argentina,185,76,33,Central Córdoba ,55,45,None,72,67,78,65,37,70,38,57,38,57,52,63,71,83,52,65,59,83,71,50,30,32,39,29,36,33,7,12,11,12,11,1000000
PS1745,Belgium,187,70,24,KV Oostende ,57,42,None,68,73,68,60,27,66,47,58,39,62,59,57,68,72,55,63,62,55,67,34,25,19,30,38,38,26,13,9,7,11,7,1000000
PS1746,Romania,188,80,34,Al Raed ,23,17,None,13,19,39,71,10,14,69,65,19,30,21,38,27,62,62,35,67,53,16,52,14,17,15,18,17,13,74,72,70,69,74,1000000
PS1747,Argentina,175,71,27,Talleres ,58,59,None,69,68,58,57,59,66,41,49,66,60,56,67,68,55,66,65,61,52,46,33,36,31,50,31,44,30,7,10,14,14,9,1000000
PS1748,Norway,180,70,26,Molde FK ,60,51,None,65,66,66,65,32,65,40,60,28,62,54,54,66,76,67,56,62,82,64,45,38,30,28,32,52,28,9,13,12,7,15,1000000
PS1749,Ecuador,179,72,31,LDU Quito ,75,53,None,73,66,58,55,63,57,53,59,70,66,61,60,63,55,60,59,52,62,65,53,38,57,51,47,59,33,12,10,12,13,15,1000000
PS1750,Germany,186,76,29,SV Waldhof ,61,56,None,68,66,72,60,32,64,43,61,36,65,66,63,69,78,63,68,62,86,69,50,38,33,50,58,38,27,5,14,8,12,8,1000000
PS1751,Chile,177,77,30,Everton de Viña ,69,63,None,24,26,56,59,71,30,55,59,30,58,41,58,56,79,61,55,59,70,66,71,71,61,53,41,64,62,13,6,14,8,10,1000000
PS1752,Germany,185,87,29,Heidenheim ,64,59,None,23,23,69,65,72,20,40,59,37,55,33,64,65,77,61,67,66,82,69,70,71,59,57,45,60,67,9,7,6,15,14,1000000
PS1753,Moldova,175,71,30,FC Voluntari ,67,63,None,64,63,67,65,67,63,62,62,54,68,66,72,91,64,83,69,81,85,52,68,62,61,64,70,45,61,13,14,10,14,7,1000000
PS1754,Albania,183,80,30,Benevento ,65,62,None,69,68,67,66,42,67,43,66,59,64,60,66,58,68,71,68,68,75,70,55,39,35,41,44,45,30,15,11,13,10,15,1000000
PS1755,Saudi Arabia,182,77,33,Al Hilal ,52,34,None,70,70,84,69,36,67,30,57,30,57,32,50,80,82,66,44,36,82,69,43,40,25,30,23,45,29,14,13,11,8,10,1000000
PS1756,Italy,189,80,26,Modena ,58,55,None,71,70,62,61,39,63,51,64,56,60,52,68,72,78,60,69,59,67,58,57,38,41,32,31,34,37,15,10,14,8,16,1000000
PS1757,England,178,74,30,Wycombe ,65,64,None,65,68,77,65,63,67,63,62,59,64,63,57,85,66,73,57,75,90,57,61,50,58,58,62,52,49,11,9,14,8,9,1000000
PS1758,Senegal,179,73,33,Santa Clara ,69,65,None,65,64,64,64,56,70,65,64,68,67,69,70,69,68,70,75,72,72,55,55,38,41,65,63,54,38,6,6,9,10,7,1000000
PS1759,Curacao,180,77,32,Watford ,69,70,None,66,69,74,63,61,63,68,64,66,68,68,79,76,78,72,79,76,72,60,78,59,64,76,69,68,69,16,15,8,14,15,1000000
PS1760,Uruguay,188,80,29,Banfield ,66,62,None,19,14,60,67,70,20,51,54,33,56,33,58,64,76,61,59,60,65,73,65,73,62,39,43,62,47,14,11,5,6,6,1000000
PS1761,Uruguay,186,80,34,Al Batin ,31,18,None,20,16,27,71,18,26,60,54,21,32,28,42,28,79,44,48,42,62,18,54,16,17,15,13,23,12,71,71,73,72,73,1000000
PS1762,Spain,179,78,24,Villarreal CF B ,62,53,None,68,69,70,64,34,66,50,62,51,62,59,59,56,67,59,55,57,70,70,54,35,39,44,35,43,39,10,15,6,7,6,1000000
PS1763,Turkey,171,65,27,Kayserispor ,69,70,None,64,65,52,66,66,59,66,58,65,66,62,78,69,57,88,75,75,51,33,54,56,58,70,56,59,59,8,11,13,10,14,1000000
PS1764,Sweden,174,66,31,Legia Warszawa ,67,68,None,63,63,61,63,65,62,43,65,59,61,58,79,80,56,78,82,83,74,54,66,51,29,59,22,46,23,16,7,10,10,16,1000000
PS1765,Denmark,178,75,30,Sarpsborg 08 ,66,65,None,60,62,81,71,66,66,65,70,62,65,66,68,85,80,77,73,66,76,54,67,57,65,59,64,55,59,8,14,13,13,14,1000000
PS1766,Argentina,179,86,30,Gral. Caballero ,65,73,None,55,61,44,58,62,55,68,49,50,66,62,73,70,59,67,73,70,58,57,63,67,69,43,64,67,50,6,10,10,16,9,1000000
PS1767,Austria,188,87,32,Austria Klagenfurt ,63,58,None,12,13,65,69,73,33,57,67,49,62,49,45,81,86,47,54,55,61,70,71,73,63,53,38,63,63,7,8,12,6,15,1000000
PS1768,Austria,184,71,26,SV Darmstadt 98 ,63,60,None,62,64,62,62,48,59,56,60,63,64,49,73,84,77,62,67,67,41,58,54,39,42,48,45,38,33,11,11,10,8,11,1000000
PS1769,Republic of Ireland,191,84,24,MK Dons ,58,52,None,64,67,67,63,38,66,44,61,40,63,60,53,76,83,46,55,40,63,64,49,38,34,38,29,40,35,10,11,11,15,8,1000000
PS1770,Australia,176,76,30,Ipswich ,66,63,None,68,68,72,67,61,68,64,66,51,67,64,63,70,75,76,60,73,88,59,68,63,62,49,46,52,46,14,15,13,9,6,1000000
PS1771,Denmark,175,65,23,FC Utrecht ,72,69,None,55,57,53,60,65,58,68,65,58,69,63,72,68,54,80,69,74,56,47,62,55,58,62,58,56,58,15,6,12,6,5,1000000
PS1772,Argentina,187,81,36,Nacional ,75,65,None,24,35,71,68,79,35,68,70,51,66,46,53,74,87,53,46,61,75,76,78,74,70,57,51,63,73,13,11,9,14,6,1000000
PS1773,Poland,177,73,23,Śląsk Wrocław ,67,67,None,22,40,45,58,57,13,54,55,62,66,58,83,60,64,77,93,75,70,60,57,59,58,64,58,63,55,15,5,9,8,7,1000000
PS1774,Spain,186,78,35,SD Eibar ,14,13,None,11,15,35,74,13,19,45,57,24,31,35,35,34,70,47,43,40,65,10,53,14,11,25,15,25,19,71,73,72,70,70,1000000
PS1775,England,180,72,32,Huddersfield ,66,67,None,32,37,62,68,69,23,64,64,62,64,59,67,72,72,68,65,69,86,68,77,67,70,60,56,67,68,11,13,11,15,8,1000000
PS1776,Germany,170,72,31,Saarbrücken ,65,67,None,65,64,75,65,61,58,58,59,68,62,58,81,81,67,87,70,82,76,40,58,44,37,64,48,63,54,15,14,11,6,7,1000000
PS1777,Germany,193,90,30,Karlsruher SC ,48,42,None,67,69,70,66,22,65,32,56,27,54,52,50,60,90,38,67,37,55,70,49,24,32,23,24,26,24,15,15,9,11,10,1000000
PS1778,Ivory Coast,183,78,26,Havre AC ,67,65,None,65,64,63,62,59,54,63,62,64,61,55,72,75,68,63,80,66,56,58,66,41,58,61,60,60,51,14,12,11,9,15,1000000
PS1779,Poland,181,72,31,Wisła Płock ,67,63,None,62,66,86,66,62,64,68,70,67,70,68,66,74,68,71,66,67,73,60,70,62,68,70,70,63,46,11,6,16,10,7,1000000
PS1780,England,185,70,25,Luton Town ,65,53,None,65,68,63,62,39,64,29,59,58,64,58,69,68,77,63,71,60,67,68,42,24,21,34,24,46,34,15,9,6,14,6,1000000
PS1781,Brazil,182,70,30,Perugia ,73,72,None,26,28,54,60,67,24,58,68,60,68,52,75,71,64,76,74,77,88,59,68,63,62,64,60,57,62,7,12,7,7,11,1000000
PS1782,Bolivia,176,76,27,Guabirá ,61,68,None,60,61,49,60,45,68,44,48,65,60,45,71,80,61,65,71,62,60,59,30,38,40,46,59,52,31,11,15,14,7,11,1000000
PS1783,Argentina,190,84,24,Barracas Central ,59,56,None,71,67,74,62,29,64,56,61,32,66,64,73,61,67,70,69,61,75,67,61,26,21,29,28,39,33,11,10,10,10,10,1000000
PS1784,Korea Republic,174,70,29,Pohang Steelers ,61,69,None,43,42,57,53,66,55,50,63,63,58,56,88,80,62,75,89,87,56,45,69,63,62,61,54,49,48,8,10,12,13,9,1000000
PS1785,Spain,185,78,33,Cádiz CF ,62,56,None,66,69,78,65,36,70,47,59,59,69,65,45,75,79,53,54,60,79,72,72,46,59,66,40,46,47,15,15,8,14,10,1000000
PS1786,Spain,170,65,22,Valencia CF ,71,70,None,44,43,54,55,64,52,68,52,53,67,66,61,49,46,79,55,66,61,61,65,70,65,63,61,55,53,10,11,10,12,5,1000000
PS1787,Tunisia,185,76,31,Fürth  ,60,64,None,67,71,70,66,56,69,54,68,64,67,57,69,73,76,58,74,55,65,62,58,34,36,55,34,41,42,9,6,6,14,14,1000000
PS1788,Gambia,184,84,27,Jahn Regensburg ,63,64,None,62,64,70,62,55,67,45,52,69,63,55,80,68,75,62,72,67,64,55,42,28,32,47,35,42,31,9,14,11,7,13,1000000
PS1789,Colombia,187,86,33,Deportivo Cali ,53,33,None,65,69,83,60,24,72,35,61,30,47,45,34,67,91,34,49,31,59,74,37,23,19,25,23,39,29,9,9,14,14,11,1000000
PS1790,France,179,71,22,AS Saint-Étienne ,71,70,None,65,67,70,65,63,64,67,66,58,68,66,69,58,63,66,66,76,56,60,59,55,56,47,47,50,39,11,14,7,9,14,1000000
PS1791,Italy,180,75,26,Bari ,63,59,None,70,69,53,61,51,62,49,60,63,60,57,63,74,64,66,66,65,67,48,35,31,33,38,32,43,44,9,8,7,12,13,1000000
PS1792,Togo,183,82,24,KAS Eupen ,60,64,None,65,68,66,61,30,66,40,61,58,58,50,73,66,77,69,77,66,74,71,62,26,35,52,34,42,35,8,10,10,5,13,1000000
PS1793,Ivory Coast,181,76,24,FC Voluntari ,60,60,None,63,67,72,61,55,65,52,61,32,62,52,77,74,83,81,69,67,91,58,41,19,17,20,24,36,29,13,14,6,5,10,1000000
PS1794,Australia,174,74,32,Sydney FC ,66,63,None,65,66,72,65,65,66,64,68,66,67,59,75,84,76,73,70,70,82,55,61,58,59,59,48,56,53,7,16,15,16,10,1000000
PS1795,Albania,181,72,32,Hammarby IF ,63,53,None,62,68,72,66,53,67,55,69,36,71,65,47,70,62,67,34,69,80,58,77,46,64,60,46,65,51,6,16,15,14,14,1000000
PS1796,England,175,63,24,Exeter City ,66,64,None,59,64,56,66,57,64,63,66,57,66,64,68,90,61,81,74,83,87,48,61,55,62,62,57,51,47,6,7,14,12,9,1000000
PS1797,Republic of Ireland,185,73,22,Plymouth Argyle ,66,67,None,51,59,56,62,64,59,65,68,58,66,63,67,75,69,80,74,74,51,52,68,62,65,67,55,56,57,6,11,15,9,12,1000000
PS1798,Chile,171,76,36,Bologna ,67,63,None,72,74,85,79,58,75,65,78,50,72,66,58,69,75,90,55,72,78,64,65,37,59,35,45,58,58,6,14,7,9,6,1000000
PS1799,Guinea,179,71,22,CD Leganés ,66,58,None,62,60,65,64,61,62,59,50,52,72,74,64,70,46,70,56,56,55,58,67,60,61,44,47,56,49,13,5,5,5,8,1000000
PS1800,Chile,170,69,28,Independiente DV ,67,69,None,64,63,52,62,60,56,55,54,66,66,61,77,69,59,75,80,71,71,42,53,51,46,43,39,38,42,12,15,5,9,14,1000000
PS1801,Cameroon,180,67,22,Orlando Pirates ,69,71,None,15,19,35,55,71,35,68,52,61,59,42,81,75,45,69,79,55,52,55,65,71,65,55,45,65,55,12,9,10,9,8,1000000
PS1802,Scotland,190,78,23,Austria Klagenfurt ,70,68,None,61,61,67,56,55,62,70,65,68,70,69,53,69,71,70,53,60,36,60,65,50,66,66,69,72,62,10,10,15,12,13,1000000
PS1803,Germany,191,90,30,Dynamo Dresden ,51,46,None,67,70,66,62,29,65,49,67,28,61,57,45,64,87,56,55,47,72,70,46,28,33,32,26,35,30,6,13,7,11,15,1000000
PS1804,Canada,181,68,26,Whitecaps FC ,64,63,None,64,66,66,60,58,64,60,62,66,65,64,69,64,69,68,79,63,66,59,56,34,49,59,55,46,36,13,14,6,7,12,1000000
PS1805,England,185,73,25,Cambridge Utd ,63,62,None,21,26,61,63,67,23,58,60,58,59,47,72,74,76,70,75,73,79,66,65,66,65,53,60,63,59,9,11,8,9,9,1000000
PS1806,Grenada,185,82,30,Peterborough ,66,65,None,61,65,73,63,60,67,65,69,62,67,70,72,82,75,68,75,73,73,55,61,58,66,61,56,69,51,11,16,12,15,16,1000000
PS1807,South Africa,163,67,30,Mamelodi Sundowns ,70,70,None,12,10,31,59,67,25,63,55,54,65,62,78,70,60,78,77,55,57,56,70,70,60,64,69,63,50,10,10,12,8,12,1000000
PS1808,Denmark,178,70,20,F.C. København ,65,68,None,64,62,70,59,62,62,54,61,60,62,55,82,78,60,76,83,84,62,46,59,52,48,57,46,44,55,11,8,10,6,13,1000000
PS1809,United States,185,84,34,Nashville SC ,67,68,None,36,46,80,65,70,34,68,69,60,61,52,73,77,85,61,69,65,91,77,77,71,54,55,46,67,63,12,6,15,15,10,1000000
PS1810,Wales,182,75,24,Cardiff City ,66,67,None,48,42,54,69,69,24,65,65,55,62,57,84,74,69,73,82,79,75,60,61,64,56,49,45,52,59,8,8,9,13,12,1000000
PS1811,England,167,68,28,Peterborough ,65,67,None,55,56,33,65,62,53,60,57,69,63,58,82,80,48,79,84,80,45,51,59,54,51,69,64,42,48,6,15,6,10,15,1000000
PS1812,Italy,180,75,40,Western United ,76,74,None,28,32,60,65,75,30,75,73,77,80,74,61,66,72,69,52,67,48,54,76,60,75,74,68,68,74,14,14,7,10,11,1000000
PS1813,Spain,186,67,31,CD Leganés ,64,41,None,68,72,64,62,28,73,46,53,32,66,59,47,48,65,48,60,30,75,65,49,32,29,35,31,42,36,9,14,15,8,11,1000000
PS1814,Mali,168,66,23,Cádiz CF ,67,68,None,46,50,50,63,68,45,58,64,54,57,54,84,63,49,70,86,67,55,40,66,56,48,53,40,52,43,14,12,7,15,15,1000000
PS1815,Croatia,189,83,27,Parma ,65,64,None,64,66,68,59,56,64,58,64,45,65,64,64,81,80,59,64,61,71,62,67,65,56,47,39,48,31,13,13,7,11,7,1000000
PS1816,England,183,72,23,Bolton ,65,61,None,61,61,59,64,58,65,66,64,61,68,68,67,82,70,72,68,69,55,56,69,53,64,62,65,63,55,14,7,11,11,9,1000000
PS1817,England,191,87,25,Hull City ,62,57,None,65,68,72,64,45,68,60,60,41,65,62,59,76,77,62,63,52,68,66,49,37,38,49,36,44,37,10,8,10,12,15,1000000
PS1818,Norway,179,65,23,Lech Poznań ,67,71,None,36,47,58,56,62,42,60,55,62,58,46,77,70,58,85,82,80,62,52,67,63,64,58,51,57,45,9,8,5,12,11,1000000
PS1819,Ecuador,183,74,23,Mushuc Runa ,61,65,None,44,47,63,68,68,48,76,71,68,72,66,51,47,46,64,55,63,49,48,54,59,65,65,73,71,67,12,11,10,10,14,1000000
PS1820,Italy,187,80,30,Como ,70,66,None,59,62,70,65,69,65,67,70,73,72,70,62,62,64,48,52,49,56,51,65,56,49,59,40,46,37,6,7,7,13,9,1000000
PS1821,El Salvador,178,70,27,Sounders FC ,68,66,None,58,60,68,65,68,64,65,68,68,66,65,74,83,64,72,72,70,68,45,63,56,56,61,33,41,38,8,10,6,14,6,1000000
PS1822,Brazil,183,75,31,Internacional ,73,74,None,35,37,50,63,71,41,52,72,68,50,49,83,71,70,65,80,73,68,46,50,77,73,45,62,63,67,9,10,8,12,12,1000000
PS1823,Austria,181,74,29,LASK ,63,53,None,67,69,67,65,56,70,48,67,56,65,61,65,52,67,69,67,57,70,70,68,48,53,59,36,67,47,6,12,12,6,9,1000000
PS1824,Korea Republic,180,73,29,Pohang Steelers ,67,65,None,55,56,57,70,66,60,70,67,61,70,65,69,75,42,71,74,73,64,54,66,57,66,61,66,60,59,12,12,8,14,15,1000000
PS1825,Italy,180,78,22,Cosenza ,70,66,None,54,53,62,60,60,56,58,64,59,74,62,73,59,66,72,76,66,60,55,68,61,61,57,48,60,51,11,8,13,13,11,1000000
PS1826,Greece,165,66,32,SPAL ,74,72,None,20,30,50,54,62,25,70,61,68,71,60,74,61,44,90,70,80,72,25,64,54,66,67,62,61,64,13,10,5,7,15,1000000
PS1827,Spain,183,71,22,Villarreal CF B ,65,67,None,31,30,31,57,72,29,57,51,58,61,58,65,65,55,63,65,66,62,63,68,70,64,57,59,63,57,9,11,6,14,14,1000000
PS1828,Korea Republic,184,78,26,Pohang Steelers ,55,62,None,65,64,70,63,54,60,57,54,64,58,64,72,81,76,66,75,67,57,57,45,34,40,49,40,33,34,13,10,11,9,6,1000000
PS1829,Argentina,187,82,30,Barracas Central ,65,59,None,25,25,55,68,74,24,58,49,42,60,44,55,71,79,62,56,54,62,68,73,69,59,44,45,70,63,12,5,8,11,13,1000000
PS1830,Netherlands,193,75,29,sc Heerenveen ,68,58,None,68,65,64,67,35,74,55,63,40,68,68,54,66,72,49,67,59,80,65,56,25,32,26,34,44,33,7,13,7,9,11,1000000
PS1831,Norway,182,71,32,Lillestrøm SK ,69,69,None,40,45,68,65,65,55,72,68,71,68,67,63,74,65,68,54,71,55,61,72,62,62,68,67,64,65,7,7,12,15,13,1000000
PS1832,Algeria,184,76,25,KV Kortrijk ,73,73,None,21,34,37,64,64,27,64,66,56,58,38,84,62,68,67,77,74,72,37,73,68,64,72,70,65,67,13,7,14,10,15,1000000
PS1833,Germany,190,90,32,SV Sandhausen ,63,61,None,16,22,60,64,70,20,57,56,42,65,41,52,66,87,50,53,55,53,72,72,72,62,49,37,66,67,11,7,5,10,14,1000000
PS1834,Austria,180,77,31,FK Austria Wien ,65,67,None,59,63,68,71,66,64,63,67,67,65,62,75,81,66,69,70,71,56,49,64,51,58,59,49,51,54,7,11,11,7,9,1000000
PS1835,Korea Republic,184,77,32,Suwon Samsung ,61,45,None,65,67,66,63,42,66,48,61,34,68,67,69,72,83,63,74,73,83,67,58,28,55,33,38,32,43,14,15,8,13,15,1000000
PS1836,Kosovo,183,77,29,FC Zürich ,62,57,None,67,69,74,63,52,64,53,60,58,65,59,66,90,80,71,69,68,89,66,47,47,46,36,34,44,37,15,7,10,10,10,1000000
PS1837,Austria,174,68,30,TSV Hartberg ,64,62,None,63,65,66,65,57,68,67,64,65,66,68,73,90,59,75,70,71,80,53,68,53,61,63,64,48,53,9,7,12,7,13,1000000
PS1838,Kazakhstan,179,72,31,Gaziantep ,71,67,None,59,64,67,69,58,62,67,69,72,74,72,69,72,61,69,61,77,55,58,66,57,66,75,69,53,69,12,14,7,7,10,1000000
PS1839,France,178,76,36,AC Ajaccio ,77,77,None,41,41,60,70,74,39,73,71,71,74,68,68,61,64,74,68,78,57,67,77,71,74,76,70,70,76,7,14,11,14,13,1000000
PS1840,Denmark,182,84,31,Holstein Kiel ,69,69,None,67,65,72,63,48,61,56,59,73,69,65,73,73,73,68,59,73,74,52,68,40,61,73,64,54,38,8,7,10,14,12,1000000
PS1841,England,195,76,29,Dundee United ,53,40,None,66,68,67,64,34,67,39,52,33,57,50,53,69,86,34,49,33,85,66,49,30,40,33,41,45,32,15,7,9,12,14,1000000
PS1842,Germany,171,76,29,Kaiserslautern ,65,66,None,64,63,67,63,59,58,58,60,65,65,59,80,75,60,85,80,81,76,40,76,54,62,62,39,42,49,16,13,7,14,11,1000000
PS1843,Mali,186,81,23,AJ Auxerre ,68,63,None,22,24,45,62,66,17,53,59,53,60,48,66,53,77,58,67,59,70,67,66,70,62,45,51,69,54,11,14,7,11,12,1000000
PS1844,Greece,196,88,29,Miedź Legnica ,29,14,None,14,11,23,69,3,14,45,55,12,26,27,41,38,70,45,42,55,74,12,50,13,19,14,18,26,19,67,67,65,66,71,1000000
PS1845,Sweden,181,76,30,IFK Göteborg ,68,69,None,58,58,69,64,65,63,70,68,56,70,67,73,73,67,77,76,82,39,44,66,62,68,74,59,53,68,14,7,7,13,10,1000000
PS1846,Argentina,186,73,25,Colón ,70,58,None,65,67,64,60,52,58,67,73,45,70,61,49,68,77,53,55,56,64,63,65,44,58,46,55,38,30,11,12,8,6,7,1000000
PS1847,Brazil,181,80,31,Corinthians ,69,70,,56,58,62,70,69,70,64,54,60,63,63,64,87,81,42,67,65,65,54,60,64,68,65,62,48,46,12,15,14,8,14,975
PS1848,Poland,188,82,27,Wycombe ,20,13,None,17,14,20,65,14,26,29,38,17,27,25,41,42,69,50,44,31,36,13,47,10,16,12,12,25,15,67,67,68,62,68,975
PS1849,Slovenia,172,69,31,Zagłębie Lubin ,66,66,None,28,30,73,55,64,34,65,55,66,66,62,76,73,59,70,77,80,51,43,66,65,65,65,47,58,45,9,11,12,13,10,975
PS1850,Germany,186,82,26,1. FC Magdeburg ,24,15,None,9,10,24,60,6,20,51,45,9,50,48,44,31,47,50,46,53,65,8,55,6,8,11,12,17,7,70,68,66,73,68,975
PS1851,England,196,75,28,Blackpool ,55,54,None,66,66,69,60,38,66,48,60,35,59,58,52,63,82,52,53,53,74,67,41,30,27,39,29,39,30,7,11,9,8,9,975
PS1852,France,183,63,21,AS Monaco ,67,72,None,44,49,47,64,63,41,67,65,60,66,64,72,58,59,75,75,76,36,46,64,58,57,61,54,57,53,5,8,10,9,8,975
PS1853,Germany,185,77,31,Hansa Rostock ,68,69,None,23,29,61,67,65,32,57,64,60,60,60,70,83,70,68,77,68,72,64,65,65,62,63,58,51,65,10,8,11,15,11,975
PS1854,Norway,200,90,26,Molde FK ,26,18,None,11,11,25,60,5,13,48,40,13,28,34,38,25,72,45,37,37,62,14,52,6,8,13,12,16,9,68,69,66,69,70,975
PS1855,Germany,182,76,24,SV Elversberg ,67,68,None,58,49,58,63,64,36,65,61,64,66,63,81,73,60,70,79,77,64,59,59,60,54,56,53,50,49,14,8,15,14,9,975
PS1856,Nigeria,185,86,26,IFK Göteborg ,62,71,None,12,18,76,53,68,17,59,61,62,60,41,79,51,89,68,77,65,64,56,75,61,60,47,36,66,57,10,15,11,14,14,975
PS1857,Argentina,178,74,27,Arsenal ,68,63,None,64,66,71,64,55,61,66,64,46,72,65,65,69,67,69,55,69,62,57,56,36,44,42,43,48,36,11,13,7,5,14,975
PS1858,Brazil,178,75,27,América Mineiro ,48,24,None,70,67,66,60,25,77,43,54,52,49,45,32,51,57,69,59,64,81,58,43,28,22,35,45,51,22,15,12,11,15,10,975
PS1859,Chile,181,82,33,Uni. Católica ,65,66,None,68,65,83,59,59,70,59,66,72,67,59,64,71,81,61,74,63,71,71,71,55,59,59,44,63,56,10,13,11,8,12,975
PS1860,Argentina,183,87,26,Banfield ,49,36,None,69,71,72,63,28,66,32,48,28,47,40,54,62,80,53,53,47,70,55,39,30,30,29,31,44,26,15,11,14,12,10,975
PS1861,Republic of Ireland,185,78,26,Bristol City ,19,13,None,16,17,26,48,12,19,48,42,16,30,17,38,43,54,48,48,30,58,11,50,10,14,11,12,29,14,67,71,66,66,72,975
PS1862,Montenegro,191,78,24,Boavista FC ,70,67,None,64,65,70,66,63,61,61,66,63,68,68,59,68,74,52,65,55,54,68,66,53,60,72,64,66,47,14,13,5,7,8,975
PS1863,Uruguay,175,69,24,Lanús ,65,70,None,52,62,61,65,57,63,66,55,53,72,63,66,73,58,71,68,68,49,38,41,57,62,63,65,48,39,8,12,14,14,9,975
PS1864,Spain,192,75,26,CD Leganés ,62,57,None,67,65,64,64,47,65,56,71,42,60,59,54,77,76,60,68,55,82,69,52,35,41,32,49,45,46,8,7,14,7,11,975
PS1865,Switzerland,169,63,24,Grasshopper Club ,70,71,None,55,57,58,64,63,45,64,63,67,61,58,81,70,33,83,81,80,69,52,64,61,50,65,57,45,28,12,8,6,5,13,975
PS1866,Australia,174,73,28,Western United ,64,65,None,60,63,47,62,65,66,64,62,65,62,61,77,84,67,78,76,75,71,46,62,46,52,55,60,49,65,9,12,16,9,10,975
PS1867,Peru,178,72,31,Sport Boys ,69,68,None,66,58,81,75,64,49,70,58,65,68,60,78,52,66,66,79,77,55,71,53,48,55,63,59,48,50,40,54,44,66,47,975
PS1868,China PR,180,75,28,Shanghai Port ,63,63,None,65,66,66,60,67,61,60,62,57,63,53,77,80,71,70,80,82,72,49,45,37,39,49,48,39,36,13,6,7,10,14,975
PS1869,Brazil,183,78,31,Santos ,71,72,None,41,30,43,58,70,31,58,56,71,68,66,59,60,73,63,66,70,62,59,68,66,73,60,66,72,63,10,9,7,13,8,975
PS1870,France,177,73,31,Dijon FCO ,70,68,None,66,70,64,71,63,68,68,71,61,70,66,44,63,56,61,31,68,63,47,65,48,58,61,53,33,39,7,15,16,7,11,975
PS1871,Canada,185,75,27,CF Montréal ,58,49,None,62,68,73,69,40,64,55,54,29,65,65,34,64,78,37,53,51,65,61,39,35,17,28,24,44,22,11,6,7,10,11,975
PS1872,Liechtenstein,175,71,32,Ascoli ,73,67,None,59,59,68,65,66,70,67,65,60,77,68,76,80,61,84,65,75,72,48,67,48,65,64,58,56,58,7,8,4,3,7,975
PS1873,Poland,185,80,27,FC St. Pauli ,63,47,None,65,69,76,64,48,68,46,59,37,66,56,66,74,73,66,62,61,80,68,56,34,49,53,39,59,38,14,8,6,15,13,975
PS1874,Croatia,195,80,27,KV Oostende ,51,33,None,69,67,62,63,28,63,29,48,23,49,32,54,69,83,41,40,47,75,73,33,20,26,26,27,37,24,9,5,8,9,7,975
PS1875,Brazil,170,65,28,D.C. United ,66,67,None,60,61,68,59,62,53,60,58,65,65,57,91,75,62,75,94,84,68,49,45,26,23,44,32,32,25,6,6,9,11,9,975
PS1876,Spain,176,73,21,GD Chaves ,73,76,None,61,68,47,47,53,43,65,67,50,72,71,79,55,53,70,79,75,60,48,64,61,60,54,58,61,51,7,6,7,13,6,975
PS1877,Paraguay,178,72,25,Cerro Porteño ,66,68,None,42,37,44,50,63,35,57,61,75,61,42,75,68,58,73,80,72,54,65,71,66,49,70,68,54,46,11,7,11,10,12,975
PS1878,Argentina,175,74,33,Panathinaikos ,70,67,None,66,69,67,70,59,59,66,66,62,63,59,81,73,66,71,80,70,63,58,67,56,59,49,40,58,48,6,12,7,15,14,975
PS1879,Kosovo,196,96,26,FC Zürich ,65,42,None,63,64,70,62,23,64,48,54,24,62,58,36,68,92,51,39,45,66,68,59,31,31,23,35,36,18,8,10,7,10,8,975
PS1880,Turkey,187,82,26,Gaziantep ,48,49,None,64,66,77,65,28,63,36,58,23,62,53,54,71,80,54,48,48,77,71,45,22,29,34,29,33,31,10,7,13,16,7,975
PS1881,England,188,84,34,Swindon Town ,68,62,None,22,37,66,69,71,44,58,68,56,60,46,47,34,80,52,49,60,74,72,76,70,65,59,49,78,68,9,9,11,7,13,975
PS1882,Romania,182,80,31,Univ. Craiova ,66,65,None,60,60,66,65,60,52,66,65,65,67,65,79,71,71,86,78,86,70,61,68,64,60,69,60,66,61,9,6,9,10,5,975
PS1883,Spain,180,72,26,CD Lugo ,71,68,None,22,21,25,56,60,19,58,57,66,66,65,70,56,58,54,71,65,34,44,66,66,50,46,42,51,35,9,9,14,6,11,975
PS1884,Bolivia,180,69,22,CD Lugo ,68,75,None,26,17,39,62,54,23,65,54,49,64,52,80,57,57,63,75,61,56,60,66,68,67,64,50,71,67,15,14,11,9,11,975
PS1885,China PR,180,71,28,Wuhan FC ,60,61,None,63,65,63,63,62,60,59,57,59,58,51,83,83,59,60,87,80,74,56,38,30,38,49,37,35,32,6,12,7,10,7,975
PS1886,Uruguay,178,79,25,Godoy Cruz ,65,66,None,58,63,70,69,62,66,68,69,59,59,63,72,79,72,74,60,64,56,40,55,67,63,56,43,54,45,14,8,9,11,6,975
PS1887,Argentina,177,75,24,Atlético Tucumán ,68,70,None,59,65,58,66,57,61,68,67,59,70,68,61,70,73,67,67,59,57,45,54,49,50,36,37,51,33,9,7,5,8,10,975
PS1888,England,173,64,24,Sunderland ,65,63,None,53,56,65,62,66,54,68,58,54,65,63,76,66,47,83,71,79,63,52,68,59,65,59,60,55,53,6,6,13,15,13,975
PS1889,Venezuela,179,74,31,Hnos. Colmenárez ,65,75,None,35,34,40,71,76,33,75,71,55,53,59,74,55,59,63,52,40,43,48,61,71,65,59,66,51,52,11,13,15,19,12,975
PS1890,United States,178,70,25,Odense BK ,67,68,None,29,35,53,60,62,40,57,63,54,60,50,90,67,56,88,90,89,92,57,66,60,59,61,48,54,59,10,14,13,8,7,975
PS1891,Spain,182,80,31,CD Tenerife ,65,59,None,53,59,72,69,64,66,67,67,51,70,69,57,85,72,59,62,62,58,48,69,54,70,64,69,59,39,9,13,10,8,12,975
PS1892,Austria,187,80,26,WSG Tirol ,49,36,None,64,69,68,68,39,65,33,58,42,57,48,62,71,85,33,67,64,81,62,35,24,25,29,27,39,25,6,14,11,6,8,975
PS1893,England,178,66,24,Huddersfield ,67,67,None,39,38,33,63,63,25,61,55,56,63,51,84,66,55,73,80,73,57,43,64,65,62,57,48,52,53,10,8,7,14,12,975
PS1894,Ghana,185,74,26,SD Huesca ,59,58,None,13,20,70,55,65,26,45,53,41,56,38,80,75,83,48,84,66,76,68,76,65,63,42,46,63,60,11,5,10,11,11,975
PS1895,Spain,170,64,25,R. Oviedo ,61,63,None,48,45,70,61,64,54,60,60,60,61,58,84,77,49,88,89,85,34,43,63,60,59,54,41,53,55,9,8,7,6,10,975
PS1896,Argentina,174,73,34,Central Córdoba ,75,72,None,59,67,80,69,59,63,71,79,67,74,70,74,80,81,79,72,78,67,51,74,55,61,78,63,61,51,13,12,9,10,9,975
PS1897,Norway,178,67,25,Rosenborg BK ,69,70,None,55,55,60,64,67,59,66,66,54,68,61,77,82,56,82,81,84,60,45,58,54,54,60,49,54,52,14,9,7,15,9,975
PS1898,Italy,180,71,26,Palermo ,67,66,,62,65,70,66,67,69,64,54,58,68,64,80,69,64,71,80,73,71,60,69,55,58,58,55,56,58,13,14,9,7,10,950
PS1899,Poland,177,65,27,Raków ,65,66,None,61,56,66,58,67,57,67,63,64,66,65,83,66,62,90,80,84,76,61,65,65,61,65,62,64,63,6,8,10,12,10,950
PS1900,Korea Republic,178,75,33,Suwon FC ,70,68,None,49,54,65,56,59,61,75,68,62,71,73,70,70,60,74,68,66,62,54,70,58,72,68,73,62,64,11,8,11,11,6,950
PS1901,Republic of Ireland,188,83,33,Birmingham City ,56,52,None,69,70,75,66,48,68,50,66,38,59,55,52,34,78,49,47,55,77,72,56,29,27,38,32,32,26,8,8,14,7,7,950
PS1902,Slovenia,191,87,27,Legia Warszawa ,64,63,None,25,29,64,54,64,32,61,63,45,58,53,71,45,83,65,75,65,80,68,74,64,58,55,33,66,59,13,11,7,13,14,950
PS1903,Austria,196,94,30,SV Ried ,23,10,None,20,13,16,64,13,12,45,51,12,24,25,52,29,59,42,50,36,55,12,44,15,12,19,16,16,8,68,69,67,59,70,950
PS1904,England,183,65,27,Derby County ,30,17,None,16,22,20,60,12,24,66,54,20,40,44,40,36,76,68,44,36,72,20,50,13,14,18,20,28,19,68,67,68,67,67,950
PS1905,Portugal,191,85,32,Melb. Victory ,58,51,None,70,69,77,65,41,68,37,64,50,63,59,41,78,89,31,36,34,58,67,68,26,28,42,32,20,43,6,12,14,8,12,950
PS1906,Denmark,185,80,32,FC Nordsjælland ,66,60,None,68,68,75,67,50,67,50,63,61,66,66,52,70,77,63,55,54,80,68,65,43,60,65,62,55,50,12,9,7,11,11,950
PS1907,Brazil,186,77,32,Ümraniyespor ,60,56,None,71,69,68,70,27,67,48,68,41,55,59,73,62,74,59,70,54,75,70,41,33,32,37,28,48,41,14,7,7,6,14,950
PS1908,France,186,87,28,Pau FC ,66,59,None,64,68,62,61,33,65,62,63,61,67,66,42,79,84,59,48,58,76,68,59,40,44,36,36,52,26,7,16,15,15,15,950
PS1909,Spain,177,65,33,Mumbai City FC ,69,68,None,43,65,51,66,67,64,68,57,62,69,66,70,65,57,83,75,76,68,40,59,63,67,56,57,53,52,12,12,11,11,12,950
PS1910,Denmark,182,80,27,AGF ,69,64,None,61,63,75,62,63,60,65,70,64,69,64,72,86,75,83,76,77,70,61,62,58,61,62,49,48,51,9,8,13,7,10,950
PS1911,Brazil,175,68,26,Charlotte FC ,67,73,None,31,35,48,60,65,30,60,62,54,61,50,76,73,62,70,77,78,70,54,64,66,60,48,36,60,44,11,13,9,9,15,950
PS1912,Iceland,178,83,33,FC Voluntari ,73,69,None,49,51,82,64,68,48,73,71,65,71,67,67,78,75,72,65,64,74,57,75,67,74,69,74,75,67,9,10,8,15,11,950
PS1913,Korea Republic,182,73,33,Jeonbuk Hyundai ,65,68,None,51,48,70,63,71,55,65,70,61,61,56,82,64,63,71,80,71,71,62,65,67,66,66,57,67,61,7,7,11,15,12,950
PS1914,Croatia,188,85,33,Al Raed ,71,66,None,63,70,75,69,68,63,61,71,67,70,69,62,75,87,50,68,67,70,60,73,60,62,73,64,76,55,10,14,10,8,6,950
PS1915,Netherlands,188,80,28,sc Heerenveen ,19,18,None,21,21,25,66,12,18,35,31,16,28,22,39,33,56,45,39,36,59,21,50,13,17,14,12,27,19,65,65,68,67,69,950
PS1916,France,172,62,26,FCSM ,72,73,None,35,30,36,52,48,32,58,53,57,66,62,75,61,30,84,76,79,63,55,56,68,54,62,35,53,59,16,9,10,10,11,950
PS1917,Austria,182,74,26,Austria Klagenfurt ,65,63,None,58,63,67,68,59,66,63,62,52,67,65,65,87,72,62,55,58,63,62,68,55,62,59,60,50,52,6,10,7,13,5,950
PS1918,Norway,190,84,28,Lillestrøm SK ,52,39,None,62,65,69,62,30,65,35,54,35,60,50,39,68,90,50,39,38,71,67,45,28,26,32,32,35,30,6,14,9,12,6,950
PS1919,Spain,180,73,27,GD Chaves ,66,65,None,15,15,32,60,64,24,54,56,42,60,39,66,59,65,70,64,67,70,60,66,75,65,64,40,72,65,6,16,10,15,13,950
PS1920,Bolivia,180,76,27,The Strongest ,64,65,None,24,25,44,69,68,44,55,70,61,59,52,74,59,61,77,72,75,56,66,65,68,61,55,56,72,67,8,7,7,9,10,950
PS1921,Scotland,174,68,27,Ross County ,65,65,None,24,28,64,60,63,38,66,61,57,61,49,83,74,69,80,78,80,83,63,68,67,64,66,69,68,61,15,14,7,13,10,950
PS1922,Belgium,185,73,26,Sparta Rotterdam ,66,63,None,63,66,73,67,66,64,66,64,55,67,65,68,76,66,70,66,72,60,62,64,53,62,33,44,43,38,12,9,15,14,6,950
PS1923,France,174,69,26,SD Huesca ,70,71,None,49,36,43,61,60,27,64,62,56,58,55,78,70,34,79,82,80,57,38,65,59,61,68,62,52,63,13,7,7,13,13,950
PS1924,England,175,67,26,Hibernian ,62,65,None,35,32,70,59,64,32,59,63,59,58,52,92,71,34,85,91,89,51,54,63,65,55,60,53,56,58,12,12,9,13,8,950
PS1925,Trinidad & Tobago,173,70,33,Columbus Crew ,68,69,None,47,53,54,68,68,36,67,70,63,67,60,70,62,69,75,69,73,71,59,69,67,65,68,63,69,60,8,7,9,12,7,950
PS1926,Paraguay,179,75,28,Platense ,62,38,None,63,69,63,64,31,63,32,49,35,61,42,60,61,80,66,60,47,72,69,39,32,30,29,26,40,35,7,8,6,12,11,950
PS1927,Netherlands,178,73,26,Wehen Wiesbaden ,67,63,None,52,47,60,58,58,51,58,57,65,61,57,90,75,65,75,83,79,66,49,58,58,48,59,48,49,51,12,6,14,5,14,950
PS1928,Montenegro,192,87,28,CD Tenerife ,60,58,None,60,62,71,60,48,68,46,65,41,60,53,61,70,82,50,72,64,89,71,48,31,29,33,29,47,34,10,6,11,12,12,950
PS1929,Wales,168,63,26,Portsmouth ,70,64,None,47,56,45,68,55,65,64,70,61,69,68,72,81,38,92,68,87,67,36,55,40,52,55,58,58,45,7,7,8,14,11,950
PS1930,Scotland,184,85,27,Motherwell ,25,15,None,13,14,31,55,15,24,25,38,13,34,35,31,32,37,45,46,53,48,16,53,20,20,22,20,13,16,70,70,67,71,68,950
PS1931,Germany,185,78,26,VfL Osnabrück ,64,60,None,62,65,62,62,59,61,67,66,45,68,72,63,81,76,67,64,65,76,55,74,50,62,63,45,48,59,10,14,10,6,13,950
PS1932,Republic of Ireland,180,75,21,Udinese ,68,72,,57,58,62,58,65,55,53,54,64,44,40,94,80,76,79,89,84,75,44,49,47,34,46,36,37,40,14,5,12,15,6,925
PS1933,Paraguay,170,72,27,Atlético Tucumán ,60,68,,18,19,52,62,64,16,65,66,64,60,51,75,70,72,73,77,72,65,58,66,60,63,59,59,66,60,8,5,11,12,7,925
PS1934,Uruguay,173,68,27,Wanderers ,68,70,,44,60,42,65,52,55,67,59,49,70,69,66,67,45,75,61,62,56,49,55,58,57,45,55,48,44,8,8,12,14,11,925
PS1935,Nigeria,182,74,28,R. Racing Club ,58,67,None,15,24,48,63,63,15,54,62,46,57,34,87,70,72,67,86,80,83,62,71,68,56,47,43,69,56,8,13,15,14,11,925
PS1936,England,188,80,23,Burton Albion ,61,59,None,61,62,82,61,57,62,57,55,61,56,54,73,87,79,67,68,62,72,59,51,37,42,42,38,41,29,8,15,12,9,9,925
PS1937,Armenia,180,73,27,Randers FC ,68,67,None,38,40,65,57,64,42,65,66,62,62,58,81,65,64,76,80,74,56,50,62,55,58,60,50,62,54,13,14,16,12,16,925
PS1938,Sudan,183,70,29,MK Dons ,65,66,None,17,15,36,64,67,18,55,64,53,54,30,90,73,68,60,83,73,70,58,65,67,59,56,60,58,57,11,9,12,7,10,925
PS1939,Germany,190,89,28,VfB Stuttgart ,23,14,None,10,12,18,68,17,11,28,41,8,17,20,41,20,62,39,36,50,68,11,47,5,7,13,14,30,4,63,70,66,62,71,925
PS1940,Nigeria,170,66,28,Real Zaragoza ,66,68,None,54,67,60,69,62,70,65,71,61,67,66,74,77,80,90,72,78,65,49,65,52,51,58,70,61,57,14,14,6,10,13,925
PS1941,Benin,178,78,27,Pau FC ,69,64,None,61,62,88,63,63,60,63,66,44,71,64,80,91,81,75,77,77,80,61,63,54,52,45,37,50,47,12,7,12,8,14,925
PS1942,Mozambique,170,65,28,Abha Club ,66,70,None,24,18,39,63,61,22,60,55,62,61,55,82,66,42,80,76,72,59,52,66,61,60,58,55,50,61,11,8,14,7,11,925
PS1943,Switzerland,194,85,31,Celtic ,20,12,None,12,12,38,67,13,27,49,39,11,17,22,34,34,69,30,33,32,63,12,47,11,12,16,12,32,12,70,69,67,63,70,925
PS1944,Peru,175,73,20,Sporting Cristal ,68,70,None,33,30,45,64,62,33,65,53,55,65,64,71,55,51,65,73,62,53,35,66,64,68,48,68,65,55,5,10,10,6,7,925
PS1945,England,172,63,20,Oxford United ,68,65,None,58,62,60,63,55,55,68,67,55,72,70,76,70,53,84,73,76,49,42,57,52,49,55,51,46,45,6,10,9,7,10,925
PS1946,England,177,77,33,Nott'm Forest ,66,60,None,64,68,85,56,53,68,59,67,59,71,67,55,69,59,73,53,64,76,52,68,51,64,60,50,59,45,10,6,6,6,7,925
PS1947,Argentina,173,62,23,Racing Club ,63,61,None,62,64,59,56,54,58,47,50,58,64,57,79,77,63,78,79,75,77,66,59,38,44,49,44,48,49,10,8,7,12,9,925
PS1948,Spain,185,80,33,Cádiz CF ,59,48,None,66,71,86,62,50,69,57,62,41,63,62,32,86,92,41,34,34,47,59,68,42,45,41,49,38,34,8,15,8,11,13,925
PS1949,Italy,182,75,24,Cagliari ,69,65,None,64,62,64,60,55,57,57,60,72,70,61,68,66,59,64,72,70,61,40,62,40,45,71,59,59,59,11,12,8,10,13,925
PS1950,Netherlands,180,84,21,Hellas Verona ,67,69,None,32,37,59,63,61,40,56,59,59,58,51,79,69,69,86,84,82,65,50,69,58,58,60,58,53,56,14,8,11,13,12,925
PS1951,Peru,188,82,23,Cienciano ,73,57,None,68,58,70,62,57,68,43,63,58,69,58,62,58,77,49,66,60,54,70,72,47,49,73,61,64,56,8,14,10,13,13,925
PS1952,Paraguay,172,66,27,Metropolitanos ,65,67,None,27,26,55,62,65,18,60,58,58,67,65,70,58,56,59,70,72,57,37,72,67,71,65,71,59,66,14,14,8,9,11,925
PS1953,Bolivia,183,79,27,The Strongest ,61,68,None,32,31,54,65,70,33,61,58,64,62,54,73,66,68,62,76,66,55,61,64,56,60,61,66,66,65,15,12,16,7,9,925
PS1954,Belgium,175,73,23,Sporting KC ,63,66,None,61,61,70,60,54,59,49,60,64,64,64,82,74,64,81,74,78,78,53,42,22,25,40,34,38,29,15,12,10,14,5,925
PS1955,Brazil,180,75,27,Atlanta United ,70,73,None,55,51,47,63,58,39,59,69,52,75,73,69,68,58,64,75,71,52,46,68,57,66,56,53,60,50,6,7,10,7,11,925
PS1956,Spain,180,74,29,Śląsk Wrocław ,66,64,None,63,61,32,61,52,63,59,59,66,64,58,72,74,62,70,69,57,41,62,58,45,54,70,72,58,55,11,14,10,6,13,925
PS1957,Portugal,172,64,23,FC Vizela ,70,66,None,56,55,60,62,63,62,67,60,64,74,70,71,73,34,80,73,62,56,51,65,43,46,60,45,64,53,5,15,12,8,5,925
PS1958,Argentina,179,74,20,Rosario Central  ,69,71,None,40,38,52,58,61,23,57,64,61,64,61,76,58,54,74,74,73,61,48,67,64,63,63,57,54,53,5,8,11,13,7,925
PS1959,Austria,183,81,33,SK Sturm Graz ,30,13,None,23,24,22,66,13,22,48,28,13,31,20,45,38,66,59,48,61,80,14,56,11,17,21,10,15,10,69,71,68,75,73,925
PS1960,England,174,71,23,Oxford United ,62,66,None,63,64,58,61,47,62,45,53,70,60,51,76,64,56,80,73,76,64,53,46,32,36,63,54,43,31,11,12,7,5,13,925
PS1961,Germany,176,63,27,Dynamo Dresden ,71,72,None,49,62,70,66,59,51,68,58,62,70,65,61,66,34,83,55,79,71,33,59,52,59,69,53,41,47,7,9,12,7,8,925
PS1962,Brazil,172,67,22,FC Vizela ,65,69,None,68,67,62,59,50,58,39,48,60,55,47,75,74,65,80,76,61,62,46,39,33,36,52,53,50,42,11,6,13,5,14,925
PS1963,Venezuela,176,75,23,Hnos. Colmenárez ,65,76,None,63,65,73,65,76,60,40,80,63,65,59,67,66,68,70,67,65,61,60,72,50,74,76,68,64,71,8,7,8,8,7,925
PS1964,Spain,183,77,28,R. Racing Club ,70,72,None,54,57,55,62,59,49,63,74,62,65,58,70,58,67,66,68,66,49,52,70,60,61,49,52,59,57,10,14,14,13,9,925
PS1965,England,181,73,20,Charlton Ath ,66,70,None,21,22,39,58,62,21,59,67,61,58,48,80,72,48,84,79,81,44,42,64,64,61,63,58,61,62,12,13,9,5,14,925
PS1966,Spain,173,70,29,SD Ponferradina ,62,60,None,60,61,62,66,49,64,52,62,67,58,55,80,77,58,74,82,83,80,50,59,25,30,57,48,38,32,8,11,11,6,12,925
PS1967,France,172,65,29,Valenciennes FC ,63,62,None,62,62,57,57,62,62,58,61,62,62,58,80,83,64,81,80,83,71,57,49,43,51,42,49,52,46,13,9,8,13,13,925
PS1968,Scotland,180,73,27,Sheffield Wed ,67,63,None,62,64,53,65,60,59,68,70,43,70,66,56,75,65,70,62,70,54,43,62,60,67,64,54,51,53,16,15,10,10,8,925
PS1969,Algeria,177,71,28,Stade Lavallois ,68,65,None,22,26,36,63,61,31,50,59,39,60,40,74,72,58,72,70,76,64,63,71,69,67,64,58,68,54,9,13,12,13,14,925
PS1970,France,174,57,20,Valenciennes FC ,65,74,None,30,29,27,72,64,28,48,47,69,64,54,70,37,31,76,63,64,51,52,73,72,59,72,74,66,51,5,6,6,13,11,925
PS1971,England,178,75,29,Huddersfield ,63,62,None,62,63,54,65,57,61,62,57,63,62,59,63,83,66,70,69,73,66,61,57,50,48,55,55,42,41,14,12,9,10,10,925
PS1972,Spain,183,72,27,CD Lugo ,71,66,None,53,60,63,47,61,55,72,67,65,66,72,68,82,71,63,74,61,70,53,69,65,64,56,54,72,47,6,7,10,11,11,925
PS1973,Norway,173,65,20,FK Bodø/Glimt ,68,70,None,36,38,37,55,62,41,58,64,63,56,54,90,71,33,86,88,91,49,46,57,56,45,55,38,47,43,10,14,6,13,13,925
PS1974,Turkey,188,78,33,Adana Demirspor ,25,11,None,19,14,32,69,12,13,11,51,24,22,17,39,30,65,39,45,35,58,14,49,11,14,18,19,23,20,70,73,67,65,72,925
PS1975,Slovakia,194,85,29,Viktoria Plzeň ,17,13,None,11,10,27,52,8,12,40,38,12,26,15,28,22,72,23,32,25,36,13,51,8,6,10,10,12,9,70,69,67,68,71,925
PS1976,France,170,65,23,KV Oostende ,67,67,None,62,62,68,58,51,57,56,53,62,60,56,84,77,60,83,73,80,69,38,63,38,58,53,51,48,33,11,6,13,8,9,925
PS1977,England,189,88,33,Leicester City ,23,14,None,17,12,37,68,17,24,44,58,14,30,28,59,39,66,44,59,33,80,17,51,11,13,11,11,21,13,71,72,69,68,71,925
PS1978,Spain,177,70,22,CA Osasuna ,58,60,None,62,66,60,62,54,64,53,61,61,64,44,67,72,55,72,78,64,62,60,43,36,38,45,40,33,28,5,8,10,10,15,925
PS1979,England,169,71,29,Sheffield Wed ,62,63,None,63,64,50,64,57,64,45,63,64,61,54,76,74,54,84,74,83,81,56,66,43,55,45,47,52,40,9,6,10,10,9,925
PS1980,Turkey,186,76,35,Sivasspor ,72,71,None,69,72,71,72,69,68,68,73,59,71,64,65,75,76,59,54,69,77,64,74,68,72,62,59,61,53,10,16,11,11,14,925
PS1981,Romania,181,77,29,FCSB ,57,55,,63,64,75,61,56,67,60,66,61,65,64,68,86,75,82,67,70,79,60,73,52,64,63,60,58,48,12,7,12,7,15,900
PS1982,United States,180,73,28,Dundee United ,67,65,None,58,59,66,62,58,60,65,63,57,68,66,67,89,68,71,66,65,69,55,71,63,65,69,58,62,59,6,7,11,13,9,900
PS1983,France,166,64,19,OL ,69,72,None,56,57,49,58,58,48,60,67,58,68,69,78,57,56,87,73,88,45,32,63,58,59,61,62,66,56,14,11,12,11,11,900
PS1984,Republic of Ireland,170,64,23,Charlton Ath ,68,63,None,61,63,63,63,56,63,67,64,54,70,71,64,69,46,73,59,70,54,41,58,50,57,60,48,50,45,8,12,8,6,9,900
PS1985,Denmark,186,77,28,Brøndby IF ,69,65,None,50,54,62,65,67,51,64,68,61,69,65,72,80,71,69,66,65,52,48,65,60,60,62,59,52,58,13,16,9,12,13,900
PS1986,Senegal,193,82,34,Gaziantep ,62,56,None,69,69,78,58,39,73,51,54,22,70,74,61,71,85,44,55,51,80,75,72,33,66,27,55,27,23,6,12,13,9,10,900
PS1987,Argentina,188,84,34,Uni. Católica ,62,47,None,66,68,72,64,36,69,55,70,40,67,54,35,69,85,51,50,40,71,77,71,41,21,48,23,50,34,8,10,14,14,8,900
PS1988,United States,178,72,24,FC Dallas ,63,64,None,64,64,67,65,28,62,35,54,52,63,54,70,74,64,88,70,76,82,54,35,35,49,36,37,56,30,9,9,6,9,11,900
PS1989,South Africa,183,82,29,Mamelodi Sundowns ,65,55,None,66,68,67,61,44,68,62,59,45,66,64,68,72,73,71,63,70,67,58,56,30,45,33,35,34,26,9,13,7,10,5,900
PS1990,Poland,192,88,23,Benevento ,66,64,None,61,63,59,64,59,64,58,58,41,62,63,54,80,84,46,64,54,76,74,70,52,66,45,48,44,39,10,10,8,7,11,900
PS1991,Turkey,180,74,30,Beşiktaş ,66,71,None,58,62,62,61,68,65,59,52,71,71,63,75,74,68,65,76,71,50,48,64,59,58,64,49,64,52,7,7,7,6,15,900
PS1992,Luxembourg,176,70,30,Sparta Rotterdam ,65,66,None,63,65,73,62,48,63,57,62,64,66,63,78,74,57,73,76,74,61,48,66,22,29,45,34,33,25,8,10,8,9,6,900
PS1993,Sweden,178,73,28,IFK Värnamo ,65,63,None,49,50,66,60,63,47,61,59,63,64,59,75,83,62,70,73,74,72,32,60,59,56,64,59,56,51,12,16,10,10,11,900
PS1994,Ivory Coast,178,75,24,GD Chaves ,61,66,None,65,65,60,60,55,57,52,50,67,62,55,72,63,70,65,71,68,60,58,40,32,35,42,40,55,41,9,6,9,11,11,900
PS1995,Australia,179,78,29,Newcastle Jets ,63,59,None,66,67,73,65,61,63,64,65,62,66,66,57,82,70,75,61,70,74,58,65,57,62,63,63,63,55,12,15,11,7,7,900
PS1996,Finland,182,78,28,Inter Miami CF ,66,71,None,52,51,68,59,61,43,60,61,62,63,59,79,76,63,62,80,70,72,40,72,62,67,62,57,55,43,12,8,13,8,10,900
PS1997,England,188,78,33,Cambridge Utd ,47,24,None,69,71,81,66,22,68,31,54,27,60,56,33,49,77,33,35,30,71,69,43,20,22,22,25,28,16,8,6,16,12,12,900
PS1998,Germany,182,78,25,FC St. Pauli ,62,61,None,59,62,49,61,52,60,54,63,66,62,54,76,77,66,68,72,64,54,52,65,34,53,57,38,38,49,11,13,12,13,9,900
PS1999,Jamaica,194,81,22,Barnsley ,66,66,None,63,65,69,64,62,59,63,62,48,69,63,50,63,82,53,54,57,59,63,58,61,52,49,44,46,53,10,8,10,10,15,900
PS2000,Austria,172,68,25,SCR Altach ,66,66,None,57,57,63,58,51,55,56,57,67,61,57,79,88,55,88,73,91,80,48,64,46,56,67,70,46,40,13,10,13,7,12,900
PS2001,Korea Republic,188,80,34,Ulsan Hyundai ,59,38,None,65,68,66,63,57,71,55,61,55,64,65,60,67,85,55,65,59,81,68,54,34,48,51,43,45,40,8,10,10,15,15,900
PS2002,Colombia,175,75,19,Watford ,67,69,None,43,54,48,65,66,40,67,62,62,68,71,62,58,64,52,71,62,48,42,63,58,61,64,53,54,45,12,13,13,8,14,900
PS2003,Ghana,180,69,28,FK Bodø/Glimt ,65,66,None,30,42,56,60,65,31,60,69,59,60,58,84,68,61,69,86,80,72,49,63,61,57,59,63,65,48,12,12,6,15,13,900
PS2004,Spain,173,69,29,CD Tenerife ,66,64,None,63,65,65,67,64,65,69,56,55,67,66,63,81,62,79,55,73,72,36,66,61,68,57,54,46,45,8,7,10,13,12,900
PS2005,Germany,184,82,28,Saarbrücken ,67,67,None,23,24,62,66,64,22,67,65,65,67,58,68,74,77,68,74,72,72,63,68,65,65,64,60,68,59,8,8,8,11,8,900
PS2006,Brazil,180,71,35,São Paulo ,75,73,None,13,12,33,77,72,44,55,66,55,65,61,82,62,73,71,82,71,72,75,61,66,56,63,64,65,62,16,7,13,9,10,900
PS2007,Scotland,178,70,29,Ross County ,67,65,None,63,62,82,62,65,60,66,64,61,68,65,65,81,69,67,66,66,63,60,65,65,67,59,55,68,58,13,10,10,12,12,900
PS2008,Romania,175,77,28,FC Rapid 1923 ,68,69,None,34,35,54,60,61,33,68,65,64,66,65,69,58,60,83,69,78,38,44,66,63,66,62,62,58,56,9,9,15,11,6,900
PS2009,France,188,88,29,Ascoli ,67,67,None,53,66,64,69,65,65,64,64,61,66,66,58,70,85,57,54,59,70,60,67,62,67,63,62,57,59,9,13,9,10,13,900
PS2010,Argentina,173,74,28,Patronato ,62,66,None,33,26,25,60,66,22,64,62,60,63,57,82,71,34,80,80,81,45,37,66,61,70,51,68,65,57,6,13,10,12,8,900
PS2011,Argentina,180,73,30,Tigre ,62,60,None,66,65,63,60,56,62,43,51,65,61,50,73,81,62,70,72,61,61,55,37,45,35,50,27,68,35,11,11,6,7,14,900
PS2012,Ecuador,178,74,24,FC Lugano ,62,59,None,69,65,70,58,42,62,57,59,57,60,55,78,68,71,69,77,75,81,58,51,33,40,45,47,32,32,14,8,15,11,12,900
PS2013,Chile,189,85,23,Unión La Calera ,22,19,None,16,14,42,60,12,30,61,51,14,14,13,46,45,75,49,60,70,46,15,47,14,15,21,14,20,20,64,66,68,63,72,900
PS2014,Czech Republic,182,74,30,Gaziantep ,63,63,None,60,63,65,59,58,60,61,61,63,62,53,80,80,73,68,79,71,72,59,62,35,48,51,57,31,36,10,9,13,15,13,900
PS2015,Korea Republic,186,80,29,Ulsan Hyundai ,65,58,None,59,62,66,61,56,64,67,58,47,66,67,63,76,83,53,54,61,71,64,66,52,65,48,50,51,49,15,14,14,8,11,900
PS2016,Uruguay,178,70,24,River Plate ,53,51,None,67,64,54,66,57,67,37,47,71,50,64,65,70,61,73,64,57,62,44,67,36,36,59,54,37,60,6,12,11,15,10,900
PS2017,United States,179,76,24,Standard Liège ,63,66,None,58,61,48,62,62,56,60,61,64,62,50,84,74,61,78,85,84,82,49,42,44,45,47,38,49,34,11,9,6,8,10,900
PS2018,Slovenia,192,80,24,KAS Eupen ,59,35,,62,67,75,62,29,66,49,46,32,58,56,53,65,77,48,55,43,58,65,45,26,28,25,32,30,27,13,10,8,15,5,875
PS2019,Ivory Coast,185,89,24,R. Sporting ,61,51,None,61,62,69,67,44,66,55,66,52,60,54,71,63,88,51,82,56,67,55,41,27,35,36,29,44,28,14,6,11,11,9,875
PS2020,France,182,73,25,Rodez AF ,67,63,None,60,63,67,67,51,60,64,69,57,66,62,76,80,74,63,73,64,66,57,42,48,45,32,40,52,49,15,15,6,7,13,875
PS2021,Colombia,178,71,35,América de Cali ,68,70,None,22,32,48,72,63,45,74,71,70,72,68,79,73,64,74,74,79,64,60,71,64,68,75,61,67,67,12,7,12,11,12,875
PS2022,Netherlands,172,63,30,FC Groningen ,65,60,None,64,65,76,66,59,68,59,67,53,66,63,66,73,66,76,58,69,72,61,65,48,62,66,63,50,32,8,15,14,8,14,875
PS2023,England,168,55,21,Peterborough ,65,65,None,62,63,62,61,59,57,63,62,61,64,58,76,73,34,81,76,80,53,54,63,55,56,57,41,43,39,15,12,13,6,11,875
PS2024,Germany,181,80,20,SC Freiburg ,69,65,None,58,63,56,64,58,64,68,52,50,71,66,69,69,68,63,67,68,54,42,52,39,49,51,35,40,39,12,11,14,9,11,875
PS2025,England,195,90,23,KV Oostende ,56,50,None,65,68,65,58,32,62,37,50,34,58,48,57,62,84,51,71,53,70,68,41,25,27,34,29,43,35,10,10,11,5,14,875
PS2026,Bolivia,176,71,19,Royal Pari ,69,67,None,40,46,40,74,62,52,69,71,66,73,67,74,65,54,72,73,76,71,45,58,57,52,62,60,66,51,12,8,10,7,16,875
PS2027,Germany,185,71,23,LASK ,58,49,None,65,67,66,59,33,65,42,52,49,59,57,52,68,77,59,63,46,74,68,67,32,58,62,65,50,39,8,10,14,13,14,875
PS2028,Lithuania,190,77,23,Cercle Brugge ,58,56,None,60,66,66,49,37,68,52,53,44,65,67,55,63,77,50,62,52,70,70,46,31,32,39,42,47,28,7,8,12,9,9,875
PS2029,Portugal,178,73,31,Whitecaps FC ,68,66,None,65,66,69,64,58,65,58,59,72,65,65,71,66,59,73,67,70,60,49,78,51,67,72,73,46,59,11,10,13,12,10,875
PS2030,Serbia,179,74,30,LASK ,66,65,None,67,71,72,68,56,66,63,64,51,66,61,68,72,64,70,69,64,71,61,63,47,48,46,45,46,46,9,15,14,14,12,875
PS2031,Poland,186,76,32,Radomiak Radom ,54,52,None,61,66,73,62,47,60,65,58,68,67,66,75,87,75,58,76,59,70,48,66,61,59,56,60,43,27,13,7,14,15,10,875
PS2032,Germany,185,77,24,Dynamo Dresden ,64,63,None,61,65,77,57,41,60,57,56,64,71,66,77,76,75,62,60,63,69,63,65,43,55,67,62,48,38,10,10,10,11,7,875
PS2033,Finland,188,76,29,Melbourne City ,67,57,None,66,65,77,59,50,65,57,63,49,67,65,62,71,75,61,75,63,62,68,74,51,56,45,58,64,36,16,8,15,15,12,875
PS2034,Wales,180,79,29,Port Vale ,63,65,None,39,42,79,63,65,41,55,65,55,58,45,78,77,82,72,80,75,87,64,65,67,59,59,49,69,58,15,11,6,8,12,875
PS2035,Croatia,199,92,29,CFR 1907 Cluj ,50,38,None,59,66,78,60,32,65,26,53,28,62,48,40,65,90,44,62,38,69,66,62,25,25,28,35,35,32,9,11,15,11,8,875
PS2036,Northern Ireland,175,66,32,Rotherham Utd ,64,63,None,62,63,61,61,58,59,63,57,69,61,60,68,78,64,77,74,79,68,59,55,57,54,70,61,55,57,9,7,6,7,9,875
PS2037,Serbia,198,92,30,KAA Gent ,59,52,None,16,26,71,62,74,23,61,66,31,58,43,43,60,92,31,46,38,53,80,70,69,58,36,35,70,61,10,8,13,6,12,875
PS2038,Bulgaria,186,77,33,Ümraniyespor ,63,61,None,62,64,68,65,63,66,62,64,65,65,60,69,78,73,54,73,66,69,64,64,42,47,57,54,51,53,13,9,12,14,8,875
PS2039,Turkey,185,77,30,Hatayspor ,65,61,None,60,67,68,67,63,66,63,69,59,66,65,60,72,73,66,55,64,66,70,70,59,63,61,57,77,54,10,7,5,10,7,875
PS2040,Argentina,185,78,25,Arsenal ,18,12,None,13,16,19,58,9,17,21,52,18,31,19,45,31,63,45,45,55,62,16,47,17,17,19,15,23,18,71,65,59,63,74,875
PS2041,Argentina,179,70,29,Argentinos Jrs. ,63,62,None,70,69,80,65,54,60,49,56,51,60,68,74,75,76,73,72,68,82,59,53,37,39,47,45,60,35,14,12,15,14,15,875
PS2042,Finland,188,77,29,Cosenza ,56,51,None,64,69,71,65,34,66,49,61,55,60,52,54,53,74,56,55,56,72,66,61,35,39,49,31,36,45,8,8,16,7,13,875
PS2043,Netherlands,174,60,20,Ajax ,72,72,None,60,63,51,64,58,59,70,71,60,70,68,69,47,40,74,68,73,59,50,58,56,54,55,54,54,48,8,10,13,14,6,875
PS2044,Austria,190,73,29,LASK ,50,40,None,66,69,72,65,28,70,29,63,29,49,44,48,76,75,52,44,33,54,70,41,28,23,31,27,38,27,6,10,13,6,6,875
PS2045,Argentina,180,74,22,Vélez Sarsfield ,51,55,None,73,67,76,60,35,64,39,55,29,59,45,74,78,71,67,71,65,81,64,47,29,23,39,27,48,31,13,6,7,6,11,875
PS2046,Denmark,188,79,23,IFK Göteborg ,61,55,None,62,64,65,65,40,67,40,60,40,63,58,68,72,79,68,72,63,82,62,40,32,33,40,30,40,32,5,15,14,6,5,875
PS2047,Belgium,187,91,23,Hibernian ,52,42,None,65,64,76,57,24,61,26,50,24,55,51,54,74,91,49,68,42,68,63,46,17,26,23,31,36,28,5,13,13,8,11,875
PS2048,Uruguay,184,81,26,Liverpool ,35,13,None,13,9,29,67,4,9,46,36,17,29,28,23,24,48,35,41,22,60,12,46,8,9,15,13,21,8,58,63,71,61,71,875
PS2049,Argentina,188,80,23,Rosenborg BK ,63,55,None,68,67,67,64,35,63,38,58,40,64,56,62,67,75,58,66,58,71,63,52,26,26,38,35,43,38,10,14,7,10,5,875
PS2050,Netherlands,191,75,25,FC Emmen ,66,62,None,60,62,62,62,61,64,56,63,42,67,68,67,86,74,49,61,67,66,59,68,48,62,45,41,52,42,6,9,11,9,13,875
PS2051,England,178,70,29,Luton Town ,61,64,None,68,69,58,63,48,66,53,55,62,63,58,67,70,69,70,67,69,81,71,40,44,22,42,37,35,29,6,13,10,10,10,875
PS2052,Germany,186,76,24,Hansa Rostock ,67,61,None,56,60,67,66,62,64,66,69,60,68,67,69,83,69,70,71,71,72,59,72,60,69,48,47,50,62,10,5,15,7,11,875
PS2053,Croatia,186,75,29,Raków ,62,56,None,68,68,74,57,43,66,46,62,57,63,63,70,77,77,72,68,56,80,56,58,32,35,41,37,36,42,9,15,10,12,10,875
PS2054,England,182,75,19,Blackpool ,67,67,None,65,64,63,61,59,61,68,64,51,72,69,71,70,53,64,58,72,60,59,56,45,41,59,42,52,43,6,14,9,12,11,875
PS2055,Senegal,186,78,24,FCSM ,69,69,None,60,65,69,61,39,67,61,67,45,67,66,60,64,77,67,61,67,73,65,75,51,70,54,62,42,38,14,13,13,13,12,875
PS2056,Cameroon,192,88,29,CFR 1907 Cluj ,40,44,None,69,70,70,64,28,61,38,61,39,59,46,47,63,90,34,39,34,73,68,54,25,30,32,32,41,36,6,7,11,8,12,875
PS2057,Ivory Coast,181,80,34,FC Sion ,72,69,None,12,18,73,65,69,18,67,70,62,70,63,70,62,76,70,72,74,69,70,73,68,72,73,69,68,73,15,15,9,10,16,875
PS2058,France,182,78,29,AJ Auxerre ,66,63,None,67,68,62,63,52,66,51,63,71,67,63,59,64,72,59,54,61,73,68,41,32,38,54,39,42,33,9,10,9,12,14,875
PS2059,Spain,189,79,26,SD Ponferradina ,17,6,None,11,12,15,61,8,11,33,40,14,16,17,25,31,55,35,26,38,43,13,51,8,9,11,12,18,7,65,66,67,68,67,875
PS2060,England,191,93,31,Rotherham Utd ,64,60,None,31,42,67,63,66,24,53,61,33,55,41,52,66,91,34,54,58,69,73,74,65,60,40,38,65,63,6,14,14,9,6,850
PS2061,Bolivia,177,72,27,Ind. Petrolero ,73,45,None,72,60,79,60,52,53,47,59,70,65,62,64,63,58,71,66,52,64,61,61,51,60,48,62,65,48,17,16,11,11,13,850
PS2062,Spain,188,82,30,Bengaluru FC ,68,65,None,47,48,36,62,68,58,69,65,60,70,67,55,73,74,37,62,68,87,76,64,64,59,67,60,70,63,7,7,10,9,9,850
PS2063,Madagascar,183,71,27,AJ Auxerre ,62,61,None,61,64,50,61,60,58,42,56,61,61,62,74,86,73,63,72,71,76,60,64,36,63,51,56,42,51,13,13,15,10,10,850
PS2064,Germany,193,93,24,Wehen Wiesbaden ,45,35,None,61,67,79,49,35,60,35,51,39,60,57,52,64,91,50,55,34,71,63,62,27,34,31,32,39,33,6,7,7,5,9,850
PS2065,South Africa,175,70,22,IK Sirius ,68,69,None,28,28,44,56,59,28,62,66,59,59,51,82,73,57,86,81,88,70,32,59,60,53,60,54,51,56,10,10,15,10,10,850
PS2066,Spain,181,76,32,UD Ibiza ,60,63,None,26,33,60,64,73,39,67,65,67,61,66,69,84,89,35,73,60,78,64,70,67,66,70,73,74,65,13,15,11,12,10,850
PS2067,England,186,80,27,Wycombe ,61,62,None,61,63,70,60,58,61,55,59,62,59,57,68,83,76,68,74,67,75,59,60,53,51,56,63,51,41,8,9,13,11,10,850
PS2068,Spain,184,74,30,Burgos CF ,65,51,None,67,69,54,69,57,69,61,55,30,63,60,52,66,77,63,53,50,60,65,49,53,51,26,39,33,31,9,11,6,7,9,850
PS2069,Sweden,188,80,25,IF Elfsborg ,57,43,None,63,65,68,62,34,66,39,63,58,67,64,64,50,76,61,64,45,82,67,46,32,50,34,28,37,44,11,11,12,8,10,850
PS2070,Mauritania,174,68,30,Pau FC ,65,64,None,19,20,39,62,64,20,66,59,47,54,36,71,76,80,80,75,68,68,65,72,62,64,49,52,68,62,10,13,5,8,9,850
PS2071,Croatia,194,86,23,KV Oostende ,61,53,None,22,18,55,65,66,23,43,48,22,58,46,67,63,82,42,64,53,66,76,62,68,59,36,35,58,42,10,7,9,7,11,850
PS2072,Germany,172,68,22,SC Freiburg II ,65,67,None,62,60,59,60,60,61,62,53,64,65,62,78,67,50,89,65,83,60,40,38,39,36,50,42,40,33,8,7,7,8,9,850
PS2073,Italy,177,70,20,Inter ,62,70,None,62,62,60,61,63,59,66,67,68,69,67,79,55,58,80,79,79,75,55,58,59,57,69,61,62,54,9,12,5,7,13,850
PS2074,Bolivia,181,76,23,Ind. Petrolero ,67,65,None,30,55,40,64,66,45,55,68,55,64,55,66,72,65,60,66,68,50,55,67,68,69,78,72,75,68,7,12,10,13,9,850
PS2075,Serbia,187,81,30,Zagłębie Lubin ,66,64,None,56,64,67,67,64,67,64,68,64,67,65,60,77,71,60,54,62,70,64,68,61,66,63,65,52,63,11,15,14,15,13,850
PS2076,Senegal,189,76,21,Havre AC ,57,49,None,65,68,65,63,30,64,50,62,44,59,50,52,65,75,57,62,53,74,69,47,25,30,39,31,39,28,10,13,13,8,10,850
PS2077,Poland,168,62,32,Stal Mielec ,63,64,None,44,51,65,66,70,49,67,65,65,68,62,72,90,60,83,69,81,55,68,68,65,70,63,62,66,52,10,14,6,12,10,850
PS2078,Australia,185,82,24,Viking FK ,62,56,None,65,65,69,58,43,61,55,60,37,64,61,54,84,80,50,55,51,82,67,51,37,44,31,33,42,26,6,13,7,6,7,850
PS2079,Australia,175,68,29,Western United ,60,64,None,58,60,50,54,65,57,68,53,63,59,45,83,86,65,83,87,84,89,47,64,58,65,64,58,58,45,14,9,14,14,13,850
PS2080,Ghana,165,69,22,FC Zürich ,65,73,None,28,36,40,52,59,42,58,56,52,62,52,85,69,42,86,83,84,71,33,61,56,56,42,33,49,44,12,13,12,10,10,850
PS2081,Germany,183,82,30,Saarbrücken ,68,66,None,22,21,53,63,68,24,67,66,40,63,49,70,70,71,70,74,70,71,66,64,66,58,54,37,64,60,7,14,10,13,15,850
PS2082,Brazil,187,77,23,Cuiabá ,71,73,None,11,26,38,56,57,13,57,62,64,60,59,78,48,48,76,70,82,77,63,68,51,57,38,60,51,54,9,16,7,12,9,850
PS2083,Bolivia,168,68,23,Guabirá ,60,71,None,50,40,33,55,57,50,50,45,68,61,50,81,70,68,70,74,70,70,65,65,70,55,55,48,65,55,15,9,7,5,7,850
PS2084,Nigeria,180,75,22,Estoril Praia ,64,69,None,33,29,31,58,60,26,54,59,60,58,46,86,70,62,65,82,78,67,56,69,63,46,54,47,62,55,11,14,13,6,14,850
PS2085,North Macedonia,195,89,30,Jahn Regensburg ,20,17,None,11,19,24,64,10,18,28,60,16,30,18,34,34,60,35,42,34,60,17,45,12,14,17,15,21,19,66,70,64,60,70,850
PS2086,Ukraine,182,73,23,Shakhtar Donetsk ,64,68,None,58,64,59,64,64,63,65,65,44,70,62,67,65,60,51,63,55,53,62,74,64,64,40,58,65,50,8,13,14,11,14,850
PS2087,Senegal,185,85,30,F.C. København ,65,65,None,18,20,68,55,66,20,46,64,48,60,44,59,55,82,60,61,54,72,68,70,67,59,60,58,70,68,8,12,6,10,14,850
PS2088,Colombia,174,80,31,Sarmiento ,57,47,None,60,64,73,62,33,65,54,60,59,69,71,62,89,75,69,54,60,76,62,49,29,31,34,35,36,31,11,15,14,13,10,850
PS2089,Slovakia,180,70,22,KVC Westerlo ,68,65,None,31,42,29,59,49,31,68,51,68,74,67,70,49,52,62,62,58,65,37,71,51,73,73,69,56,64,12,12,7,10,12,850
PS2090,Netherlands,189,76,22,FC Utrecht ,62,52,None,71,68,58,57,34,65,47,60,46,65,63,69,53,71,59,68,65,73,64,47,29,28,31,34,42,32,6,12,13,12,13,850
PS2091,Argentina,169,71,32,Barracas Central ,66,53,None,68,70,70,68,64,65,61,68,59,72,62,69,71,60,84,69,63,69,51,73,52,70,57,56,48,59,14,8,12,8,6,850
PS2092,Belgium,191,75,21,Empoli ,62,60,None,70,72,54,55,30,64,31,54,51,62,62,62,62,65,54,68,62,68,70,52,29,44,51,34,49,41,10,12,8,11,8,850
PS2093,Tunisia,178,63,26,sc Heerenveen ,65,63,None,61,62,71,58,55,59,58,55,66,64,65,77,76,56,71,78,76,57,36,47,41,58,65,52,38,31,14,11,11,8,7,850
PS2094,Italy,188,79,25,Brescia ,64,60,None,66,67,64,62,47,62,55,54,54,64,63,70,67,74,61,74,67,71,66,64,45,52,45,47,47,47,9,13,14,7,13,850
PS2095,Germany,193,86,21,Viktoria Köln ,54,45,None,65,67,63,57,35,61,40,47,30,64,60,68,60,88,49,69,51,64,67,52,23,35,30,29,35,32,9,11,11,8,11,850
PS2096,Italy,185,80,31,Benevento ,68,67,None,26,38,63,65,64,13,48,67,55,61,53,73,78,71,72,79,82,87,59,64,69,57,57,52,60,59,6,6,11,10,14,850
PS2097,Norway,185,75,24,FK Bodø/Glimt ,54,45,None,64,66,59,65,36,66,44,62,32,64,60,59,59,76,58,65,50,84,61,39,21,36,52,57,41,25,15,12,13,13,13,850
PS2098,Denmark,198,85,21,AGF ,61,58,None,62,65,65,61,28,64,45,68,30,64,60,71,68,81,65,69,45,79,67,30,24,24,26,29,30,26,13,13,5,14,8,850
PS2099,Switzerland,180,75,27,BSC Young Boys ,64,66,None,57,59,59,59,62,58,61,60,60,60,57,77,78,68,64,80,71,74,54,59,56,57,57,45,37,44,13,14,10,9,7,850
PS2100,Sweden,180,80,23,Hansa Rostock ,64,68,None,16,37,81,65,65,37,61,62,59,61,43,74,77,77,82,68,76,81,46,77,66,70,35,46,73,62,14,5,11,15,14,850
PS2101,Serbia,187,72,21,FC Volendam ,12,9,None,11,11,24,56,6,11,21,30,11,15,25,18,24,48,37,18,32,43,10,49,6,8,11,11,19,6,65,68,66,65,69,850
PS2102,Brazil,190,84,25,Casa Pia AC ,39,34,None,72,73,60,55,40,66,33,46,35,61,55,60,68,70,48,63,50,70,66,46,32,40,27,28,45,36,11,8,13,13,12,850
PS2103,South Africa,182,80,30,Mamelodi Sundowns ,60,57,None,66,69,57,66,40,66,48,50,55,53,65,65,76,78,66,69,63,80,70,45,36,32,42,35,35,36,12,14,13,12,6,850
PS2104,Paraguay,172,74,27,Atlético Tucumán ,62,50,None,65,68,53,60,57,60,40,61,64,59,47,80,65,59,55,77,67,71,55,23,29,26,39,35,46,22,10,6,6,14,7,850
PS2105,United States,180,79,30,New England ,65,65,None,18,20,58,61,59,36,38,59,62,62,59,75,58,73,73,75,74,81,65,73,66,64,67,62,69,71,16,12,8,15,12,850
PS2106,Sweden,185,82,29,Viking FK ,68,66,None,33,41,63,58,66,32,62,62,59,61,57,80,75,76,70,77,71,57,55,64,66,62,57,42,55,58,14,7,12,12,11,850
PS2107,Ecuador,166,62,27,Mushuc Runa ,61,73,None,55,58,51,64,57,69,65,73,66,68,58,78,69,31,89,75,87,70,38,67,46,62,70,72,55,61,7,8,11,9,9,850
PS2108,Greece,186,81,30,Pogoń Szczecin ,54,41,None,65,66,87,60,24,66,35,56,55,55,60,60,72,83,57,63,49,80,69,53,19,24,30,25,39,28,14,9,10,12,7,850
PS2109,Germany,190,87,21,Holstein Kiel ,19,14,None,14,11,28,54,5,13,44,35,14,42,38,29,36,65,25,28,44,55,10,50,7,6,11,11,18,9,65,70,62,66,72,850
PS2110,Germany,184,67,26,SV Sandhausen ,64,64,None,59,61,56,56,49,54,56,52,63,60,60,90,81,51,66,88,73,76,50,43,29,27,43,30,28,26,12,5,7,14,9,850
PS2111,Colombia,183,72,24,Deportivo Cali ,54,50,None,61,68,66,69,46,66,36,62,55,58,50,75,72,78,62,75,70,74,63,44,25,28,33,26,42,22,5,14,5,5,15,850
PS2112,Spain,170,69,32,CD Lugo ,63,63,None,35,42,74,63,64,52,52,64,58,66,55,82,86,75,87,80,75,75,68,71,65,65,62,68,73,68,14,10,14,8,9,850
PS2113,England,175,63,22,Málaga CF ,68,72,None,26,29,35,51,59,19,61,63,59,54,42,92,46,40,79,91,91,60,44,61,64,58,45,41,67,50,14,9,10,8,11,850
PS2114,England,181,70,29,Fleetwood Town ,66,64,None,61,64,90,64,63,61,66,67,59,66,65,65,92,74,62,59,63,74,53,60,58,61,58,56,49,56,12,14,9,9,15,850
PS2115,Senegal,180,75,21,Reading ,55,51,None,69,67,74,60,31,66,34,50,45,53,54,75,65,66,67,80,53,76,64,42,26,29,30,34,44,26,6,11,9,5,12,850
PS2116,Bolivia,175,75,30,O. Petrolero ,66,67,None,60,65,55,60,61,60,57,66,60,74,64,72,65,59,70,73,80,52,45,67,60,55,58,61,70,55,7,9,9,6,8,850
PS2117,Argentina,180,74,26,Aldosivi ,66,61,None,59,60,70,58,57,64,63,63,53,70,72,54,70,62,67,53,56,67,59,58,49,48,55,43,53,40,13,9,8,12,13,850
PS2118,Ghana,182,75,22,Cercle Brugge ,67,66,None,45,45,62,57,65,45,61,64,52,66,59,74,66,67,70,75,74,68,52,62,67,63,52,54,48,54,13,10,12,5,5,850
PS2119,Chile,183,72,21,Uni. Católica ,57,37,None,65,69,64,63,28,65,27,49,38,64,56,62,61,70,57,62,49,66,60,32,19,16,36,25,34,26,9,5,6,10,9,850
PS2120,Czech Republic,182,75,30,Slavia Praha ,68,65,None,56,60,51,67,58,64,65,63,53,74,66,63,72,66,70,68,65,52,58,60,62,60,57,58,54,51,8,6,5,13,14,850
PS2121,Sweden,188,80,25,IK Sirius ,60,42,None,63,68,59,58,22,62,31,47,38,64,41,51,70,83,60,62,33,72,67,46,24,28,31,30,37,35,16,11,15,6,15,850
PS2122,Germany,170,68,30,Viktoria Köln ,65,69,None,57,60,53,62,57,54,58,51,60,60,48,86,82,51,87,81,90,72,48,61,62,57,63,48,48,48,11,13,11,8,13,850
PS2123,Portugal,186,80,20,Vitória SC ,65,66,None,62,64,51,62,48,63,60,52,66,62,57,69,68,72,57,68,59,56,53,51,33,45,63,40,45,40,15,13,10,14,7,850
PS2124,France,191,87,29,FC Metz ,24,11,None,9,15,25,62,7,15,14,53,13,32,27,48,33,75,45,39,34,54,13,50,9,13,15,7,18,8,69,68,67,66,69,850
PS2125,Peru,169,68,29,Charlotte FC ,68,67,None,19,33,65,65,62,29,61,61,52,58,61,83,65,61,79,84,85,63,55,71,64,66,65,66,62,63,8,12,14,9,11,850
PS2126,France,192,78,23,Angers SCO ,68,67,None,19,22,42,54,67,19,52,53,40,51,38,63,52,72,46,69,51,61,67,60,71,62,42,41,70,44,14,6,7,9,15,850
PS2127,Morocco,185,71,22,Trabzonspor ,67,71,None,26,27,39,57,57,29,58,61,66,61,61,77,60,68,61,74,80,53,48,69,60,62,70,64,66,57,12,13,6,9,11,850
PS2128,Germany,190,89,23,Braunschweig ,64,61,None,21,25,63,59,63,30,54,52,52,57,34,73,65,79,49,88,46,74,64,68,63,54,40,34,60,57,12,12,10,9,14,850
PS2129,England,175,66,23,Lincoln City ,62,66,None,27,33,45,59,62,32,58,61,57,57,49,91,81,55,82,85,83,60,51,59,59,59,48,45,68,44,11,14,5,9,13,850
PS2130,Spain,177,72,22,RKC Waalwijk ,68,63,None,15,13,44,65,69,17,54,62,51,53,53,74,60,57,78,64,71,61,64,65,67,59,47,40,57,50,7,7,13,11,5,850
PS2131,Chile,175,74,27,Unión Española ,63,64,None,63,64,71,54,64,52,56,54,71,58,54,80,82,62,71,82,81,71,48,58,47,53,50,30,35,43,15,12,12,12,14,850
PS2132,Romania,182,81,32,UTA Arad ,66,58,None,60,67,72,67,62,66,62,67,57,66,70,65,75,74,64,64,62,70,61,77,54,73,70,66,55,48,11,8,14,9,8,850
PS2133,Spain,179,67,26,FC Andorra ,60,58,None,63,64,63,60,58,58,58,47,66,66,62,69,80,59,73,71,73,65,60,64,40,59,70,68,45,34,14,9,9,6,12,850
PS2134,Saudi Arabia,179,70,30,Al Taawoun ,61,60,None,64,67,61,63,60,64,57,49,64,64,58,74,78,81,60,76,72,86,64,58,28,53,51,55,40,29,15,15,11,7,10,850
PS2135,England,185,77,22,Huddersfield ,65,67,None,59,62,57,61,68,58,69,61,52,65,63,71,78,63,63,73,70,73,64,62,63,64,56,57,53,50,11,8,8,13,10,850
PS2136,Netherlands,177,75,24,Fortuna Sittard ,66,70,None,22,23,30,64,56,15,60,58,59,58,50,81,66,56,69,75,75,74,53,62,58,59,51,40,60,48,11,10,12,6,12,850
PS2137,Mozambique,174,66,22,Marítimo ,67,72,None,34,36,34,56,66,34,54,49,64,58,43,83,44,41,78,84,71,48,48,74,56,48,52,42,51,48,9,10,7,10,8,850
PS2138,Finland,180,74,32,HJK Helsinki ,65,63,None,40,41,45,67,68,38,48,57,57,55,48,82,66,58,72,80,79,85,60,66,69,59,57,49,63,64,11,14,12,14,16,850
PS2139,Ghana,168,68,29,New England ,63,64,None,38,49,53,59,60,38,64,58,55,65,56,90,55,71,90,90,91,62,30,68,62,57,58,44,46,57,12,10,12,11,14,850
PS2140,Netherlands,185,82,24,Go Ahead Eagles ,60,54,None,68,69,65,65,44,66,48,58,47,57,50,71,70,80,64,67,68,62,61,46,29,32,38,31,31,29,7,7,15,7,7,850
PS2141,United States,188,85,32,Columbus Crew ,70,64,None,23,27,65,65,70,29,56,72,29,64,53,59,66,74,68,63,66,73,66,72,68,67,46,50,68,62,12,11,9,14,6,850
PS2142,Albania,185,80,33,Al Khaleej ,67,64,None,23,32,47,64,69,30,55,50,57,62,55,62,70,80,36,57,36,53,72,71,66,69,56,47,58,65,9,11,7,7,9,850
PS2143,Portugal,190,81,25,GD Chaves ,46,38,None,64,66,68,64,27,65,42,56,42,58,54,34,63,85,51,34,48,67,64,48,28,32,44,28,46,35,8,6,6,7,6,850
PS2144,Venezuela,179,71,26,Caracas F.C. ,69,56,None,62,66,64,60,52,62,58,47,68,56,42,80,55,49,70,80,65,61,46,65,41,56,52,41,42,34,14,12,10,5,14,850
PS2145,Italy,174,77,31,Pisa ,68,67,,33,36,35,64,65,24,68,66,50,68,65,65,60,59,75,62,62,34,60,78,57,72,42,59,55,53,11,8,13,15,14,825
PS2146,South Africa,168,63,25,Kaizer Chiefs ,64,73,,44,34,45,56,62,40,66,58,58,66,61,76,70,55,80,72,70,60,53,45,58,53,51,40,42,55,15,8,11,8,12,825
PS2147,England,178,71,20,Blackburn Rovers ,69,65,,61,64,70,64,60,58,69,71,66,72,67,67,68,52,70,63,61,61,57,55,40,48,67,71,57,41,13,12,13,5,12,825
PS2148,Brazil,180,80,23,Portimonense SC ,63,62,None,66,67,66,60,62,60,63,60,57,70,68,67,70,74,63,65,60,71,62,75,61,71,53,69,72,59,7,13,13,5,12,825
PS2149,Argentina,175,77,26,Defensa ,58,30,None,64,68,68,58,35,65,22,56,26,54,38,69,67,79,53,65,61,71,67,50,29,38,29,31,40,25,13,14,6,9,14,825
PS2150,Poland,174,65,32,Lechia Gdańsk ,67,66,None,57,63,54,61,66,67,67,66,64,67,66,72,81,70,78,67,73,85,60,72,66,66,64,66,62,57,7,7,6,13,7,825
PS2151,Brazil,178,74,31,Fluminense ,71,63,None,35,33,44,52,64,23,78,62,74,73,72,42,49,66,70,45,58,66,49,49,54,73,63,68,44,49,8,10,9,12,12,825
PS2152,Finland,177,78,25,Dundee United ,67,66,None,31,35,45,57,60,40,58,58,66,64,51,77,67,64,81,75,77,63,41,66,58,64,67,65,49,53,10,15,12,15,13,825
PS2153,Austria,179,77,21,SK Rapid Wien ,65,62,None,27,26,74,54,63,22,56,56,51,59,47,73,75,75,76,71,76,62,61,65,70,64,61,44,64,53,14,12,9,11,12,825
PS2154,Spain,186,82,32,Albacete BP ,67,69,None,63,64,64,64,66,63,68,64,62,69,64,68,75,81,68,71,74,74,65,70,66,63,63,50,69,59,7,10,8,15,7,825
PS2155,Germany,180,75,25,SpVgg Bayreuth ,61,66,None,13,21,58,65,61,23,49,54,54,62,53,91,67,63,77,85,81,81,56,59,57,56,39,54,49,53,7,11,10,8,7,825
PS2156,Greece,186,81,24,Panathinaikos ,68,66,None,18,15,57,64,65,29,58,65,59,62,56,73,64,70,65,75,66,70,63,64,67,58,61,43,62,57,10,10,8,7,12,825
PS2157,Belgium,187,75,31,OH Leuven ,62,59,None,66,70,69,62,38,65,39,60,56,57,52,69,68,73,60,78,74,77,64,56,33,45,39,32,41,32,8,7,14,11,9,825
PS2158,England,185,70,25,Burton Albion ,63,64,None,28,31,43,62,63,21,62,67,64,60,52,79,70,59,82,77,81,34,40,64,61,63,64,62,57,50,12,12,10,15,6,825
PS2159,Peru,182,76,31,Ayacucho ,65,72,None,29,22,60,62,70,25,70,57,60,64,55,73,63,62,51,59,58,57,58,58,60,60,61,59,53,63,12,19,11,11,12,825
PS2160,France,190,85,25,Quevilly Rouen ,65,62,None,24,26,55,66,64,25,41,64,31,58,37,50,67,85,40,63,54,73,71,66,65,67,56,51,63,59,12,14,13,12,11,825
PS2161,United States,178,61,28,Real Salt Lake ,64,67,None,64,64,55,60,66,63,46,55,64,59,58,72,62,65,66,74,69,67,54,47,33,41,51,25,48,33,11,15,7,13,10,825
PS2162,Brazil,175,68,23,Arouca ,65,69,None,57,55,40,62,66,58,68,62,54,68,64,64,63,57,77,66,70,65,56,73,64,69,63,54,56,60,8,6,13,11,5,825
PS2163,Romania,176,68,25,FC Rapid 1923 ,65,64,None,30,35,45,61,64,30,67,67,67,65,65,73,63,55,77,71,75,70,55,76,62,66,73,68,65,57,15,8,14,10,12,825
PS2164,Cyprus,185,86,27,KV Oostende ,59,45,None,67,65,76,60,28,63,34,49,48,53,64,64,68,84,60,67,56,73,64,57,24,55,33,35,39,24,13,14,6,5,13,825
PS2165,France,190,72,27,Stade Lavallois ,49,27,None,67,65,65,56,28,67,25,47,29,61,64,68,80,76,53,69,63,75,63,75,18,51,36,73,32,20,6,9,12,12,8,825
PS2166,Gabon,184,85,31,Sivasspor ,49,51,None,67,69,68,57,45,69,55,56,49,59,58,49,74,80,52,54,60,63,69,55,44,35,45,39,48,44,8,6,11,10,8,825
PS2167,United States,185,72,24,Brøndby IF ,67,64,None,55,65,68,67,61,62,61,63,55,70,67,66,71,62,65,70,64,58,55,52,48,48,55,41,40,46,12,5,13,11,5,825
PS2168,Korea DPR,183,75,33,Suwon Samsung ,67,61,None,15,24,48,62,69,16,46,64,44,58,45,68,72,74,61,64,65,71,73,70,71,59,54,51,67,61,15,6,11,7,12,825
PS2169,South Africa,182,74,25,Kaizer Chiefs ,70,66,None,56,45,52,71,53,46,61,62,61,65,69,76,66,72,60,75,72,73,52,54,57,53,62,52,62,59,14,10,6,11,6,825
PS2170,United States,185,82,32,D.C. United ,58,46,None,62,64,77,68,28,64,35,71,33,59,54,33,90,85,55,34,34,88,71,41,30,25,30,26,35,29,6,9,15,13,15,825
PS2171,Austria,183,75,24,SC Austria ,65,67,None,11,13,31,64,66,10,47,51,32,59,38,68,76,73,63,67,71,72,66,62,66,62,33,52,66,44,14,9,5,14,13,825
PS2172,England,180,76,25,Barnsley ,64,63,None,57,58,53,65,64,58,66,63,54,66,65,73,72,61,68,72,72,56,52,64,61,65,61,65,61,46,11,10,13,10,10,825
PS2173,Portugal,188,82,24,FC Famalicão ,71,69,None,64,62,77,70,65,60,61,71,52,68,63,75,68,77,74,70,68,57,47,74,49,55,41,42,48,48,14,5,10,7,12,825
PS2174,Norway,194,85,26,Sparta Rotterdam ,63,59,None,36,41,57,59,68,39,58,60,44,56,46,64,73,81,52,67,56,84,66,66,65,59,52,38,62,56,13,6,11,7,12,825
PS2175,Germany,175,72,31,VfB Oldenburg ,68,66,None,57,58,62,63,60,62,69,67,68,68,68,64,70,57,79,55,75,31,49,73,57,69,72,68,57,56,16,13,6,7,10,825
PS2176,Sweden,176,77,26,IFK Norrköping ,67,66,None,55,59,54,61,61,59,65,68,57,68,64,68,82,62,75,66,79,81,50,62,56,58,62,59,54,58,10,16,12,15,9,825
PS2177,United States,185,79,33,New England ,60,62,None,17,34,72,64,68,32,64,65,46,61,50,64,51,85,53,63,59,69,71,76,68,66,68,69,70,61,12,16,9,14,12,825
PS2178,Argentina,168,67,34,Independiente ,64,65,None,68,65,80,69,57,63,47,58,65,66,62,78,81,58,84,74,83,87,58,69,44,53,54,47,48,46,10,14,16,11,14,825
PS2179,Germany,173,64,25,Jahn Regensburg ,65,66,None,20,23,46,55,60,27,55,57,57,59,47,86,71,49,85,88,87,58,35,62,61,54,62,37,50,60,12,12,14,10,6,825
PS2180,China PR,180,69,32,Beijing Guoan ,74,67,None,39,49,59,69,66,50,70,66,62,70,67,75,76,57,71,75,76,52,58,66,61,63,70,72,72,57,14,14,9,15,15,825
PS2181,Korea Republic,172,68,31,Jeonbuk Hyundai ,56,71,None,36,35,45,60,73,37,58,54,56,56,54,90,61,56,85,91,88,71,54,60,62,58,60,53,56,62,9,8,14,7,11,825
PS2182,England,178,73,25,Fleetwood Town ,66,64,None,63,68,67,64,62,62,65,59,56,67,66,68,70,66,69,68,77,76,56,61,55,59,59,61,50,50,7,9,12,10,12,825
PS2183,England,180,70,24,Exeter City ,62,63,None,17,13,52,61,62,15,49,59,53,55,48,89,74,72,62,90,72,75,59,61,66,56,46,37,63,52,13,8,11,9,11,825
PS2184,France,187,82,20,FC Basel 1893 ,76,72,None,61,62,73,54,59,58,58,60,51,73,73,68,66,67,65,66,62,69,60,71,46,70,68,51,49,41,9,10,15,13,10,825
PS2185,France,170,65,24,Stade Lavallois ,70,70,None,67,67,65,64,60,55,63,66,62,69,66,72,71,45,82,69,70,45,54,63,55,48,60,55,57,56,10,6,6,6,10,825
PS2186,Sweden,184,77,22,FC Nordsjælland ,70,66,None,18,16,48,60,66,21,64,62,64,68,63,63,65,66,64,68,62,72,55,64,67,64,58,60,64,55,12,6,10,6,8,825
PS2187,England,170,70,24,Sutton United ,62,65,None,33,36,42,56,57,37,56,62,59,57,44,91,79,69,89,91,93,33,45,57,57,56,49,52,55,44,6,8,10,10,11,825
PS2188,Bolivia,168,62,31,Always Ready ,64,69,None,26,35,30,68,67,40,67,70,64,62,50,86,70,59,87,85,83,64,45,50,58,46,68,40,68,70,8,12,16,9,9,825
PS2189,Cameroon,185,74,27,Hannover 96 ,61,60,None,60,65,71,61,60,63,66,54,55,66,65,70,78,75,67,71,69,72,55,64,38,39,39,41,49,47,8,6,9,9,13,825
PS2190,Paraguay,175,72,24,Lanús ,62,67,None,28,30,32,63,60,19,63,64,66,65,59,71,62,59,62,71,58,43,37,53,59,32,45,39,50,38,10,5,10,11,6,825
PS2191,Turkey,192,80,26,Başakşehir ,21,10,None,10,13,19,60,9,12,32,39,11,35,30,34,22,58,32,36,42,58,13,46,9,6,12,12,19,8,66,67,64,61,70,825
PS2192,England,175,75,29,Peterborough ,60,59,None,61,62,67,59,49,61,54,56,63,59,51,73,85,67,71,73,80,90,50,49,42,47,60,54,35,35,6,10,15,13,15,825
PS2193,Canada,172,76,33,St. Johnstone ,71,72,None,62,63,63,57,66,50,73,73,70,67,65,67,72,64,64,65,78,66,58,64,63,67,70,68,54,56,16,9,12,9,7,800
PS2194,England,185,77,28,Shrewsbury ,54,49,None,64,65,66,56,31,66,42,54,58,63,53,63,68,78,58,67,50,85,67,44,30,26,51,34,48,36,12,12,12,7,11,800
PS2195,Israel,193,78,33,Feyenoord ,20,19,None,11,11,38,69,19,16,34,48,12,27,28,40,33,76,40,44,62,63,13,46,12,13,17,17,25,12,68,72,66,61,71,800
PS2196,Germany,188,80,28,1. FC Magdeburg ,42,44,None,65,70,60,64,38,67,40,55,33,63,51,67,53,73,63,65,67,70,66,55,40,33,35,23,36,39,8,11,14,8,8,800
PS2197,Netherlands,182,67,33,SC Cambuur ,67,66,None,64,67,67,70,57,67,70,63,45,66,66,57,80,69,70,64,64,74,64,67,60,62,67,65,56,58,12,16,11,13,16,800
PS2198,Germany,187,70,21,SV Werder Bremen ,65,64,None,19,22,36,62,64,24,60,65,52,62,51,78,61,55,69,88,69,60,64,65,66,63,64,57,66,61,9,7,15,10,5,800
PS2199,Netherlands,173,58,21,Excelsior ,66,72,None,59,57,65,57,52,57,67,66,58,70,65,78,55,39,79,74,85,58,49,58,50,42,60,50,52,53,9,13,6,13,8,800
PS2200,Portugal,179,75,20,Sporting CP ,59,56,None,65,67,58,61,51,67,36,55,59,60,59,76,62,56,65,74,59,57,46,26,34,31,39,37,44,29,6,6,5,14,6,800
PS2201,Costa Rica,178,77,26,Portland Timbers ,66,68,None,22,46,50,54,65,44,60,66,60,62,58,77,56,63,71,80,77,37,43,67,62,66,60,71,56,54,8,13,10,6,13,800
PS2202,Romania,184,79,27,AFC Chindia ,15,10,None,14,14,22,66,6,7,53,21,13,26,29,36,32,73,39,33,45,61,14,47,7,9,14,10,18,7,65,68,62,62,72,800
PS2203,England,176,73,34,Huddersfield ,67,64,None,65,72,84,66,54,69,54,69,56,68,63,58,76,72,72,51,64,82,64,64,51,50,46,41,41,47,14,6,8,13,11,800
PS2204,Belgium,188,74,27,RKC Waalwijk ,62,53,None,65,65,59,64,29,66,44,61,69,63,66,58,63,72,59,62,54,72,66,73,46,57,68,67,70,55,7,10,11,13,7,800
PS2205,Morocco,188,82,35,Mumbai City FC ,66,58,None,63,61,81,60,55,63,72,68,72,72,74,34,86,83,47,40,56,72,69,72,45,62,69,58,53,51,6,13,8,13,13,800
PS2206,Germany,175,75,20,Fürth  ,75,72,None,11,18,49,61,65,24,57,59,47,58,46,80,67,59,80,79,81,59,49,61,67,58,48,33,60,59,11,13,10,7,15,800
PS2207,Ghana,182,73,26,Ferencvárosi TC ,72,62,None,22,24,35,62,71,16,50,59,55,59,54,75,66,67,57,80,67,46,44,59,74,55,69,34,51,45,12,13,7,9,6,800
PS2208,Netherlands,177,70,21,FC Twente ,67,69,None,30,37,50,55,62,19,61,59,62,64,59,78,49,48,81,75,72,56,51,62,60,52,58,44,62,54,14,9,6,10,8,800
PS2209,Romania,185,75,32,Univ. Craiova ,14,15,None,15,21,34,63,18,19,66,69,12,24,23,55,35,61,62,52,69,72,12,51,13,12,14,12,16,17,68,67,67,68,70,800
PS2210,Cameroon,185,75,29,Albacete BP ,58,45,None,65,64,63,59,33,64,37,59,35,60,58,67,70,81,65,69,70,86,59,48,29,35,54,33,43,35,10,6,12,7,9,800
PS2211,France,193,85,27,Stade de Reims ,28,13,None,16,19,19,59,12,17,24,51,15,22,23,47,23,75,41,45,39,59,20,50,17,17,15,18,27,20,67,68,63,66,70,800
PS2212,Bolivia,165,65,26,Guabirá ,58,62,None,23,22,26,60,67,16,65,49,60,65,61,75,65,69,62,80,70,71,65,59,63,55,35,49,63,60,14,13,7,7,12,800
PS2213,Bolivia,183,86,36,Cerro Porteño ,69,67,None,23,24,71,61,69,24,65,65,58,69,55,49,66,82,54,52,71,75,75,80,78,70,57,69,76,70,12,8,8,9,15,800
PS2214,Scotland,182,77,27,St. Johnstone ,53,42,None,68,68,74,59,31,64,29,53,31,54,52,52,78,76,63,54,49,85,66,35,26,26,30,25,21,26,11,9,11,7,10,800
PS2215,Portugal,200,72,26,Radomiak Radom ,66,65,None,16,11,26,61,65,16,41,62,53,56,40,54,53,87,31,60,50,64,68,66,67,63,38,46,68,55,5,8,7,6,9,800
PS2216,Ecuador,191,87,27,9 de Octubre FC ,51,44,None,74,72,49,67,31,55,44,60,57,62,61,56,59,90,61,59,45,62,76,53,52,44,51,55,62,49,9,9,15,7,11,800
PS2217,Slovenia,193,84,33,Apoel FC ,21,13,None,11,10,25,66,11,21,23,70,11,24,28,53,20,59,31,43,55,73,13,49,10,16,12,13,23,10,69,70,69,65,71,800
PS2218,Uruguay,193,85,31,Wanderers ,17,8,None,14,15,26,66,5,15,33,22,18,28,26,21,26,63,30,27,39,28,13,53,6,10,11,16,14,11,63,70,68,71,67,800
PS2219,Brazil,193,79,31,Al Tai ,19,18,None,18,13,23,60,14,20,31,32,13,22,18,47,33,75,45,45,30,59,11,52,12,13,17,19,23,18,65,68,66,69,70,800
PS2220,Poland,175,69,22,UD Ibiza ,66,67,None,44,42,51,57,57,25,65,60,59,68,64,72,62,60,72,70,73,50,39,67,61,66,60,66,59,47,13,12,11,9,7,800
PS2221,Spain,172,71,21,CD Mirandés ,65,68,None,32,34,31,50,60,27,56,56,62,58,52,81,75,43,82,83,86,46,37,59,64,52,53,44,58,52,9,15,10,11,13,800
PS2222,Belgium,185,77,26,FCU 1948 ,64,64,None,50,56,65,59,60,49,62,60,60,64,62,73,75,67,72,73,72,65,40,70,64,67,58,60,61,39,12,7,10,7,14,800
PS2223,Korea Republic,185,78,29,Jeju United ,55,40,None,65,67,61,56,32,64,40,50,42,62,61,68,77,78,76,64,60,82,68,37,27,32,28,28,42,28,8,13,13,14,6,800
PS2224,Nigeria,173,63,21,Viborg FF ,66,68,None,26,28,39,60,62,20,60,57,55,60,48,82,61,42,86,84,88,75,30,56,59,48,56,38,40,49,6,14,13,14,15,800
PS2225,Mexico,173,68,21,LA Galaxy ,68,70,None,20,31,37,57,59,20,67,61,60,67,58,69,59,37,79,65,83,53,32,64,61,63,75,58,48,56,5,14,8,7,11,800
PS2226,France,182,72,29,Grenoble Foot 38 ,61,60,,64,65,62,60,54,62,52,58,61,65,59,68,77,73,68,70,68,65,55,61,34,48,53,43,53,47,8,15,12,7,16,775
PS2227,Scotland,188,80,27,St. Mirren ,67,67,,60,64,58,64,58,62,61,67,57,67,66,71,80,74,69,73,66,77,62,64,62,63,52,61,65,32,15,14,10,10,7,775
PS2228,Korea Republic,169,60,27,Suwon FC ,58,66,None,30,33,57,66,63,30,54,53,61,58,53,84,68,32,88,83,82,81,50,55,55,53,61,60,46,42,12,7,8,10,14,775
PS2229,Ukraine,178,70,27,Raków ,66,66,None,27,38,32,53,64,25,64,57,65,67,59,67,59,60,73,65,67,51,44,67,64,68,51,43,59,64,10,6,6,8,8,775
PS2230,Gabon,177,70,27,SC Cambuur ,69,69,None,58,56,69,58,63,58,56,57,67,55,41,80,62,57,72,75,76,60,45,58,56,59,45,42,46,44,15,14,7,11,12,775
PS2231,Spain,188,79,19,Valencia CF ,54,42,None,68,68,66,60,25,67,52,55,39,61,59,63,65,63,67,60,65,73,70,53,34,42,30,28,33,29,8,8,6,13,7,775
PS2232,England,183,70,23,Reading ,63,66,None,58,58,55,54,60,56,57,56,63,62,54,82,70,65,54,84,70,74,50,48,35,22,56,40,32,25,14,9,8,13,15,775
PS2233,England,175,78,27,Forest Green ,65,66,None,56,60,58,64,64,64,67,69,60,65,63,82,80,62,82,78,84,74,50,63,60,63,63,62,59,53,13,16,10,13,7,775
PS2234,Spain,180,75,29,SD Ponferradina ,57,55,None,64,62,63,65,51,64,47,57,62,61,47,72,70,68,70,65,66,63,52,53,32,32,47,40,45,30,7,10,14,9,8,775
PS2235,Spain,180,71,33,Hyderabad FC ,54,40,None,71,70,62,65,25,70,36,64,37,61,54,60,87,76,68,53,41,79,64,50,28,30,28,31,44,37,13,6,6,10,8,775
PS2236,England,180,74,29,Wycombe ,63,64,None,62,62,68,64,58,62,64,68,70,62,59,64,76,76,71,66,72,74,57,63,57,57,78,70,62,53,13,15,10,9,11,775
PS2237,Paraguay,185,83,20,Libertad ,73,68,None,50,58,48,70,63,44,60,62,49,66,69,71,63,74,62,74,71,61,49,59,53,57,51,40,55,53,6,6,6,8,9,775
PS2238,Peru,175,70,27,Cienciano ,68,65,None,34,49,34,70,66,47,69,64,68,64,42,73,78,43,83,79,78,72,59,45,60,50,55,73,66,76,7,11,14,7,12,775
PS2239,Germany,192,76,21,SC Freiburg ,69,69,None,59,62,48,68,58,56,59,63,69,69,65,70,79,69,60,79,67,58,57,54,48,49,47,39,42,39,7,11,14,10,8,775
PS2240,Colombia,179,78,19,Deportivo Cali ,54,55,None,58,61,52,63,46,60,35,48,64,58,50,75,83,63,66,79,72,69,57,38,41,36,44,37,44,35,8,14,8,9,7,775
PS2241,France,191,90,34,Nîmes Olympique ,67,64,None,24,21,65,59,75,17,60,68,43,64,40,36,68,91,52,44,57,70,77,71,72,63,55,41,65,67,5,6,13,13,13,775
PS2242,France,176,75,22,Bari ,66,62,None,62,65,47,67,41,56,39,45,60,63,60,70,70,58,56,73,75,63,44,32,37,28,42,32,39,37,13,15,12,15,6,775
PS2243,Turkey,183,72,30,Gaziantep ,64,63,None,64,63,63,62,55,63,42,56,65,62,54,70,70,71,66,70,57,64,52,58,45,56,60,45,42,45,8,8,15,6,7,775
PS2244,England,183,90,35,Birmingham City ,69,62,None,25,30,83,77,73,31,74,76,56,65,61,44,43,89,65,48,57,83,79,80,66,67,68,53,82,74,12,10,11,16,15,775
PS2245,Argentina,185,83,35,Atlético Tucumán ,71,66,None,35,28,56,70,72,47,69,68,50,63,56,65,64,84,57,65,74,80,75,73,68,65,51,47,70,65,13,14,12,9,7,775
PS2246,England,201,81,28,Portsmouth ,22,16,None,14,11,25,59,12,15,48,44,18,27,24,38,33,57,33,40,37,67,16,48,16,16,16,17,22,16,65,69,66,64,66,775
PS2247,South Africa,175,68,23,Orlando Pirates ,66,70,None,56,58,56,59,68,58,60,58,66,66,59,81,68,60,64,78,75,65,55,60,58,60,59,53,59,53,12,8,10,12,7,775
PS2248,Argentina,172,71,22,Aldosivi ,70,62,None,62,58,70,68,58,55,64,67,52,70,62,74,73,50,79,72,68,63,67,64,36,47,48,45,56,43,5,7,5,11,9,775
PS2249,Cyprus,184,78,27,Apoel FC ,69,65,None,26,29,57,59,65,35,57,62,58,58,48,73,68,70,64,75,58,70,70,68,70,70,65,48,62,63,9,15,8,7,10,775
PS2250,Argentina,187,82,28,Lanús ,15,14,None,21,21,20,52,17,28,26,34,12,25,22,61,40,68,59,59,59,65,19,50,17,13,18,19,25,16,65,66,68,67,71,775
PS2251,China PR,178,75,27,Henan SSLM FC ,63,68,None,53,59,62,64,62,52,58,58,61,57,52,76,73,76,80,77,81,66,62,64,63,61,48,41,50,49,8,13,7,7,14,775
PS2252,Denmark,165,60,22,FK Bodø/Glimt ,64,63,None,55,56,52,62,61,55,57,59,61,64,58,90,80,47,85,91,79,61,39,53,41,35,59,46,30,51,9,14,11,9,12,775
PS2253,Argentina,185,75,23,Rosario Central  ,56,60,None,69,69,57,58,46,59,35,46,66,43,46,72,68,65,61,68,57,63,58,36,26,35,45,37,47,34,14,13,14,5,10,775
PS2254,England,188,83,26,Plymouth Argyle ,65,63,None,60,61,66,62,62,61,65,62,58,65,64,62,85,76,50,54,58,65,59,65,62,63,55,60,54,49,7,15,6,7,12,775
PS2255,Argentina,182,76,29,Central Córdoba ,60,63,None,61,63,57,65,64,64,62,58,60,59,55,73,74,64,69,69,70,58,50,57,49,51,35,39,41,32,10,13,11,14,8,775
PS2256,Brazil,179,74,22,Pogoń Szczecin ,63,59,None,62,62,58,58,57,61,59,64,64,62,64,72,70,67,71,72,66,58,58,54,41,43,64,60,38,48,8,14,11,10,10,775
PS2257,Bolivia,176,73,35,Always Ready ,70,71,None,19,20,43,72,73,20,64,73,42,65,56,68,64,67,69,67,78,82,70,68,72,69,79,60,74,70,10,9,12,8,9,775
PS2258,Colombia,171,66,27,La Equidad ,70,72,None,37,32,41,55,62,25,66,60,65,64,62,73,72,40,86,71,72,70,34,54,49,57,53,56,62,50,10,6,13,7,6,775
PS2259,Argentina,181,76,36,Parma ,75,68,None,74,72,72,70,70,66,70,74,74,77,69,62,65,60,70,66,68,69,60,72,57,66,73,47,52,68,8,15,15,11,8,775
PS2260,South Africa,190,76,33,Kaizer Chiefs ,56,46,None,69,73,66,61,39,61,46,67,34,59,57,57,70,77,40,66,41,77,75,36,42,22,25,22,42,31,10,13,12,6,10,775
PS2261,France,187,75,28,En Avant Guingamp ,28,17,None,12,14,21,67,18,21,23,22,13,29,26,44,26,58,65,49,30,54,17,48,13,19,14,18,20,9,63,67,64,64,68,775
PS2262,Scotland,183,73,29,Livingston ,57,61,None,62,62,83,60,53,61,50,57,59,57,59,79,84,74,67,84,73,76,59,57,50,45,53,43,50,40,11,10,9,8,14,775
PS2263,Northern Ireland,175,67,27,Cardiff City ,65,67,None,34,39,33,60,60,30,64,58,60,63,55,78,60,42,80,78,77,46,47,62,57,53,55,48,59,51,10,13,9,7,13,775
PS2264,Brazil,187,81,27,FC Midtjylland ,67,64,None,60,64,65,62,67,63,64,66,55,67,64,74,78,69,65,78,71,61,64,66,53,60,58,51,50,57,13,10,14,7,7,775
PS2265,Netherlands,190,80,19,AZ ,52,45,None,65,67,67,64,44,63,43,56,45,63,65,64,65,73,50,62,54,76,68,42,35,29,33,29,50,33,10,12,9,13,7,775
PS2266,Germany,182,74,29,Rot-Weiss Essen ,63,64,None,28,30,58,62,66,27,53,61,60,60,49,85,66,66,69,81,71,77,56,67,67,56,57,42,65,58,6,8,6,6,8,775
PS2267,Sweden,180,68,27,St. Johnstone ,66,64,None,61,63,71,65,65,64,65,63,65,66,65,67,73,63,71,65,70,64,52,75,58,65,69,67,60,64,8,15,8,8,6,775
PS2268,Spain,175,70,27,CD Lugo ,60,58,None,65,72,75,61,70,72,65,65,60,63,60,75,88,74,77,75,71,79,49,71,59,62,66,66,41,58,8,8,16,10,15,775
PS2269,Scotland,175,66,21,Aberdeen ,65,59,None,64,67,70,67,55,63,64,59,59,66,67,66,78,64,77,72,56,65,51,70,51,62,63,59,48,47,14,14,12,10,11,775
PS2270,Spain,187,77,23,Cádiz CF ,63,48,None,59,67,57,56,38,66,39,55,63,55,47,66,63,74,58,63,52,72,65,68,43,51,41,57,33,31,5,12,13,6,14,775
PS2271,England,179,77,23,Morecambe ,58,59,None,60,61,48,57,56,62,53,54,60,55,56,73,80,65,77,71,72,69,53,56,44,53,48,40,54,40,6,11,7,13,7,775
PS2272,France,182,71,24,STVV ,63,63,None,60,62,61,61,56,63,58,60,62,63,58,74,66,58,73,72,69,69,53,58,48,50,59,44,47,46,8,13,15,7,12,775
PS2273,Poland,172,74,27,Korona Kielce ,63,65,None,24,25,48,48,61,62,59,60,61,63,58,81,71,57,87,80,84,58,50,69,60,63,54,54,58,50,11,16,10,15,13,775
PS2274,England,192,77,22,Sunderland ,55,60,None,63,65,65,58,30,65,39,62,51,58,44,76,67,79,58,80,53,73,59,43,31,35,40,27,28,34,10,14,6,14,6,775
PS2275,Bolivia,188,77,19,Ind. Petrolero ,60,58,None,60,66,68,61,59,66,58,66,70,64,67,76,61,77,59,78,60,76,65,79,50,76,52,70,66,59,10,8,8,9,12,775
PS2276,Spain,185,81,29,Melb. Victory ,62,60,None,64,65,67,60,63,64,60,61,64,67,66,69,70,67,56,69,74,71,46,40,35,35,46,41,46,33,13,5,14,14,13,775
PS2277,Portugal,181,73,23,Vitória SC ,63,61,None,64,66,57,67,49,66,35,60,55,58,51,68,62,64,65,69,64,77,54,27,34,29,34,35,37,30,10,7,12,7,5,775
PS2278,Gambia,178,76,27,Cardiff City ,65,64,None,65,66,90,65,63,65,65,63,53,64,62,75,91,74,71,69,75,89,65,60,60,56,53,52,55,49,7,7,15,14,8,775
PS2279,Italy,195,85,28,Hellas Verona ,20,14,None,18,15,24,69,13,23,14,54,18,25,27,46,30,65,56,45,36,52,12,46,17,17,16,17,26,14,66,67,67,61,64,775
PS2280,South Africa,178,85,28,Mamelodi Sundowns ,65,65,None,58,63,53,60,69,65,58,45,58,70,65,67,67,60,76,69,58,59,46,63,69,61,40,54,56,56,15,14,8,11,14,775
PS2281,Argentina,177,75,38,Newell's ,75,69,None,69,72,95,72,67,71,76,77,69,75,71,56,62,73,67,53,66,64,65,74,63,68,68,68,64,70,15,10,7,16,14,750
PS2282,Netherlands,185,69,34,Chennaiyin FC ,70,71,None,32,39,56,61,69,38,72,72,71,70,70,51,46,66,69,54,64,36,42,74,68,70,75,74,76,69,13,15,10,14,13,750
PS2283,Turkey,186,83,34,KVC Westerlo ,21,17,None,13,14,35,67,17,11,55,65,15,44,52,48,26,72,43,38,52,65,29,56,12,11,19,11,28,13,73,68,76,74,68,750
PS2284,Spain,166,61,25,FC Andorra ,65,61,None,61,62,59,57,61,62,60,55,62,63,58,74,70,58,75,76,70,73,51,48,47,52,64,42,39,39,13,15,12,5,6,750
PS2285,United Arab Emirates,174,70,25,Al Ain FC ,58,54,None,61,62,73,59,47,64,49,58,56,57,53,76,75,72,76,77,59,87,57,59,35,29,51,32,36,42,6,12,15,13,5,750
PS2286,Saudi Arabia,182,71,29,Ettifaq FC ,68,69,None,62,66,66,60,53,61,63,72,53,70,67,63,68,68,68,63,63,76,64,52,43,37,45,36,44,32,11,14,10,8,14,750
PS2287,Portugal,177,70,28,Rio Ave FC ,67,66,None,50,60,50,66,60,63,62,55,59,69,65,66,70,61,72,67,68,56,52,68,46,55,44,64,49,46,12,11,12,12,11,750
PS2288,Portugal,183,76,28,GD Chaves ,66,68,None,44,60,57,64,60,57,67,59,61,70,71,64,50,74,62,68,59,61,48,60,54,56,55,37,52,35,10,12,5,10,12,750
PS2289,Ghana,187,75,23,FC Hermannstadt ,65,64,None,58,64,80,63,58,58,57,60,49,64,62,83,87,84,70,81,73,63,60,83,64,64,50,48,50,53,9,12,11,13,9,750
PS2290,Romania,180,73,28,Univ. Craiova ,67,65,None,61,66,73,66,62,65,63,58,55,63,60,75,80,65,72,71,78,77,58,65,61,60,50,53,56,54,14,10,7,7,12,750
PS2291,Colombia,178,70,23,Deportes Tolima ,68,60,None,62,70,69,63,55,60,70,58,55,70,68,69,44,54,68,61,63,52,62,55,52,67,56,59,50,45,14,9,10,9,15,750
PS2292,Ghana,174,74,32,RFC Seraing ,66,68,None,67,65,70,64,63,65,58,67,64,62,63,76,62,65,76,77,75,81,57,71,54,66,64,56,47,37,7,6,16,11,10,750
PS2293,Saudi Arabia,178,68,24,Al Hilal ,68,66,None,59,58,55,59,58,61,65,63,72,70,69,66,65,58,67,69,82,67,52,69,55,65,66,50,48,38,14,14,13,12,15,750
PS2294,Argentina,184,76,23,Tigre ,61,45,None,64,69,65,62,26,64,38,50,29,58,48,63,64,69,54,55,57,73,64,33,25,30,28,31,34,26,14,8,7,9,14,750
PS2295,Spain,185,70,18,Liverpool ,70,70,None,64,65,68,62,48,65,64,72,52,68,65,68,64,56,62,64,64,57,54,51,50,45,55,49,48,46,13,6,12,11,8,750
PS2296,United States,188,81,23,Colorado Rapids ,55,45,None,62,68,70,58,28,61,41,49,38,66,57,81,65,77,41,82,59,76,64,34,25,21,36,29,42,25,10,11,13,13,14,750
PS2297,Wales,180,75,28,Portsmouth ,66,66,None,63,65,77,65,60,64,65,64,58,66,65,70,83,70,67,69,74,70,55,53,48,50,51,46,48,48,8,12,8,8,7,750
PS2298,Brazil,184,76,19,FC Famalicão ,62,60,None,22,24,39,66,66,30,49,62,44,56,46,69,55,64,66,67,68,63,68,64,70,59,47,39,63,67,7,14,10,6,12,750
PS2299,Portugal,189,83,23,Rio Ave FC ,40,25,None,65,72,58,56,22,63,30,61,29,55,43,63,63,81,47,55,47,72,56,47,25,23,30,28,42,33,6,13,13,15,12,750
PS2300,England,190,70,23,Crawley Town ,17,8,None,13,14,23,64,5,8,35,40,12,28,23,28,24,44,21,33,35,37,11,48,9,7,11,11,14,6,64,67,62,64,67,750
PS2301,England,178,70,34,Bristol Rovers ,71,70,None,35,33,47,65,70,40,63,72,63,67,53,76,59,62,80,74,79,32,60,72,67,64,73,60,74,68,13,13,11,10,15,750
PS2302,Romania,183,77,24,FCSB ,56,50,None,62,64,60,61,44,60,52,59,61,63,58,70,72,71,73,74,69,75,60,60,35,36,58,53,42,34,7,7,10,7,13,750
PS2303,Romania,177,73,28,AFC Chindia ,63,66,None,34,36,41,60,63,42,62,61,60,64,54,82,79,61,66,77,71,47,38,61,66,65,48,47,61,56,12,11,12,5,10,750
PS2304,Italy,185,75,23,Palermo ,50,48,None,67,69,65,62,38,65,42,56,35,58,50,58,48,66,57,61,51,74,67,54,28,30,35,33,40,30,6,8,10,11,10,750
PS2305,Northern Ireland,190,83,34,Watford ,57,44,None,69,69,73,72,33,73,52,70,39,67,64,34,54,76,50,35,49,67,71,56,29,41,39,39,28,30,9,8,6,12,13,750
PS2306,Korea Republic,175,67,30,Pohang Steelers ,58,67,None,62,63,66,66,70,58,58,60,61,65,48,82,78,65,78,91,76,60,42,40,38,40,46,35,35,21,11,9,15,6,10,750
PS2307,Denmark,179,74,32,F.C. København ,65,66,None,63,63,65,62,61,64,56,61,64,64,58,77,75,60,73,74,73,70,47,66,52,57,64,59,51,57,15,13,16,7,13,750
PS2308,Turkey,179,75,30,Konyaspor ,60,61,None,67,64,65,64,48,67,42,52,58,66,67,64,72,66,64,68,67,64,55,65,41,63,41,40,52,48,15,9,9,14,8,750
PS2309,South Africa,180,70,23,Varbergs BoIS ,66,63,None,58,60,70,62,60,62,64,62,51,66,65,74,82,66,81,76,81,72,52,59,46,46,56,48,55,51,15,13,8,8,14,750
PS2310,United States,180,73,20,Philadelphia ,67,64,None,54,60,55,65,59,55,65,63,53,72,68,71,66,56,72,69,68,60,48,53,48,59,66,72,31,41,13,5,7,12,5,750
PS2311,England,190,78,20,Sheffield Utd ,63,62,None,25,28,53,56,63,31,50,57,42,57,47,82,73,78,66,84,69,70,61,66,65,58,54,40,58,55,11,14,14,12,9,750
PS2312,Republic of Ireland,177,75,22,Barnsley ,67,65,None,59,60,68,64,49,62,65,64,63,69,68,68,73,60,69,65,65,48,37,64,48,59,66,54,56,55,14,6,12,6,6,750
PS2313,Norway,182,75,24,Vålerenga Fotball ,61,57,None,62,63,58,60,54,59,56,55,64,64,57,72,75,61,70,69,65,67,55,61,43,58,62,61,47,39,7,9,10,12,7,750
PS2314,France,174,73,32,Grenoble Foot 38 ,64,62,None,66,61,63,61,44,63,58,62,62,61,59,69,84,74,78,73,82,89,61,59,39,56,58,48,55,46,7,15,11,6,9,750
PS2315,Republic of Ireland,184,70,25,Forest Green ,59,62,None,58,60,59,56,52,57,61,58,62,60,54,77,81,64,63,81,64,74,55,56,56,53,57,60,50,43,7,9,8,10,6,750
PS2316,Croatia,180,78,29,Brøndby IF ,61,53,None,63,65,79,61,53,66,56,50,59,60,65,45,79,80,73,55,53,63,59,68,54,62,64,56,64,48,10,13,6,9,12,750
PS2317,Denmark,186,78,22,Brøndby IF ,63,54,None,62,68,53,64,34,64,38,58,38,66,65,56,56,71,60,54,56,73,62,48,26,26,38,25,30,25,11,9,13,6,7,750
PS2318,Spain,184,75,22,UD Ibiza ,66,60,None,67,68,67,66,51,63,63,45,46,69,67,64,48,45,64,60,61,60,51,59,41,45,46,44,43,36,13,9,12,12,15,750
PS2319,Senegal,191,79,22,Amiens SC ,65,50,None,66,68,55,50,30,61,37,45,48,67,50,68,70,74,52,79,57,75,69,35,30,35,30,25,37,30,7,8,12,7,15,750
PS2320,Paraguay,180,75,34,Libertad ,66,44,None,69,71,64,63,22,73,27,66,44,63,44,77,66,80,61,77,62,90,60,38,35,39,34,28,34,29,9,13,12,10,14,750
PS2321,England,181,78,24,Shrewsbury ,59,58,None,63,65,60,56,53,63,54,56,53,64,60,79,72,69,73,77,76,91,61,57,53,54,56,49,52,43,9,6,11,6,9,750
PS2322,Spain,185,74,23,RCD Mallorca ,52,45,None,64,65,64,56,33,60,38,52,40,65,50,53,67,77,44,49,45,72,67,45,30,20,35,36,38,37,11,12,14,15,14,750
PS2323,Germany,196,88,23,KAS Eupen ,12,8,None,11,12,28,61,5,10,29,24,13,22,15,18,18,64,24,32,35,34,11,44,5,7,13,14,19,9,63,69,63,58,70,750
PS2324,Slovenia,185,77,23,Viborg FF ,62,46,None,64,67,60,62,25,63,34,55,32,61,50,52,64,74,52,54,55,75,63,37,28,20,35,28,35,29,13,5,6,8,11,750
PS2325,England,185,79,23,MK Dons ,25,16,None,14,12,29,62,8,13,50,49,13,44,47,38,32,58,50,40,52,66,21,50,5,9,12,14,17,7,65,66,65,66,67,750
PS2326,Portugal,187,66,28,Jagiellonia ,65,66,None,63,66,75,70,60,65,60,67,59,67,65,60,75,79,65,65,60,70,56,68,55,67,60,54,60,69,8,7,11,14,6,750
PS2327,Senegal,180,72,29,Dijon FCO ,65,61,None,62,65,67,64,59,58,68,64,52,66,68,48,77,70,69,45,57,67,58,58,48,59,59,48,49,58,13,6,10,14,10,750
PS2328,Italy,179,75,30,SPAL ,66,58,None,58,57,67,64,58,58,46,60,70,66,61,68,75,75,72,73,66,70,55,65,17,65,60,65,42,61,9,9,8,7,8,750
PS2329,Bolivia,185,81,23,Royal Pari ,63,44,None,64,66,61,63,37,69,47,70,49,63,65,69,41,68,43,77,64,60,62,57,43,51,43,45,75,44,10,11,8,10,9,750
PS2330,Austria,188,77,23,SK Sturm Graz ,56,36,None,64,66,70,62,26,65,31,58,24,56,48,51,67,72,59,62,40,61,66,36,21,30,28,25,34,24,8,11,15,7,13,750
PS2331,Portugal,185,77,23,Gil Vicente ,40,31,None,70,69,57,64,27,65,30,45,32,55,57,58,56,75,57,63,49,71,56,45,28,23,33,34,46,32,14,9,11,6,11,750
PS2332,Ecuador,189,86,19,LDU Quito ,72,42,None,35,38,62,58,71,31,44,53,36,57,38,43,40,83,39,54,51,35,78,65,66,68,41,44,63,61,40,71,46,71,47,750
PS2333,Romania,188,70,30,FC Rapid 1923 ,63,57,None,62,63,75,65,60,63,61,64,57,66,64,61,78,75,64,63,62,71,65,74,60,68,61,67,51,42,8,11,12,12,10,750
PS2334,Bosnia & Herzegovina,181,75,32,Apoel FC ,61,61,None,66,64,70,67,47,61,49,57,63,64,57,67,77,70,67,75,65,73,58,62,37,55,60,45,51,39,9,12,12,9,13,750
PS2335,Germany,183,82,31,FC Erzgebirge Aue ,61,56,,68,64,84,66,27,65,51,68,45,60,59,54,80,77,76,47,63,78,55,59,37,57,26,40,34,29,7,8,11,13,14,725
PS2336,Albania,182,75,30,İstanbulspor ,73,70,None,44,49,48,57,68,44,65,66,63,69,68,59,58,59,62,68,55,61,58,68,69,67,63,59,66,49,5,6,8,14,8,725
PS2337,Cape Verde,177,67,29,FC Voluntari ,64,63,None,24,25,47,60,57,18,62,62,61,63,61,82,67,52,68,83,80,42,33,62,56,56,52,37,52,57,11,13,11,8,5,725
PS2338,Belgium,181,78,21,Royal Antwerp FC ,64,56,None,63,67,65,62,32,64,58,52,41,67,65,69,65,58,70,72,73,72,51,50,22,30,39,41,32,28,6,11,11,11,13,725
PS2339,Korea Republic,188,83,32,Suwon FC ,65,57,None,57,66,72,62,65,63,66,62,53,68,65,64,82,78,52,34,70,82,58,70,57,69,33,46,39,57,13,15,16,6,10,725
PS2340,Algeria,182,70,25,Hatayspor ,66,68,None,67,63,67,63,52,61,55,60,51,64,67,67,72,66,61,68,70,70,57,64,38,46,57,44,47,33,9,14,11,10,8,725
PS2341,Saudi Arabia,186,80,29,Al Shabab ,60,26,None,63,66,63,60,27,65,29,51,31,63,57,57,70,82,53,72,50,80,68,34,20,22,23,27,35,25,9,9,6,8,8,725
PS2342,Poland,191,80,29,CD Leganés ,64,58,None,24,37,63,63,68,26,57,65,42,67,33,57,49,79,56,54,59,64,71,64,64,57,49,43,56,62,10,14,10,10,7,725
PS2343,Italy,186,72,30,Cosenza ,63,64,None,27,30,57,68,64,29,65,62,53,52,48,81,78,66,71,80,70,69,65,60,64,56,49,48,66,65,10,10,11,10,14,725
PS2344,France,177,71,30,Grenoble Foot 38 ,71,70,None,32,34,42,58,62,41,63,60,66,69,63,72,34,38,81,56,81,56,54,73,63,67,71,64,63,68,9,14,14,10,13,725
PS2345,Korea Republic,174,72,30,Incheon United ,60,63,None,38,36,62,67,70,39,53,61,61,59,54,83,46,61,74,82,71,74,48,67,70,59,58,46,53,54,12,14,10,8,8,725
PS2346,Colombia,185,65,25,Junior ,55,40,None,65,63,70,59,27,65,47,54,33,63,62,80,70,70,63,70,70,70,62,51,29,26,30,36,38,25,9,14,11,12,12,725
PS2347,Germany,181,78,31,FC Ingolstadt 04 ,63,62,None,64,65,60,64,47,64,62,66,52,68,65,52,80,74,64,44,62,80,62,51,45,65,51,47,48,32,14,14,15,14,14,725
PS2348,England,178,75,30,Gillingham ,65,63,None,23,25,35,64,65,16,68,67,49,65,51,81,90,59,69,76,83,87,61,62,65,58,53,56,64,57,10,8,6,15,12,725
PS2349,England,178,64,29,Stevenage ,67,65,None,59,64,62,63,62,62,67,63,58,67,67,67,61,65,74,61,76,78,49,64,60,65,69,71,64,41,7,8,13,15,9,725
PS2350,Senegal,196,82,31,Aalesunds FK ,67,65,None,58,62,70,65,63,62,64,65,56,66,65,64,75,76,68,65,64,32,57,69,56,63,63,57,58,60,8,12,9,15,15,725
PS2351,Jamaica,180,79,24,Whitecaps FC ,54,50,None,64,72,67,56,44,61,49,68,63,59,47,76,70,75,69,83,62,80,62,48,34,26,50,37,32,34,11,8,7,8,5,725
PS2352,Venezuela,177,74,31,Hnos. Colmenárez ,64,57,None,71,70,70,63,52,63,60,59,53,75,61,73,69,62,68,71,71,49,62,68,55,64,51,62,68,48,9,7,9,8,16,725
PS2353,Spain,185,82,25,R. Oviedo ,58,54,None,66,65,66,60,40,63,39,59,51,60,49,61,64,73,52,65,56,70,66,44,27,27,49,36,40,34,11,10,13,9,12,725
PS2354,Brazil,180,82,25,Portimonense SC ,63,54,None,62,63,64,58,56,62,55,46,48,67,61,74,72,81,63,72,67,59,59,63,37,49,40,33,40,41,14,9,7,12,6,725
PS2355,Germany,194,88,30,Viktoria Köln ,57,52,None,62,66,70,60,24,64,24,50,29,65,57,50,56,86,32,53,33,55,69,40,23,19,24,22,35,27,12,9,6,8,11,725
PS2356,France,182,76,29,AC Ajaccio ,19,7,None,9,8,11,55,5,13,22,51,13,21,25,42,28,47,59,46,37,64,19,49,6,15,19,16,14,15,68,67,66,65,69,725
PS2357,Brazil,170,69,32,Orlando City ,70,68,None,59,65,73,60,60,60,68,68,65,70,69,55,70,70,77,44,67,40,38,70,60,67,73,68,66,65,14,8,9,9,12,725
PS2358,Senegal,188,74,24,Viking FK ,52,35,None,63,64,66,58,27,60,32,58,40,50,47,70,65,76,62,74,58,81,70,52,23,30,35,24,38,27,15,14,8,8,5,725
PS2359,France,171,67,29,Dijon FCO ,68,63,None,38,49,32,48,62,42,65,47,61,70,64,81,71,40,85,73,76,53,34,70,59,68,64,71,62,67,8,8,14,9,11,725
PS2360,Northern Ireland,185,72,25,Cheltenham Town ,32,21,None,16,11,45,63,4,15,62,52,11,48,51,54,32,40,60,58,68,65,16,52,9,7,11,10,12,7,64,68,60,69,70,725
PS2361,Spain,180,74,29,Śląsk Wrocław ,68,64,None,31,33,63,64,67,27,61,56,37,64,54,71,51,59,71,74,73,74,63,63,66,59,38,53,68,59,8,15,11,7,11,725
PS2362,Spain,184,79,18,Real Madrid ,65,68,None,17,17,45,57,61,18,55,47,42,54,43,68,55,60,63,69,66,73,68,66,72,62,48,54,60,52,6,6,6,7,15,725
PS2363,Germany,181,82,31,Austria Klagenfurt ,70,64,None,62,60,61,64,60,63,63,73,64,71,67,57,65,74,72,37,66,32,55,70,55,65,64,56,61,48,8,7,12,14,7,725
PS2364,Spain,178,70,26,R. Racing Club ,64,61,None,64,62,57,64,53,66,38,54,62,62,52,66,63,58,66,63,56,56,59,32,31,35,43,38,44,38,11,8,9,9,12,725
PS2365,Argentina,190,79,24,Newell's ,54,48,None,65,70,64,62,26,64,31,48,34,55,49,51,55,69,53,55,49,71,64,43,28,25,30,32,46,32,12,5,5,11,15,725
PS2366,Northern Ireland,185,76,25,Oxford United ,57,55,None,64,65,65,61,43,64,39,55,56,58,55,62,57,73,54,67,61,72,60,64,36,49,46,38,37,34,15,12,8,14,13,725
PS2367,Republic of Ireland,193,82,25,Barnsley ,52,50,None,67,69,63,58,27,63,43,55,51,55,53,63,86,74,53,55,51,78,65,40,21,32,28,29,33,29,8,7,13,7,8,725
PS2368,England,192,75,33,Blackpool ,66,59,None,19,23,79,66,69,33,63,65,42,62,39,41,64,87,51,48,53,82,74,71,64,62,42,40,74,67,14,11,7,12,10,725
PS2369,Belgium,191,81,25,R. Union St.-G. ,57,47,None,64,66,66,59,28,63,47,54,34,61,59,58,63,71,45,68,53,63,67,42,21,24,27,29,32,25,11,5,7,9,9,725
PS2370,Slovakia,176,60,29,KV Kortrijk ,66,71,None,31,26,45,50,64,40,62,60,70,61,50,70,63,50,79,68,74,50,45,60,64,42,50,41,51,54,10,5,8,7,13,725
PS2371,Switzerland,173,63,29,FC Sion ,69,71,None,44,48,58,65,66,52,65,61,56,67,62,76,80,40,90,74,85,42,39,65,62,63,59,60,45,58,10,7,14,11,11,725
PS2372,England,190,79,26,Charlton Ath ,61,63,None,61,63,64,59,53,62,54,54,62,59,57,72,71,75,39,71,56,66,64,58,44,49,56,42,65,38,10,6,5,8,10,725
PS2373,Ecuador,180,72,31,Independiente DV ,66,58,None,56,60,64,66,66,60,55,52,66,61,56,77,71,69,73,82,75,73,59,42,52,46,55,49,49,40,10,11,9,13,14,725
PS2374,Uruguay,177,78,34,Peñarol ,61,66,None,66,70,72,57,66,68,62,70,78,65,58,66,63,72,71,68,68,66,62,65,53,61,72,57,63,69,8,11,16,10,9,725
PS2375,Saudi Arabia,183,68,25,Al Tai ,69,62,None,50,55,63,59,55,62,63,71,35,68,68,64,76,63,64,66,72,56,38,61,48,54,59,61,47,42,10,15,9,14,10,725
PS2376,Argentina,181,73,22,Vélez Sarsfield ,60,63,None,62,64,66,61,58,57,49,48,54,60,55,82,79,59,77,83,78,68,48,45,35,37,39,31,43,35,9,9,7,6,6,725
PS2377,Sweden,173,67,17,F.C. København ,68,71,None,24,24,45,52,62,25,62,65,57,58,48,77,62,38,88,74,90,52,22,63,61,57,58,57,51,55,14,8,14,13,14,725
PS2378,Argentina,187,85,25,River Plate ,19,16,None,13,13,37,63,7,12,30,35,11,26,23,47,27,65,38,45,45,69,11,49,5,7,22,11,16,16,67,66,62,65,66,725
PS2379,Spain,183,79,30,Djurgårdens IF ,60,54,None,61,63,81,62,36,64,47,52,28,63,60,61,62,74,58,65,57,90,59,32,32,30,33,27,39,31,13,10,5,12,9,725
PS2380,Spain,180,71,25,CD Mirandés ,67,62,None,57,63,63,67,58,61,62,62,53,70,68,59,66,59,71,56,67,71,50,48,54,62,56,42,48,35,6,6,13,12,5,725
PS2381,Sweden,194,86,25,VfL Bochum ,24,17,None,15,12,23,58,14,22,32,51,16,35,37,40,35,63,42,42,39,68,12,53,20,20,17,13,15,16,63,67,64,71,70,725
PS2382,Germany,190,84,29,Kaiserslautern ,68,66,None,51,59,75,65,63,60,66,62,54,65,65,54,76,85,64,47,62,70,68,68,55,63,43,40,56,63,6,12,15,13,8,725
PS2383,Norway,186,73,30,Vålerenga Fotball ,66,56,None,60,64,58,64,57,66,61,68,55,66,66,52,76,70,58,51,60,64,63,60,46,51,58,58,41,47,14,12,16,8,10,725
PS2384,England,178,77,29,Wycombe ,65,62,None,64,66,77,64,61,67,65,64,53,67,65,75,76,73,79,73,80,88,62,59,59,63,50,48,53,47,12,11,10,13,11,725
PS2385,Italy,186,82,29,Perugia ,70,67,None,65,65,68,64,61,62,61,63,63,69,67,72,69,70,61,73,56,61,59,68,48,58,60,53,57,49,14,14,8,14,9,725
PS2386,Turkey,185,78,25,Konyaspor ,45,40,None,67,70,59,64,24,68,28,63,33,49,46,44,61,68,62,55,34,68,68,52,24,24,29,28,45,31,8,6,8,11,8,725
PS2387,Germany,193,90,24,1860 München ,62,49,None,66,68,75,59,31,61,29,52,37,57,42,69,73,81,54,70,60,54,63,62,31,27,21,25,34,34,7,12,10,8,15,725
PS2388,Romania,184,79,25,Sepsi OSK ,52,40,None,60,63,68,63,23,65,30,54,47,57,48,70,71,77,62,68,63,91,62,35,23,15,48,26,34,20,9,9,13,14,11,725
PS2389,France,184,79,29,Nîmes Olympique ,26,9,None,18,15,23,55,8,19,42,31,17,32,28,42,18,58,56,40,33,55,14,48,7,14,15,22,34,19,68,70,63,64,69,725
PS2390,Austria,184,72,29,FC Petrolul ,30,16,None,17,14,23,64,5,10,39,32,16,31,23,22,17,37,31,26,30,46,12,47,20,17,21,13,28,15,65,67,67,62,67,725
PS2391,Venezuela,193,88,25,Dep. Táchira ,55,41,None,66,67,62,61,26,64,36,47,25,61,55,53,60,73,34,53,44,71,63,35,22,19,26,27,37,22,11,14,7,9,11,725
PS2392,Burkina Faso,185,75,25,OH Leuven ,61,47,None,61,64,61,61,25,68,46,48,50,56,45,65,61,73,57,70,49,71,60,41,32,32,34,49,44,19,10,5,5,13,11,725
PS2393,Germany,175,70,27,Hansa Rostock ,62,64,None,67,61,76,62,55,53,58,62,60,54,53,81,83,68,79,79,82,76,44,60,50,46,46,44,35,57,9,12,12,14,14,725
PS2394,France,171,68,29,Grenoble Foot 38 ,63,67,None,23,22,46,63,66,28,38,56,55,64,60,88,53,59,78,80,90,63,55,62,66,60,57,61,65,63,13,11,9,10,10,725
PS2395,Guinea Bissau,173,71,21,Portimonense SC ,63,59,None,66,67,68,59,43,63,50,53,49,65,67,64,64,59,71,68,62,73,56,54,36,39,47,32,41,35,12,10,15,9,10,725
PS2396,Republic of Ireland,180,70,34,Wigan Athletic ,71,70,None,63,61,88,69,67,56,64,66,70,65,62,70,80,71,73,69,75,68,62,70,63,62,67,61,65,59,15,6,16,16,15,725
PS2397,England,184,77,25,Luton Town ,24,19,None,20,19,26,63,5,13,31,36,13,25,19,34,25,43,40,34,32,53,20,47,16,14,14,20,27,11,67,66,63,63,65,725
PS2398,Spain,187,78,26,FC Andorra ,58,34,,68,69,60,61,26,62,38,58,28,67,52,57,63,75,59,59,45,69,65,54,22,33,34,26,37,29,15,5,8,9,13,700
PS2399,Brazil,191,87,27,Cercle Brugge ,15,11,,14,13,28,63,6,8,32,30,12,24,29,29,28,78,23,25,31,35,15,47,6,7,11,14,12,10,63,68,62,62,71,700
PS2400,Saudi Arabia,173,70,31,Damac FC ,63,65,,47,49,62,62,64,48,55,55,56,60,56,85,77,43,69,81,81,75,51,60,62,53,35,33,51,63,13,12,7,14,12,700
PS2401,Germany,190,84,32,Holstein Kiel ,55,45,,64,70,69,54,38,69,37,60,42,57,68,43,63,78,45,54,50,66,71,58,29,39,33,31,42,40,14,13,7,10,12,700
PS2402,Germany,190,84,32,Holstein Kiel ,55,45,None,64,70,69,54,38,69,37,60,42,57,68,43,63,78,45,54,50,66,71,58,29,39,33,31,42,40,14,13,7,10,12,700
PS2403,Denmark,178,69,24,Aalesunds FK ,67,67,None,36,28,44,58,61,27,61,61,61,60,49,76,62,43,78,76,74,81,37,59,56,58,66,36,39,38,13,11,8,11,15,700
PS2404,Germany,183,75,34,SV Werder Bremen ,65,62,None,71,73,78,69,57,67,63,73,52,69,61,54,69,69,64,56,55,71,64,55,53,54,37,53,63,33,16,7,8,6,12,700
PS2405,Germany,183,81,23,STVV ,65,66,None,19,20,44,60,67,13,53,58,41,54,32,81,58,71,70,71,73,79,56,59,67,57,35,33,63,50,13,15,9,11,11,700
PS2406,Denmark,182,76,33,AC Horsens ,64,64,None,22,20,45,66,70,33,58,64,31,58,49,71,72,70,72,68,65,78,59,70,65,63,53,50,67,64,9,7,7,7,6,700
PS2407,England,183,86,21,Stoke City ,52,39,None,64,67,55,60,31,63,35,54,33,59,54,63,71,79,55,55,56,78,65,40,25,22,34,28,41,31,12,14,9,13,10,700
PS2408,Austria,186,75,23,LASK ,66,64,None,47,39,41,59,63,28,65,57,53,64,58,74,62,64,62,77,55,54,56,64,65,60,48,44,52,59,14,6,14,7,5,700
PS2409,United States,185,79,26,SJ Earthquakes ,60,54,None,67,66,53,59,32,64,29,49,36,58,45,55,70,77,51,65,57,76,60,32,21,24,27,21,36,24,11,7,8,11,10,700
PS2410,Netherlands,178,69,32,Miedź Legnica ,68,68,None,22,28,28,57,64,20,62,64,65,63,51,80,59,59,69,80,77,33,40,59,60,54,65,67,58,62,8,10,8,14,6,700
PS2411,England,177,66,23,Peterborough ,62,62,None,24,30,31,55,58,24,59,56,62,59,53,81,83,44,77,76,75,63,39,59,61,56,45,39,53,43,15,9,8,8,12,700
PS2412,Germany,188,79,27,Viktoria Köln ,62,57,None,64,66,70,61,53,61,55,55,61,62,58,64,86,74,59,66,58,57,65,54,41,44,44,36,52,44,9,7,9,10,10,700
PS2413,Suriname,178,70,33,LA Galaxy ,67,65,None,62,65,70,65,64,63,61,63,59,67,63,69,70,72,72,70,71,87,67,65,49,54,59,52,43,53,8,13,9,7,12,700
PS2414,Norway,181,82,27,Rosenborg BK ,64,60,None,62,65,60,63,53,63,54,65,60,68,69,54,69,78,61,52,54,63,66,65,52,48,60,50,53,54,14,11,12,8,7,700
PS2415,Mexico,180,77,22,Rosario Central  ,66,64,None,23,21,40,58,64,25,54,58,35,56,48,71,58,57,71,69,68,65,57,67,68,58,47,39,60,59,8,9,5,6,13,700
PS2416,Germany,177,76,30,Rot-Weiss Essen ,67,62,None,28,35,45,62,62,34,68,62,66,67,67,68,65,59,75,59,77,64,42,65,62,66,69,70,55,51,16,9,7,6,13,700
PS2417,Venezuela,183,78,27,Dep. La Guaira ,67,61,None,61,62,56,61,43,64,61,69,55,66,65,60,74,77,55,63,62,69,61,68,46,58,59,45,54,49,8,15,15,18,7,700
PS2418,South Africa,165,63,23,Kaizer Chiefs ,67,70,None,41,38,24,56,60,25,63,61,65,72,63,70,65,38,65,72,68,42,33,55,49,45,51,52,44,61,12,5,7,13,5,700
PS2419,Serbia,190,77,22,R. Sporting ,60,64,None,10,18,25,67,64,11,44,47,34,62,42,58,53,62,50,58,55,60,67,63,68,65,37,48,63,50,11,8,9,14,14,700
PS2420,Netherlands,188,85,32,Sparta Rotterdam ,55,41,None,62,64,69,60,36,64,44,62,27,62,57,49,77,84,43,69,36,81,75,42,29,27,30,27,43,26,14,13,13,13,11,700
PS2421,Germany,190,96,21,SC Freiburg ,14,11,None,12,12,26,60,9,13,34,31,12,17,15,35,29,61,31,36,32,60,13,50,8,9,13,12,14,8,61,70,64,66,68,700
PS2422,Germany,187,81,21,SC Freiburg ,52,42,None,65,67,59,59,26,62,42,54,34,63,57,62,62,74,56,55,65,82,62,35,22,22,33,32,34,26,6,7,14,9,15,700
PS2423,Spain,179,75,33,R. Racing Club ,62,57,None,60,64,75,63,47,67,43,65,65,59,59,72,77,76,70,74,71,81,55,73,48,68,61,65,62,21,14,14,14,12,15,700
PS2424,Northern Ireland,178,74,30,Shrewsbury ,66,63,None,57,61,62,58,60,60,61,64,64,68,63,74,90,71,78,72,78,82,54,63,60,65,60,54,56,47,12,11,7,11,12,700
PS2425,Tunisia,186,73,24,Niort ,68,69,None,43,54,35,46,62,49,58,49,61,66,60,69,70,74,64,67,70,54,64,72,61,68,73,63,67,68,13,10,10,9,10,700
PS2426,Finland,170,67,24,Kalmar FF ,66,69,None,25,30,36,58,59,26,62,64,62,62,50,82,71,58,82,77,78,78,36,57,61,50,64,57,45,56,14,8,8,14,11,700
PS2427,Senegal,174,76,32,Pau FC ,68,67,None,59,62,58,52,64,62,71,70,72,68,66,70,48,59,73,61,75,82,65,72,60,65,73,72,66,68,15,10,8,13,11,700
PS2428,Venezuela,182,82,31,Metropolitanos ,64,70,None,20,16,35,59,60,25,59,48,66,60,48,73,54,75,61,80,72,61,59,55,57,58,43,50,62,51,9,10,15,9,16,700
PS2429,Germany,191,84,31,Saarbrücken ,55,52,None,61,67,65,64,38,68,39,70,37,60,55,34,34,81,41,34,36,55,66,57,24,29,28,29,43,34,8,8,16,14,15,700
PS2430,Colombia,180,72,27,Junior ,61,59,None,62,70,70,61,64,68,58,70,35,64,59,65,81,60,70,56,59,70,52,48,43,58,33,36,41,39,6,6,15,8,13,700
PS2431,Republic of Ireland,180,84,30,Derry City ,66,66,None,47,55,46,61,64,51,69,71,57,66,61,58,57,57,67,60,80,53,56,64,59,60,63,61,61,62,8,7,11,12,15,700
PS2432,England,187,82,30,Cardiff City ,31,11,None,20,21,39,62,12,20,52,47,20,29,31,42,41,60,52,53,50,70,17,48,14,12,21,29,44,11,66,67,66,64,67,700
PS2433,Spain,189,76,30,Albacete BP ,20,14,None,20,14,21,66,13,22,32,48,12,23,22,45,41,60,52,46,33,64,18,48,19,14,16,19,23,17,66,66,68,64,65,700
PS2434,England,175,74,31,Portsmouth ,66,66,None,50,52,63,61,62,49,66,64,64,65,64,69,49,59,80,66,76,75,51,63,62,64,69,67,60,59,15,15,11,15,7,700
PS2435,Bolivia,176,72,31,The Strongest ,64,67,None,26,28,56,61,57,25,41,62,43,52,38,85,50,64,78,87,86,75,60,70,66,58,43,46,58,68,12,13,10,7,9,700
PS2436,England,189,82,26,Barnsley ,49,42,None,63,64,60,62,30,64,36,52,23,54,43,53,60,79,62,56,49,74,66,39,22,21,32,20,37,21,10,10,12,9,10,700
PS2437,Slovenia,187,80,22,Cagliari ,65,66,None,13,16,32,53,66,15,63,60,40,64,41,63,58,79,54,68,61,65,55,69,68,58,42,43,62,41,8,8,7,14,8,700
PS2438,Germany,178,73,22,SC Verl ,72,73,None,27,29,33,59,55,20,56,56,56,64,54,78,59,38,81,64,84,60,37,67,57,66,56,66,58,56,12,10,15,14,6,700
PS2439,Germany,187,81,30,FC Erzgebirge Aue ,66,69,None,25,32,46,61,61,33,59,55,66,63,58,67,55,73,61,76,67,55,52,74,62,74,66,64,46,60,10,14,16,7,9,700
PS2440,Korea Republic,177,72,23,FC Cartagena ,64,68,None,29,30,38,55,65,20,62,60,62,64,58,72,53,47,60,72,75,50,43,60,54,52,53,41,60,52,8,7,12,10,6,700
PS2441,Germany,178,74,23,Hallescher FC ,62,63,None,47,48,50,57,58,30,60,58,62,63,58,73,70,55,72,85,75,71,50,60,56,60,58,64,50,52,7,13,13,9,9,700
PS2442,Germany,184,80,26,Saarbrücken ,62,52,None,64,64,64,59,38,64,42,62,53,62,58,62,73,76,61,68,56,90,63,49,23,27,33,35,42,30,7,8,12,9,11,700
PS2443,Germany,184,78,27,SV Waldhof ,62,58,None,61,64,46,59,52,62,48,55,63,61,59,71,72,70,67,71,65,71,55,60,37,52,62,52,54,36,13,13,8,6,8,700
PS2444,France,169,56,22,Valenciennes FC ,72,74,None,36,28,39,55,53,24,62,67,58,58,47,79,31,31,91,72,91,49,39,61,64,53,57,49,53,53,14,10,6,8,8,700
PS2445,Colombia,180,72,20,Portland Timbers ,54,65,None,60,64,55,60,60,62,66,62,63,54,50,80,80,70,65,78,80,74,44,55,50,48,40,31,32,30,8,13,8,6,14,700
PS2446,Argentina,186,81,21,Argentinos Jrs. ,42,35,None,67,72,54,61,36,62,33,61,34,53,40,55,68,72,62,62,43,75,68,48,23,28,34,31,38,33,10,7,11,15,8,700
PS2447,United States,183,75,22,Charlotte FC ,65,63,None,58,36,55,57,62,60,66,53,59,69,62,65,70,55,61,69,61,61,42,66,59,57,65,41,52,52,11,5,10,8,8,700
PS2448,France,191,84,21,Valenciennes FC ,18,7,None,9,12,21,60,5,10,43,25,9,24,20,28,29,41,42,20,35,55,12,49,5,9,12,11,11,8,64,67,65,65,67,700
PS2449,Turkey,175,70,28,Sivasspor ,64,65,None,64,67,53,62,53,62,42,47,64,63,58,67,55,62,78,68,68,60,50,60,40,50,60,55,48,55,13,14,14,10,8,700
PS2450,Saudi Arabia,175,72,26,Al Raed ,60,53,None,63,65,81,57,46,65,53,53,36,61,61,61,83,77,72,65,67,72,51,63,38,36,34,29,27,32,12,15,14,17,13,700
PS2451,England,190,80,21,Aberdeen ,46,40,None,63,65,65,61,28,62,25,56,35,57,53,54,70,84,42,54,46,75,66,37,18,15,24,22,38,23,6,6,10,8,7,700
PS2452,England,191,75,32,Birmingham City ,55,48,None,63,65,74,62,34,65,40,68,17,61,56,55,65,75,55,51,57,79,66,60,25,30,26,32,21,23,12,16,16,16,16,700
PS2453,Denmark,176,71,22,Lyngby BK ,67,64,None,34,30,65,61,60,28,62,62,56,65,60,75,62,52,78,75,76,69,39,56,57,50,57,48,45,50,11,14,7,13,6,700
PS2454,England,182,70,28,St. Mirren ,61,62,None,62,58,43,59,57,57,60,61,67,59,59,76,75,56,75,76,72,69,52,63,53,57,65,76,76,39,10,10,7,7,15,700
PS2455,Norway,175,72,31,Kristiansund BK ,65,66,None,46,50,57,58,63,52,62,66,62,63,54,75,71,62,85,71,84,38,46,65,62,62,62,57,56,63,12,12,9,8,7,700
PS2456,Brazil,169,60,22,Valencia CF ,62,64,None,21,19,40,60,61,20,60,50,59,60,57,75,68,63,69,78,79,59,55,62,60,59,60,58,62,58,7,8,9,8,7,700
PS2457,Italy,188,80,26,Cosenza ,45,40,None,60,65,82,59,30,60,40,55,35,50,40,52,69,76,60,58,50,73,67,67,31,30,31,27,40,33,10,14,9,15,12,700
PS2458,Canada,188,79,26,CF Montréal ,17,11,None,14,12,23,64,4,12,40,39,14,29,28,38,30,60,33,32,27,62,13,41,6,9,13,10,10,5,66,66,63,54,66,700
PS2459,Norway,175,71,21,Go Ahead Eagles ,62,64,None,60,61,52,61,54,60,52,50,64,62,58,80,64,62,70,82,76,66,49,59,59,42,51,55,46,33,6,9,8,9,10,700
PS2460,Netherlands,173,72,31,Melbourne City ,66,63,None,55,57,74,60,67,58,61,61,53,70,66,71,80,69,77,64,73,65,54,63,60,66,56,59,51,49,7,12,12,12,6,700
PS2461,Norway,185,70,23,Strømsgodset IF ,65,64,None,46,49,65,59,60,44,60,54,63,61,48,79,76,59,69,76,76,56,49,54,55,50,59,41,49,48,5,6,12,8,9,700
PS2462,Portugal,185,81,26,Śląsk Wrocław ,60,49,None,60,62,73,60,31,63,41,58,33,61,61,63,75,78,60,64,62,88,62,64,28,33,37,34,47,30,5,13,7,14,7,700
PS2463,Belgium,184,80,31,RSC Anderlecht ,33,13,None,16,13,31,63,9,18,48,57,13,38,37,43,30,63,37,46,47,71,13,52,12,14,17,15,37,17,68,67,63,69,69,700
PS2464,Albania,187,85,31,FC Luzern ,56,44,None,64,65,74,61,40,61,38,60,29,66,66,55,68,84,38,48,50,68,65,64,56,55,36,49,55,31,15,13,10,16,13,700
PS2465,Japan,180,73,22,FC Schalke 04 ,71,74,None,39,45,50,51,54,41,63,60,59,63,59,69,63,46,59,67,77,49,43,53,51,41,48,46,55,45,13,8,11,10,10,700
PS2466,Brazil,184,78,26,SC Austria ,69,66,None,60,62,60,63,47,62,56,65,54,68,62,62,75,69,64,54,60,53,46,67,42,62,42,52,58,38,13,10,10,8,7,700
PS2467,New Zealand,188,91,35,Minnesota United ,60,56,,66,69,69,66,59,67,52,60,58,64,57,43,67,91,50,66,47,78,65,61,35,33,56,43,42,54,7,13,9,14,8,675
PS2468,Germany,194,93,35,Arminia Bielefeld ,65,58,,24,32,78,74,70,29,70,78,46,66,60,51,64,91,43,55,41,71,75,78,68,65,56,45,80,72,7,7,11,7,13,675
PS2469,Sweden,192,85,20,IFK Göteborg ,55,35,None,58,67,59,63,54,68,31,48,35,60,62,54,58,76,59,61,43,70,58,40,18,22,24,28,31,23,14,14,15,11,8,675
PS2470,Morocco,170,60,26,FC Volendam ,70,72,None,22,26,34,60,59,20,62,57,53,56,43,78,35,50,83,76,71,59,42,69,52,57,69,57,56,58,12,7,8,8,9,675
PS2471,Romania,180,69,24,UTA Arad ,63,60,None,41,42,54,59,57,38,58,56,56,58,54,84,65,57,68,87,75,50,44,60,60,55,58,52,54,53,9,7,9,10,14,675
PS2472,Uruguay,182,72,22,Independiente ,60,63,None,43,53,59,66,59,69,66,57,51,61,67,72,75,48,57,76,71,60,52,56,62,64,56,59,43,70,14,13,8,15,13,675
PS2473,Sweden,192,73,33,Helsingborgs IF ,68,67,None,34,36,34,67,69,35,67,68,60,66,53,69,78,74,37,69,72,33,56,67,63,61,59,59,57,59,13,12,10,12,10,675
PS2474,Poland,187,84,24,Cracovia ,60,59,None,22,33,61,61,64,13,48,58,34,54,32,74,71,84,50,77,56,67,62,65,61,60,58,57,68,57,9,11,6,15,6,675
PS2475,England,178,76,23,Barnsley ,66,63,None,55,65,61,60,54,61,62,63,61,68,63,69,71,62,75,54,74,67,49,64,54,61,64,62,52,52,5,10,12,5,13,675
PS2476,Turkey,185,78,27,Hatayspor ,48,40,None,63,69,61,54,29,66,31,45,38,60,63,54,69,71,59,61,58,78,68,52,31,28,39,29,41,41,15,12,5,10,14,675
PS2477,Argentina,177,70,20,Newell's ,52,55,None,67,65,66,59,53,55,43,49,61,57,48,83,70,45,68,77,62,62,42,42,22,36,51,30,41,31,6,12,11,11,7,675
PS2478,Venezuela,189,77,21,Club Brugge ,66,64,None,15,15,62,62,62,22,55,51,33,38,28,57,68,74,55,70,60,55,68,65,70,61,55,48,61,61,12,14,8,11,10,675
PS2479,Germany,180,69,24,Hallescher FC ,67,64,None,45,40,49,53,59,23,62,57,53,63,60,71,68,55,69,73,74,54,44,58,62,55,55,43,46,56,5,7,7,10,14,675
PS2480,Norway,174,69,31,Viking FK ,64,64,None,62,63,72,65,61,65,65,68,60,67,64,66,81,72,86,66,83,84,57,70,60,62,46,48,46,63,14,13,13,11,6,675
PS2481,Spain,178,70,22,Brescia ,64,64,None,11,12,32,58,70,11,49,59,36,57,45,67,59,52,65,72,62,59,59,64,67,66,59,48,67,62,15,5,10,9,9,675
PS2482,England,192,83,31,Newcastle Utd ,29,17,None,19,11,26,58,11,20,42,50,13,34,35,34,25,66,53,35,37,69,11,48,16,12,12,15,19,12,67,68,65,64,70,675
PS2483,Poland,176,70,21,Widzew Łódź ,62,60,None,20,23,54,52,64,17,68,61,42,66,45,86,75,63,72,86,76,73,53,62,59,55,54,42,59,54,9,7,10,7,12,675
PS2484,Switzerland,183,80,34,FC Basel 1893 ,70,68,None,68,66,63,67,65,74,68,74,70,72,71,50,77,70,61,52,58,72,68,73,67,70,70,67,66,69,11,12,15,8,14,675
PS2485,Portugal,188,70,27,RKC Waalwijk ,20,11,None,9,11,22,63,14,20,55,54,10,36,20,43,34,56,44,43,34,54,11,49,12,11,9,11,12,7,64,66,64,65,67,675
PS2486,England,181,72,25,AFC Wimbledon ,62,64,None,46,52,55,56,56,50,57,58,61,59,50,90,66,65,70,90,81,69,53,60,55,54,61,55,57,46,10,5,8,8,12,675
PS2487,England,185,70,24,Derry City ,66,69,None,46,54,48,58,58,49,65,65,66,66,64,64,73,60,64,62,66,60,56,64,64,66,67,70,57,59,5,6,7,12,10,675
PS2488,Iceland,189,80,25,IF Elfsborg ,62,61,None,18,49,75,61,66,18,50,62,23,59,45,45,53,81,43,52,50,70,68,65,68,56,31,31,58,48,14,13,6,5,6,675
PS2489,Spain,182,73,25,FC Barcelona ,68,67,None,62,65,66,63,57,63,63,54,59,66,65,50,60,56,80,39,74,54,57,62,60,62,59,51,49,49,12,5,5,12,14,675
PS2490,Netherlands,177,68,20,Ajax ,65,67,None,61,64,62,62,59,60,66,66,52,71,69,68,67,61,71,69,68,62,53,63,57,47,58,53,51,42,11,13,8,14,11,675
PS2491,Argentina,187,77,25,Tigre ,72,61,None,52,61,58,62,61,56,63,60,59,69,64,60,69,74,54,69,58,58,55,55,52,55,60,57,46,51,6,9,14,5,8,675
PS2492,Ecuador,168,60,21,Whitecaps FC ,66,66,None,48,65,49,66,59,60,64,60,33,71,65,79,64,42,86,65,74,61,49,47,63,59,33,39,39,31,8,11,14,7,9,675
PS2493,France,184,80,20,Bordeaux ,45,36,None,68,70,67,65,25,64,30,58,35,61,39,67,68,66,62,68,55,68,64,45,27,23,34,32,47,33,9,14,6,6,12,675
PS2494,Denmark,175,68,21,Brøndby IF ,63,63,None,45,44,87,65,65,34,52,58,45,57,43,82,68,62,85,81,81,72,58,65,63,53,46,41,53,60,11,14,9,12,14,675
PS2495,Moldova,180,74,24,FC Voluntari ,64,64,None,14,16,51,63,63,15,62,64,51,58,49,74,66,65,67,76,73,54,60,66,64,63,44,67,61,56,14,8,13,8,11,675
PS2496,Jamaica,179,77,25,Forest Green ,63,67,None,37,43,46,60,60,39,57,56,58,58,44,80,60,65,72,81,76,63,56,72,64,58,53,40,50,56,8,10,12,7,10,675
PS2497,Bolivia,180,77,31,Royal Pari ,73,74,None,42,43,52,63,67,44,66,65,73,74,61,64,65,61,73,62,73,72,59,69,65,54,73,71,75,62,11,13,16,11,13,675
PS2498,Turkey,186,83,21,Warta Poznań ,64,60,None,46,49,68,50,63,46,61,59,44,62,48,67,63,67,66,68,70,80,69,72,65,66,60,58,72,64,11,10,10,14,6,675
PS2499,Romania,181,73,25,CS Mioveni ,62,63,None,39,40,41,60,57,38,61,67,58,60,60,80,67,67,70,80,78,33,46,63,58,60,56,52,57,47,14,12,11,6,12,675
PS2500,England,187,71,24,Cambridge Utd ,64,64,None,44,49,55,63,63,47,63,58,59,63,58,75,68,74,59,72,64,35,57,62,63,58,41,40,59,52,6,11,9,14,9,675
PS2501,Argentina,180,74,19,Newell's ,57,61,None,64,61,62,58,49,62,44,51,62,57,54,71,70,58,69,76,66,59,51,34,34,33,42,39,49,33,9,14,10,8,10,675
PS2502,Italy,184,77,31,Pisa ,66,64,None,58,60,63,61,58,65,58,62,55,68,68,65,77,75,61,64,79,77,64,70,55,67,72,64,60,61,5,14,10,15,11,675
PS2503,Argentina,180,71,31,Platense ,11,6,None,14,12,28,65,7,11,37,36,14,25,25,23,37,47,49,29,33,63,12,47,5,8,10,12,15,8,64,68,66,63,66,675
PS2504,Spain,185,75,21,Atlético de Madrid ,64,56,None,29,28,51,64,64,26,59,62,52,63,56,59,54,67,57,68,63,73,66,63,68,58,52,47,66,48,6,15,11,8,8,675
PS2505,Italy,175,70,25,Cittadella ,71,64,None,47,50,61,63,57,56,64,62,49,70,63,64,73,58,66,63,67,68,46,57,51,56,60,57,53,58,12,5,7,14,15,675
PS2506,United States,170,64,24,Red Bulls ,68,72,None,41,48,49,53,65,44,58,57,57,66,50,81,54,58,78,80,80,62,50,58,56,45,53,42,46,40,7,14,15,12,10,675
PS2507,Portugal,184,78,24,Boavista FC ,67,62,None,59,63,63,60,58,54,67,64,51,69,67,54,61,74,57,53,61,71,57,59,49,50,58,47,63,45,6,6,5,6,7,675
PS2508,Bolivia,169,71,23,O. Petrolero ,62,61,None,60,67,75,63,61,58,60,55,43,69,65,53,80,78,64,51,72,60,59,68,58,65,63,68,68,55,9,8,14,9,16,675
PS2509,Germany,183,75,33,Viktoria Köln ,66,67,None,63,66,60,65,67,66,68,68,70,67,66,55,53,65,70,61,67,71,52,75,65,65,75,72,72,67,11,11,7,14,8,675
PS2510,France,193,75,21,FC Lorient ,67,59,None,18,22,63,58,67,23,53,49,31,60,42,54,64,78,45,62,49,71,71,61,65,45,32,31,63,53,13,10,11,7,11,675
PS2511,England,191,78,27,Cambridge Utd ,47,40,None,64,66,66,62,21,62,32,53,32,55,50,53,57,81,50,61,36,67,64,44,22,24,31,36,41,29,12,6,15,13,11,675
PS2512,England,180,76,24,Plymouth Argyle ,64,64,None,33,35,57,60,63,39,49,61,49,51,48,82,70,69,76,84,81,57,56,62,64,59,51,35,59,57,13,5,14,9,6,675
PS2513,Argentina,176,70,22,Rosario Central  ,65,63,None,65,67,68,67,56,61,56,62,49,69,67,69,75,71,74,72,57,62,58,58,52,50,52,47,45,51,6,7,14,8,6,675
PS2514,Republic of Ireland,191,80,28,Wrexham AFC ,57,52,None,62,65,74,59,46,62,58,62,27,57,58,58,82,81,38,64,61,72,64,56,33,48,30,32,36,29,12,13,11,15,8,675
PS2515,England,188,70,27,Plymouth Argyle ,55,53,None,65,66,62,58,29,63,38,53,37,65,62,51,82,84,62,53,49,81,63,58,28,33,38,51,49,34,10,15,9,8,11,675
PS2516,Germany,173,68,24,Austria Klagenfurt ,64,66,None,38,43,58,62,65,37,65,59,53,60,54,75,63,55,85,75,85,71,45,61,58,53,43,35,55,62,11,8,8,13,7,675
PS2517,Venezuela,177,64,25,Est. de Mérida ,65,64,None,32,26,40,61,64,25,63,50,65,56,53,70,70,38,57,65,72,46,41,46,59,36,42,33,61,36,8,14,12,5,7,675
PS2518,Iceland,193,85,34,Hammarby IF ,61,48,None,65,69,71,65,35,68,54,64,44,67,65,32,50,87,32,35,32,62,74,68,41,53,52,56,60,46,15,12,14,11,15,675
PS2519,Sweden,184,81,24,Degerfors IF ,65,60,None,63,67,65,62,62,65,58,64,54,65,62,70,85,81,66,67,65,64,58,62,59,60,51,39,44,42,13,7,7,9,14,675
PS2520,Cameroon,185,83,28,SM Caen ,57,54,None,62,62,71,62,54,64,56,55,56,61,59,65,88,86,66,65,65,75,61,51,31,41,53,38,47,41,8,9,9,11,5,675
PS2521,France,179,66,28,FCSM ,66,64,None,57,59,66,64,61,60,64,60,58,67,61,64,89,69,77,70,81,56,58,55,50,50,60,59,54,53,9,13,6,13,14,675
PS2522,Austria,187,86,33,SK Rapid Wien ,46,48,,66,69,71,64,48,66,29,70,44,58,53,35,73,82,56,63,57,80,67,32,24,33,25,13,22,19,10,10,8,14,9,650
PS2523,Spain,182,75,19,SD Huesca ,64,45,,61,66,63,61,33,66,42,57,35,64,55,62,67,69,66,65,61,71,65,51,30,28,39,33,50,32,13,5,15,9,10,650
PS2524,Japan,175,66,21,Strasbourg ,67,67,,48,50,53,57,61,49,63,64,57,66,64,66,60,47,72,74,63,55,46,51,60,51,51,53,48,41,13,15,12,8,6,650
PS2525,England,182,67,26,Forest Green ,64,62,,58,59,66,59,59,60,65,67,61,65,63,74,84,63,72,68,72,54,52,64,59,64,65,58,54,53,10,12,9,9,16,650
PS2526,France,177,76,27,Stade Lavallois ,64,65,None,11,14,26,68,65,25,50,57,42,56,36,87,72,56,81,91,67,60,47,65,64,62,53,38,56,65,8,14,7,7,14,650
PS2527,Iceland,176,70,29,Albacete BP ,57,56,None,61,61,61,53,67,62,61,50,63,60,54,80,76,60,73,81,70,70,56,58,41,34,53,31,41,33,14,8,10,9,14,650
PS2528,Turkey,186,78,21,Hatayspor ,64,61,None,23,26,68,58,65,20,54,50,35,56,39,66,58,75,55,69,54,53,67,70,65,54,32,40,62,46,12,10,14,6,9,650
PS2529,Spain,181,69,26,Miedź Legnica ,68,62,None,48,52,42,63,61,55,65,60,49,68,62,56,55,57,69,55,70,53,55,61,55,72,60,68,48,40,12,10,13,14,8,650
PS2530,Portugal,180,74,21,Marítimo ,69,66,None,55,62,59,58,61,49,66,57,53,70,69,64,67,64,65,66,63,66,56,57,44,45,62,47,48,41,8,7,12,6,12,650
PS2531,Korea Republic,177,67,35,Jeonbuk Hyundai ,72,70,None,44,51,57,59,67,60,74,69,65,74,67,66,71,60,68,66,74,53,57,65,64,71,71,70,66,62,7,8,13,13,11,650
PS2532,Portugal,180,77,29,FC Voluntari ,60,57,None,62,64,65,63,56,64,53,55,60,62,59,69,68,73,76,70,69,74,55,63,56,49,47,46,53,42,7,8,9,13,8,650
PS2533,Turkey,182,72,20,AZ ,66,68,None,18,17,50,58,63,18,50,57,42,60,43,78,68,60,66,74,73,63,59,64,68,58,57,47,77,57,12,14,14,7,15,650
PS2534,Germany,187,76,19,Wolfsberger AC ,58,48,None,68,70,63,61,26,63,39,52,37,57,59,51,55,67,58,55,48,60,67,49,30,31,38,33,33,31,8,6,14,5,11,650
PS2535,Spain,175,67,21,CD Tenerife ,68,60,None,64,57,65,59,59,52,63,60,59,69,63,68,65,51,74,66,67,60,56,70,61,42,47,50,53,42,8,5,13,10,10,650
PS2536,Curacao,189,75,33,Perth Glory ,57,60,None,63,65,70,63,32,63,54,66,36,65,61,66,69,90,62,74,53,71,62,66,34,43,33,48,44,35,6,13,15,8,14,650
PS2537,Germany,176,72,21,STVV ,70,71,None,59,60,57,60,57,50,58,58,62,73,72,69,55,52,75,55,76,54,55,67,53,58,65,51,61,57,15,8,8,10,6,650
PS2538,Germany,175,70,26,Karlsruher SC ,68,65,None,42,58,40,62,57,52,68,60,58,67,61,66,67,46,84,71,75,65,40,66,59,60,49,41,40,62,8,10,6,11,11,650
PS2539,Brazil,197,92,27,Viktoria Köln ,60,58,None,26,22,49,55,65,20,46,61,33,47,36,55,67,89,36,58,63,65,70,69,68,47,30,27,60,59,11,8,13,13,5,650
PS2540,Ghana,188,80,20,CFR 1907 Cluj ,65,65,None,30,36,73,63,61,40,59,57,48,60,54,81,76,81,65,86,69,80,57,68,61,46,49,43,57,55,6,11,15,10,7,650
PS2541,Senegal,183,79,33,Dijon FCO ,57,52,None,58,67,75,72,55,65,47,64,30,60,54,51,62,80,59,55,49,75,65,44,24,19,25,32,36,13,10,15,8,8,6,650
PS2542,England,188,85,19,Coventry City ,65,62,None,64,66,64,59,41,63,60,68,44,70,66,63,70,75,49,58,56,72,64,40,23,36,50,29,36,43,8,9,10,11,7,650
PS2543,England,188,80,35,Sheffield Wed ,69,62,None,29,23,71,69,69,21,63,66,43,62,46,50,77,85,56,52,63,70,67,68,68,63,56,61,70,65,8,7,13,15,15,650
PS2544,Romania,185,78,29,FC Rapid 1923 ,55,54,None,61,62,82,62,48,62,55,50,63,62,57,70,70,73,66,73,69,63,55,57,44,45,54,45,47,34,15,13,12,7,11,650
PS2545,Bulgaria,192,88,34,Reggina ,65,62,None,11,15,52,67,73,12,52,68,50,63,50,32,68,90,34,33,39,66,68,71,73,70,62,74,64,64,11,9,5,7,14,650
PS2546,Ghana,176,70,20,FC Nordsjælland ,66,68,None,47,36,63,56,62,21,57,65,49,61,56,90,54,60,82,90,83,57,44,56,55,40,49,37,49,39,9,8,15,9,7,650
PS2547,England,170,62,21,Northampton ,69,70,None,34,28,37,55,58,24,49,56,56,53,48,84,59,34,86,83,85,46,43,65,64,50,52,41,53,58,12,7,15,5,7,650
PS2548,China PR,185,77,35,China PR ,68,72,None,29,26,64,71,71,41,65,59,63,63,58,71,71,79,63,80,72,72,67,76,65,68,48,47,66,64,8,15,9,10,14,650
PS2549,Belgium,185,79,26,FCU 1948 ,62,60,None,60,62,71,64,66,62,64,62,64,64,61,60,72,72,64,64,63,57,58,66,58,58,49,52,51,52,13,14,12,12,8,650
PS2550,England,177,70,21,Barnsley ,63,65,None,35,41,36,58,61,38,60,63,60,59,55,83,56,48,78,85,86,47,30,63,56,56,57,63,48,54,10,12,7,14,7,650
PS2551,Turkey,190,82,28,Giresunspor ,10,8,None,9,11,18,59,8,9,10,34,9,33,18,21,26,53,22,22,23,33,13,47,7,7,10,9,28,8,66,67,67,62,66,650
PS2552,Sweden,185,75,34,GIF Sundsvall ,62,57,None,26,29,67,65,70,33,55,65,48,63,47,71,70,79,58,71,65,69,63,72,68,65,45,48,57,57,11,15,6,6,8,650
PS2553,Wales,185,74,33,Blackpool ,26,13,None,12,12,25,62,14,25,35,35,18,23,16,39,30,60,50,45,45,62,15,51,11,16,16,13,20,17,70,67,66,68,66,650
PS2554,Chile,176,74,27,Ñublense ,66,66,None,17,13,29,58,62,22,64,55,48,66,59,68,58,48,57,67,71,44,39,65,57,66,50,66,61,48,14,7,13,9,6,650
PS2555,Ivory Coast,187,75,26,Ascoli ,64,59,None,11,11,54,55,65,19,48,48,39,50,38,64,62,69,52,56,56,65,68,69,69,58,44,33,64,48,9,14,5,13,7,650
PS2556,Senegal,185,78,34,Chennaiyin FC ,62,61,None,62,64,78,63,50,64,50,64,51,62,62,63,65,78,58,61,68,84,69,55,34,38,44,45,54,40,12,11,15,6,11,650
PS2557,England,170,72,26,Crawley Town ,63,64,None,12,13,56,63,66,22,47,67,39,56,43,77,75,58,90,77,86,70,60,62,64,61,62,44,65,59,13,13,13,15,16,650
PS2558,Norway,178,74,21,Odds BK ,65,64,None,53,55,60,61,64,61,65,68,48,66,63,74,77,59,79,73,80,70,52,54,50,48,46,39,45,42,14,12,14,6,10,650
PS2559,Colombia,182,83,20,Banfield ,63,65,None,22,20,29,70,60,36,63,62,63,58,57,68,59,78,54,67,70,50,54,64,62,60,50,43,52,58,6,11,10,14,6,650
PS2560,Paraguay,180,88,33,Cerro Porteño ,65,30,None,62,70,72,59,27,64,31,61,49,63,48,54,64,73,56,65,49,70,66,35,17,22,28,28,36,27,8,14,9,10,14,650
PS2561,Burkina Faso,184,74,21,AC Ajaccio ,68,69,None,18,12,26,49,63,19,45,52,51,62,42,74,60,68,67,73,70,75,62,64,62,58,47,41,49,59,6,8,8,15,13,650
PS2562,Sweden,180,76,20,AZ ,64,65,None,25,27,40,55,59,31,57,60,57,59,54,84,50,60,76,84,87,59,30,57,56,54,49,35,50,42,14,14,6,14,8,650
PS2563,Spain,184,80,33,R. Sporting ,50,36,None,65,67,68,69,22,67,35,61,46,59,53,29,59,85,28,31,28,62,70,60,23,22,55,31,42,21,13,12,9,8,8,650
PS2564,Poland,172,70,20,Pogoń Szczecin ,67,72,None,29,25,48,48,58,16,48,62,53,54,46,90,70,47,82,87,85,38,42,52,55,36,42,36,57,44,14,14,13,11,10,650
PS2565,Spain,182,77,28,Burgos CF ,50,43,None,64,63,73,62,32,63,52,54,45,63,65,51,65,80,59,51,49,74,60,52,36,44,66,63,50,32,15,14,12,13,10,650
PS2566,England,175,70,37,Sheffield Utd ,69,58,None,28,34,73,77,78,33,65,81,61,66,53,57,53,72,71,52,63,55,73,72,79,64,65,55,75,74,11,7,8,11,8,650
PS2567,China PR,173,67,26,Henan SSLM FC ,64,74,None,46,42,60,65,58,46,53,52,48,51,44,81,75,62,82,80,85,89,60,61,66,46,53,40,46,41,14,9,8,14,9,650
PS2568,United States,185,77,28,D.C. United ,58,54,None,61,63,71,62,39,67,54,64,50,58,56,59,71,76,64,55,65,73,63,65,52,49,48,35,42,47,13,6,12,14,6,650
PS2569,Sierra Leone,182,70,28,MK Dons ,61,64,None,52,51,32,60,59,47,63,62,63,60,52,80,50,57,74,80,82,54,39,65,57,58,65,66,59,60,10,15,7,14,15,650
PS2570,France,193,93,32,Paris SG ,16,11,None,11,13,25,67,14,24,22,51,13,28,23,37,31,72,25,39,32,57,11,45,10,14,19,13,20,13,65,67,66,60,72,650
PS2571,Italy,178,72,28,Perugia ,62,62,,52,57,70,66,68,63,70,72,62,66,63,34,63,52,75,41,66,60,60,64,56,59,65,57,64,45,10,8,13,6,9,625
PS2572,Romania,190,82,22,FC Voluntari ,18,14,,15,18,29,62,14,15,49,50,16,30,33,38,32,44,43,45,47,46,14,44,12,19,13,15,17,15,62,68,63,58,64,625
PS2573,Germany,182,80,23,MSV Duisburg ,61,55,None,64,68,68,61,42,60,55,58,50,62,53,69,72,75,67,68,64,77,62,63,52,62,36,39,37,41,11,10,8,9,6,625
PS2574,Hungary,192,74,29,Sepsi OSK ,51,29,None,67,66,70,53,27,64,32,48,48,60,53,47,64,77,50,66,35,70,63,42,21,27,28,31,38,27,13,13,11,10,8,625
PS2575,Scotland,175,66,32,Motherwell ,61,60,None,64,65,70,59,56,62,55,60,57,62,60,68,83,67,66,69,69,78,60,56,53,51,54,35,52,49,4,5,5,15,6,625
PS2576,Spain,184,76,34,FC Goa ,69,66,None,44,45,77,62,66,47,70,66,61,71,71,46,83,65,57,43,66,68,56,43,60,64,70,68,60,52,9,10,11,7,12,625
PS2577,Argentina,186,80,29,Atlético Tucumán ,62,54,None,66,65,63,65,31,69,37,63,58,63,56,66,67,74,57,64,50,79,58,39,20,21,40,23,35,22,14,5,9,8,12,625
PS2578,Ecuador,178,66,30,CS Emelec ,64,59,None,57,67,59,61,59,66,64,56,45,66,62,63,74,59,58,64,64,57,49,49,53,54,37,52,53,33,14,13,13,9,9,625
PS2579,Denmark,181,75,25,AGF ,63,60,None,58,60,55,60,43,58,50,52,55,60,55,79,73,75,69,79,72,80,60,54,42,34,58,31,40,40,10,7,10,10,14,625
PS2580,England,180,77,28,Crewe Alexandra ,64,63,None,24,26,63,61,63,30,54,62,45,56,41,76,68,68,62,78,68,70,60,66,64,61,48,42,59,49,15,7,7,7,13,625
PS2581,Korea Republic,185,73,28,FC Seoul ,62,52,None,61,62,81,66,65,65,37,62,48,57,52,73,84,78,68,74,68,74,75,65,61,48,47,44,43,51,8,8,11,11,14,625
PS2582,Saudi Arabia,173,67,28,Al Tai ,64,66,None,22,25,39,57,60,18,60,61,61,62,50,83,56,41,82,76,79,47,34,63,59,61,63,44,44,43,9,12,14,9,14,625
PS2583,Australia,180,72,32,KAS Eupen ,66,68,None,65,65,66,62,64,59,58,60,68,64,58,69,78,65,66,61,66,60,60,51,51,54,66,63,44,44,13,14,8,10,11,625
PS2584,Costa Rica,178,70,28,Inter Miami CF ,63,66,None,17,14,25,60,61,25,59,58,57,62,39,81,65,59,69,81,74,55,56,71,63,62,59,65,66,48,7,8,13,9,15,625
PS2585,Portugal,185,78,31,Widzew Łódź ,62,68,None,59,58,62,59,60,56,63,52,66,61,53,76,72,66,69,72,81,58,43,48,49,52,68,55,64,58,11,14,11,10,11,625
PS2586,Northern Ireland,175,67,23,Accrington ,58,59,None,61,62,83,59,51,63,56,54,49,64,60,60,68,61,80,62,70,71,54,60,48,48,42,41,56,43,12,11,13,5,8,625
PS2587,Albania,189,86,28,Huddersfield ,61,61,None,22,36,76,61,65,24,66,58,57,60,52,71,68,74,68,73,67,73,63,69,64,55,59,42,65,60,11,13,6,10,11,625
PS2588,France,170,62,23,SC Austria ,63,63,None,54,58,54,56,53,56,52,62,62,55,52,82,78,40,88,86,89,53,45,40,42,44,56,30,41,25,7,11,14,13,12,625
PS2589,Germany,184,81,29,1860 München ,63,48,None,58,62,61,52,47,66,60,64,49,69,68,58,80,73,62,61,67,73,56,63,41,52,73,68,33,48,7,10,16,7,15,625
PS2590,Senegal,190,84,29,SV Sandhausen ,52,45,None,63,66,75,54,33,62,46,60,31,51,54,57,63,83,54,81,47,65,67,56,34,37,41,38,49,37,13,13,10,6,12,625
PS2591,Paraguay,175,69,29,Sarmiento ,65,60,None,60,68,68,61,60,62,56,59,46,60,60,50,68,67,61,59,53,67,52,51,55,61,32,42,37,28,6,10,5,11,13,625
PS2592,Spain,183,75,23,Valencia CF ,11,10,None,14,10,17,50,6,13,30,27,12,25,27,42,28,53,50,41,52,72,14,50,8,7,13,12,20,5,63,68,65,67,67,625
PS2593,Spain,173,65,23,FC Andorra ,64,53,None,67,65,49,62,45,65,43,51,65,63,43,64,47,57,70,53,57,52,66,40,27,38,44,44,43,26,12,12,12,13,15,625
PS2594,Spain,193,79,22,Rayo Vallecano ,13,11,None,12,11,27,64,5,10,42,37,10,30,28,47,29,58,26,46,31,45,14,47,10,11,11,12,13,6,61,64,66,62,66,625
PS2595,Brazil,177,68,23,R. Valladolid CF ,57,53,None,69,64,40,62,45,62,38,48,54,53,34,74,69,52,72,72,62,65,50,55,38,40,35,42,40,21,6,6,9,12,11,625
PS2596,Finland,183,63,28,HJK Helsinki ,66,64,None,45,48,58,58,64,48,58,55,58,58,55,78,62,56,68,76,73,49,43,67,60,52,49,40,55,52,6,11,12,10,7,625
PS2597,Argentina,193,87,22,Stade Brestois 29 ,16,9,None,13,12,21,60,7,12,27,33,10,26,33,22,26,55,45,25,33,65,11,47,6,7,11,10,14,7,67,64,59,63,69,625
PS2598,Netherlands,189,75,22,R. Union St.-G. ,72,66,None,62,59,58,63,35,59,48,49,52,70,59,55,70,65,52,60,57,56,62,52,38,40,41,40,53,38,9,6,7,8,8,625
PS2599,Bolivia,176,70,23,Royal Pari ,61,65,None,62,63,74,63,45,61,44,60,61,56,43,68,65,65,69,67,65,71,61,51,39,37,43,36,44,33,12,12,9,9,8,625
PS2600,France,173,73,25,En Avant Guingamp ,63,65,None,61,67,64,52,58,59,56,53,66,61,58,69,62,69,64,75,61,68,60,57,59,56,54,48,52,61,7,8,14,13,13,625
PS2601,Germany,180,72,23,VfL Osnabrück ,69,71,None,55,63,49,71,45,56,64,52,64,60,51,78,72,56,80,72,81,73,44,40,35,41,72,45,48,45,8,9,14,13,12,625
PS2602,Spain,166,72,24,FC Andorra ,63,61,None,63,64,58,63,63,56,43,53,63,63,62,68,73,53,59,64,66,57,57,46,37,44,43,40,49,38,6,10,8,12,12,625
PS2603,France,172,73,34,En Avant Guingamp ,70,67,None,69,67,68,70,65,64,73,70,64,67,65,62,63,60,83,69,60,56,64,61,56,66,68,63,58,51,16,8,15,11,14,625
PS2604,Peru,174,67,22,FBC Melgar ,60,31,None,60,62,52,60,28,63,40,58,63,62,50,70,60,63,43,70,70,51,53,36,32,35,42,37,40,40,13,8,7,6,14,625
PS2605,Haiti,180,75,23,FC Metz ,63,61,None,61,64,66,58,55,59,55,62,52,67,64,66,66,70,68,67,64,71,61,63,39,54,58,45,35,43,9,11,12,7,7,625
PS2606,Chile,180,66,24,Talleres ,60,63,None,59,64,51,57,57,56,55,53,64,64,62,69,71,65,65,71,67,66,54,33,26,32,47,31,33,39,11,12,7,12,6,625
PS2607,Argentina,181,76,23,Gimnasia ,54,63,None,61,64,53,59,58,62,57,49,65,65,56,69,59,57,57,74,61,63,51,29,38,35,45,32,48,30,15,7,10,8,6,625
PS2608,Denmark,179,75,25,FC Nordsjælland ,67,66,None,56,63,55,58,65,55,60,61,62,65,57,77,69,64,73,78,75,74,49,65,55,52,59,40,47,52,7,9,10,12,10,625
PS2609,Scotland,188,76,29,Portsmouth ,58,54,None,65,65,63,63,50,65,48,59,59,54,49,56,68,75,63,58,61,78,66,35,26,28,51,36,49,17,10,14,9,9,7,625
PS2610,Turkey,173,71,25,FSV Zwickau ,60,63,None,55,59,53,60,58,57,61,58,64,61,62,81,80,56,83,71,81,56,45,53,53,49,61,55,49,36,11,6,12,7,5,625
PS2611,Austria,187,85,23,SV Elversberg ,14,12,None,12,12,23,44,4,19,38,27,12,21,20,26,19,64,30,17,30,43,11,48,8,7,10,13,14,8,64,70,65,64,67,625
PS2612,Germany,177,66,25,Austria Klagenfurt ,64,61,None,61,61,63,59,49,61,52,53,59,60,52,75,70,40,75,66,73,74,53,55,46,48,47,38,34,22,7,13,12,12,6,625
PS2613,Norway,177,70,22,Toulouse FC ,64,64,None,59,59,58,58,53,56,57,59,59,57,48,78,75,60,76,78,80,71,53,56,50,42,52,36,42,40,13,12,6,12,9,625
PS2614,Norway,176,64,27,Rosenborg BK ,64,60,None,59,61,66,66,60,63,64,59,62,65,63,64,77,51,79,59,71,62,52,55,55,54,63,60,48,37,10,10,6,6,11,625
PS2615,Chile,169,69,27,Unión La Calera ,60,59,None,67,66,68,64,44,74,65,71,45,68,70,69,82,59,80,66,66,69,64,61,22,49,50,51,55,17,8,12,9,9,7,625
PS2616,Spain,172,63,23,RC Celta ,64,57,None,67,65,45,57,48,53,33,48,64,65,54,67,63,37,83,68,55,59,62,53,28,49,66,34,32,27,12,9,13,13,10,625
PS2617,Saudi Arabia,185,73,29,Al Taawoun ,59,46,None,63,65,70,59,48,64,40,47,54,60,62,44,68,81,54,45,61,76,64,72,50,66,38,52,50,56,8,12,11,7,11,625
PS2618,Argentina,178,75,24,Barracas Central ,65,62,None,59,63,55,54,66,59,61,48,60,64,63,71,72,56,58,75,69,64,49,52,36,45,57,36,55,33,8,11,9,12,8,625
PS2619,Bolivia,178,75,24,O. Petrolero ,60,52,None,58,62,60,58,48,62,41,45,57,64,60,70,70,64,63,70,70,72,68,48,44,45,57,50,62,55,13,14,5,9,10,625
PS2620,Bosnia & Herzegovina,199,101,36,Everton ,24,16,None,12,11,42,70,11,21,34,58,14,26,32,30,36,79,40,33,36,38,12,55,19,12,17,15,40,12,73,75,77,73,71,625
PS2621,United States,173,72,26,Minnesota United ,60,56,None,62,63,60,64,47,61,43,44,55,58,51,70,68,75,71,70,56,63,47,36,25,31,30,25,31,24,14,13,11,10,13,625
PS2622,Austria,184,76,29,SCR Altach ,61,59,None,62,64,71,63,42,64,55,58,55,64,59,64,75,67,65,66,58,77,59,51,42,52,48,36,35,32,13,8,8,12,11,625
PS2623,Norway,172,72,20,Slavia Praha ,67,66,None,54,56,75,57,64,60,65,61,63,65,65,78,78,64,85,76,84,83,45,56,55,48,63,56,50,40,9,14,11,7,12,625
PS2624,Germany,180,70,25,SpVgg Bayreuth ,64,62,None,61,60,77,61,58,54,59,55,61,61,56,75,74,68,67,76,65,70,55,78,49,51,70,64,56,44,9,9,9,10,14,625
PS2625,Paraguay,178,73,27,Club Nacional ,65,60,None,55,63,57,65,65,60,60,50,47,67,63,65,70,59,71,60,60,70,52,65,59,63,35,44,43,32,6,14,11,6,14,625
PS2626,France,183,73,23,Quevilly Rouen ,62,62,None,71,69,60,53,54,60,46,47,56,50,46,66,58,45,73,69,61,66,50,25,34,35,31,31,40,25,8,9,11,12,9,625
PS2627,Peru,175,71,23,Ayacucho ,58,51,None,63,67,64,55,36,63,43,59,50,53,46,72,65,61,78,69,76,59,61,44,27,29,45,32,37,26,9,7,10,7,14,625
PS2628,England,178,73,28,Bristol Rovers ,65,65,None,53,60,47,66,62,61,67,62,65,65,62,70,68,61,74,70,69,72,51,66,60,64,58,57,54,47,8,9,9,6,12,625
PS2629,Italy,186,77,20,Reading ,60,59,None,47,52,62,59,65,50,68,55,45,71,70,74,59,65,67,68,62,64,66,60,63,62,61,60,57,57,7,10,7,10,15,625
PS2630,Uruguay,168,60,23,Wilstermann ,53,50,None,63,62,55,59,42,60,35,63,59,56,47,74,74,33,84,69,70,40,58,43,55,63,46,31,50,70,12,12,10,18,14,625
PS2631,Belgium,187,77,24,KV Mechelen ,57,50,None,65,67,72,57,39,62,43,47,62,57,52,57,65,72,61,70,62,62,68,41,21,31,38,26,31,27,8,10,15,13,12,625
PS2632,France,184,78,22,Niort ,67,63,None,55,65,61,56,25,60,64,66,50,68,62,68,67,72,58,72,65,70,56,52,47,45,37,35,50,40,13,12,5,9,14,625
PS2633,Denmark,179,70,32,AaB ,65,64,None,62,64,56,62,63,63,60,64,66,65,58,64,72,70,69,62,64,59,54,59,41,49,60,55,42,57,13,14,14,8,8,625
PS2634,Norway,186,80,29,HamKam Fotball ,64,62,None,50,56,56,65,61,63,63,55,40,64,63,52,76,74,54,54,48,59,55,60,55,63,51,50,35,40,9,7,9,8,14,625
PS2635,Denmark,185,80,24,Tromsø IL ,63,59,None,59,58,62,55,51,60,50,58,56,60,54,73,78,70,71,72,69,72,56,58,53,50,48,35,40,45,7,9,8,13,11,625
PS2636,Curacao,181,73,29,RKC Waalwijk ,61,62,None,62,63,64,60,53,65,41,56,53,65,43,77,74,74,64,88,66,81,61,56,28,50,35,35,40,32,13,8,13,12,11,625
PS2637,Comoros,170,68,26,Rodez AF ,60,57,None,58,62,53,54,50,59,49,47,59,61,52,82,77,64,88,77,89,87,60,54,32,29,57,35,40,34,14,12,8,12,11,625
PS2638,Brazil,184,81,34,Jamshedpur FC ,67,66,None,41,54,54,67,66,51,73,64,64,71,69,51,67,77,66,47,66,31,54,73,64,68,69,64,66,56,4,4,4,4,4,625
PS2639,Australia,178,72,22,Brisbane Roar ,58,57,None,63,65,63,63,46,62,52,59,44,62,59,69,75,72,67,71,68,72,58,47,30,37,48,36,39,25,12,14,15,8,13,625
PS2640,Venezuela,170,70,25,Atlanta United ,58,58,None,59,62,56,60,48,61,48,52,60,53,50,81,71,65,82,82,75,72,50,33,31,35,58,30,38,22,12,8,13,6,6,625
PS2641,Austria,183,72,23,SK Rapid Wien ,63,59,None,62,64,67,61,49,63,58,56,51,66,63,67,55,68,67,69,71,65,68,56,39,52,40,43,43,29,10,7,13,6,15,625
PS2642,England,188,87,29,FC Cincinnati ,65,65,None,63,64,67,60,54,64,59,60,66,62,60,66,65,84,47,67,59,51,64,56,24,56,70,65,45,44,8,15,11,15,14,625
PS2643,England,191,77,22,Barnsley ,52,43,,63,65,68,58,31,61,40,57,29,57,48,55,55,77,53,59,48,68,64,44,28,24,33,33,45,35,8,13,14,6,14,600
PS2644,England,180,76,32,Barnsley ,62,60,,30,35,75,62,66,37,56,63,47,59,51,67,63,71,64,68,69,86,67,67,65,61,57,58,61,60,10,11,14,8,12,600
PS2645,Scotland,175,75,29,Kilmarnock ,64,64,,42,49,61,57,55,45,60,56,60,60,56,80,76,58,82,78,86,77,60,58,57,55,57,47,63,49,12,15,11,15,7,600
PS2646,Uruguay,189,77,18,Genoa ,53,50,,65,67,65,65,48,67,50,57,52,54,51,66,59,68,50,70,57,61,64,51,22,21,30,31,35,23,11,7,12,7,14,600
PS2647,England,173,60,26,Mansfield Town ,63,63,None,60,63,72,60,54,59,63,63,52,64,64,67,79,63,84,64,83,74,57,68,48,59,59,61,58,43,12,9,7,10,12,600
PS2648,Norway,186,82,26,Kristiansund BK ,59,60,None,62,63,60,58,48,60,46,50,60,55,46,65,75,69,62,67,54,72,54,52,38,42,55,30,38,29,8,9,7,9,12,600
PS2649,Netherlands,183,82,23,Go Ahead Eagles ,60,54,None,70,66,62,57,54,63,49,53,51,66,63,64,66,75,52,52,53,61,60,65,39,42,44,49,47,47,12,13,6,12,12,600
PS2650,Scotland,186,76,36,Dundee United ,68,66,None,14,22,56,68,70,36,66,73,55,63,60,45,54,77,65,50,57,81,79,76,70,64,36,42,74,71,16,13,10,13,9,600
PS2651,Romania,190,85,24,FCSB ,14,19,None,11,15,28,58,15,19,52,48,15,29,22,38,33,44,37,45,48,55,12,53,15,19,12,14,19,15,60,64,63,71,70,600
PS2652,Brazil,175,65,38,Paços Ferreira ,69,66,None,68,70,80,68,69,69,73,70,59,74,71,54,79,64,77,53,69,86,69,69,69,64,54,45,58,59,14,8,8,13,16,600
PS2653,Guinea Bissau,184,78,32,Livingston ,64,65,None,16,19,56,60,63,24,57,70,59,64,53,65,66,80,61,74,66,70,67,68,64,60,61,50,56,60,6,10,13,14,9,600
PS2654,Uruguay,170,64,19,Nacional ,64,66,None,30,34,30,59,65,31,56,47,63,59,57,77,54,59,58,73,73,64,58,62,60,61,43,45,55,59,13,13,9,9,14,600
PS2655,Netherlands,191,80,21,Excelsior ,58,59,None,63,65,56,59,49,60,42,46,62,59,48,70,67,71,47,80,54,62,48,49,31,44,52,33,42,35,14,13,13,6,11,600
PS2656,Germany,181,79,33,Saarbrücken ,60,57,None,66,65,71,63,48,65,55,64,49,63,63,55,88,72,66,52,51,73,65,66,47,59,51,43,56,56,7,9,9,15,13,600
PS2657,Scotland,175,70,33,Hearts ,64,65,None,33,35,44,60,62,25,63,63,61,62,53,80,60,56,82,76,82,67,47,65,60,62,67,44,55,58,7,8,11,7,15,600
PS2658,Guyana,185,78,25,Stevenage ,57,52,None,61,64,64,58,41,61,44,57,52,58,50,70,73,75,56,70,70,75,58,46,35,31,51,32,33,42,14,8,14,12,9,600
PS2659,Spain,188,77,24,CD Leganés ,57,26,None,68,72,57,55,22,64,26,46,25,64,45,34,35,70,55,38,31,73,67,36,16,19,26,29,32,21,6,7,15,7,9,600
PS2660,Korea Republic,185,70,25,Pohang Steelers ,69,62,None,53,61,64,63,59,59,58,62,46,66,63,69,74,82,68,72,65,70,62,65,53,63,55,50,49,43,13,9,14,10,11,600
PS2661,Turkey,175,68,19,Sampdoria ,68,73,None,50,55,59,54,64,50,67,63,54,67,63,68,67,35,76,68,73,52,49,62,57,59,59,52,50,48,15,8,11,6,15,600
PS2662,Poland,179,84,29,1860 München ,66,62,None,27,36,40,62,63,41,66,61,67,63,60,68,53,55,81,67,79,69,48,78,60,70,71,74,64,63,6,12,6,11,16,600
PS2663,England,188,70,25,Livingston ,55,48,None,63,64,66,66,35,64,52,60,28,57,59,72,67,71,65,66,64,78,62,50,35,26,37,36,43,37,5,14,8,9,15,600
PS2664,France,200,88,23,Quevilly Rouen ,45,36,None,67,69,55,55,31,62,28,45,29,46,35,51,66,89,30,42,39,72,65,48,29,33,32,33,46,32,6,14,8,7,11,600
PS2665,Germany,193,86,23,MSV Duisburg ,51,39,None,64,66,56,59,30,61,33,48,47,54,40,66,63,84,52,75,46,59,65,42,23,31,35,19,22,25,5,14,7,13,14,600
PS2666,Albania,176,71,31,UTA Arad ,63,63,None,59,61,85,62,65,59,63,58,57,66,61,66,75,66,72,64,70,84,55,54,63,62,58,57,44,56,8,5,14,5,6,600
PS2667,Romania,180,72,33,Cracovia ,58,54,None,60,64,65,63,41,59,55,55,62,61,58,73,86,65,70,73,68,77,50,60,41,52,48,49,61,56,8,13,10,13,11,600
PS2668,France,183,76,25,RFC Seraing ,65,60,None,62,65,75,60,43,66,58,51,47,62,57,63,61,67,61,66,65,67,53,52,31,41,32,34,38,28,9,5,11,6,5,600
PS2669,Wales,168,60,29,Swindon Town ,64,64,None,52,56,55,63,61,55,63,66,64,65,63,69,65,34,90,67,88,58,43,60,57,61,59,54,59,51,10,8,16,11,9,600
PS2670,Portugal,189,83,22,Marítimo ,51,44,None,65,67,71,62,29,61,28,62,25,55,36,48,55,75,39,48,41,71,64,41,24,28,30,31,40,28,14,10,7,14,7,600
PS2671,Poland,184,80,33,Górnik Zabrze ,62,65,None,63,64,67,63,64,61,60,66,66,67,58,71,66,69,65,71,72,67,55,67,50,65,53,44,47,56,15,13,15,10,10,600
PS2672,Italy,170,69,32,Bari ,68,64,None,14,14,49,68,61,28,63,65,62,66,60,82,85,60,89,81,90,83,52,65,65,80,72,72,56,64,5,8,13,11,13,600
PS2673,Japan,185,75,23,Celtic ,65,51,None,60,63,60,62,36,67,49,48,40,65,60,59,67,70,54,60,55,64,63,46,36,41,44,41,39,41,12,7,7,14,6,600
PS2674,Poland,179,78,25,Brescia ,63,60,None,64,66,68,65,57,65,54,53,50,61,58,71,61,71,63,68,59,76,57,52,31,40,40,38,42,38,8,8,11,14,8,600
PS2675,Brazil,184,75,25,Radomiak Radom ,63,55,None,63,63,74,54,43,64,49,52,49,63,60,67,71,67,62,70,72,47,43,58,39,52,42,41,44,38,13,7,13,6,15,600
PS2676,Romania,175,76,29,CS Mioveni ,60,63,None,31,30,51,60,61,51,61,64,61,58,52,75,73,69,65,75,73,56,57,67,62,56,54,56,52,51,6,9,7,9,11,600
PS2677,Colombia,177,73,19,Indep. Medellín ,67,69,None,30,39,44,61,62,38,65,53,41,66,59,55,49,42,50,55,56,46,28,60,66,64,64,58,60,55,8,8,9,11,6,600
PS2678,Chile,185,80,23,Unión Española ,53,45,None,61,65,55,62,59,60,73,71,60,57,58,65,87,73,58,61,70,86,69,57,45,49,62,47,43,55,8,8,8,13,16,600
PS2679,Italy,185,80,35,Frosinone ,53,42,None,69,71,75,74,44,72,43,72,35,57,56,54,70,76,54,49,55,91,69,35,33,26,50,47,47,27,16,16,7,7,6,600
PS2680,Paraguay,187,85,31,Guaireña ,61,62,None,66,66,67,61,52,66,63,67,61,65,67,65,66,67,55,65,51,61,62,73,56,72,81,77,67,45,7,11,15,8,7,600
PS2681,Italy,190,79,33,Salernitana ,19,14,None,10,10,11,66,10,16,48,62,8,28,25,36,31,61,35,42,55,71,9,46,15,6,9,4,22,7,66,70,64,61,70,600
PS2682,Argentina,179,76,18,Vélez Sarsfield ,63,62,None,33,31,65,55,63,33,49,51,33,55,45,77,55,65,72,75,70,83,66,65,66,64,40,44,70,50,12,14,13,9,11,600
PS2683,Italy,185,82,26,Modena ,61,58,None,60,61,75,66,49,61,60,58,54,65,62,71,63,70,68,76,62,71,64,67,48,55,49,50,51,42,8,11,8,9,11,600
PS2684,Germany,187,82,25,Vitesse ,30,23,None,10,11,23,67,4,16,52,35,12,45,30,46,28,56,45,30,44,71,10,47,8,9,14,13,12,8,60,67,63,62,67,600
PS2685,France,188,80,26,SM Caen ,22,11,None,18,15,25,59,8,10,32,41,14,29,31,39,29,65,38,37,44,59,12,47,9,7,21,11,12,6,65,66,64,63,66,600
PS2686,Spain,178,73,26,R. Sporting ,58,62,None,57,58,60,55,66,54,54,59,58,57,57,89,76,63,71,89,88,61,46,55,30,38,61,21,32,30,12,15,8,13,14,600
PS2687,Austria,174,66,29,Warta Poznań ,66,66,None,21,20,44,59,61,30,63,62,56,63,59,76,61,32,81,65,80,56,49,64,59,59,64,58,51,58,8,16,10,11,8,600
PS2688,Australia,183,73,26,Colorado Rapids ,60,59,None,59,60,58,57,59,59,54,59,60,57,50,83,71,71,71,81,80,70,53,36,34,34,54,44,33,33,7,10,7,9,11,600
PS2689,England,188,86,22,Lincoln City ,30,24,None,12,14,20,59,7,15,47,42,13,40,39,56,29,58,52,54,55,55,14,48,6,9,13,22,10,7,65,65,63,64,66,600
PS2690,Denmark,181,79,32,Lyngby BK ,63,60,None,59,60,75,60,55,62,56,59,54,65,61,53,80,75,66,54,61,62,50,65,46,52,54,50,40,48,14,11,8,8,6,600
PS2691,Senegal,181,66,21,RSC Anderlecht ,68,70,None,62,64,75,54,37,53,49,53,60,62,55,75,65,57,68,80,78,76,60,32,26,24,35,29,32,21,8,10,5,8,6,600
PS2692,Saudi Arabia,167,61,29,Al Nassr ,70,72,None,28,30,55,55,57,18,64,55,61,60,60,79,35,41,92,67,83,53,51,64,61,60,68,53,54,62,11,12,8,14,15,600
PS2693,Denmark,188,85,33,Odense BK ,23,13,None,14,14,24,69,15,24,45,56,8,12,11,51,33,67,51,48,48,67,12,48,20,16,14,13,14,13,66,67,65,64,69,600
PS2694,Argentina,184,80,34,Godoy Cruz ,20,14,None,15,20,21,70,16,22,47,42,19,32,28,44,36,60,58,46,48,69,14,54,18,20,30,22,70,16,68,71,67,72,74,600
PS2695,Colombia,176,87,29,La Equidad ,59,62,None,19,17,57,60,59,29,61,60,64,58,55,76,80,80,71,81,72,54,61,75,58,59,73,59,58,64,15,8,16,14,16,600
PS2696,Netherlands,191,75,30,Excelsior ,58,57,None,63,66,70,60,50,70,40,65,50,64,65,65,59,67,61,60,56,70,61,30,35,24,34,28,58,29,16,6,12,14,13,600
PS2697,Germany,186,83,24,1. FC Magdeburg ,58,52,None,64,69,63,65,40,68,34,57,56,58,58,64,62,66,57,61,58,64,56,33,33,32,48,35,37,34,7,15,11,14,14,600
PS2698,Greece,182,77,31,Austria Klagenfurt ,58,48,None,64,66,73,63,32,67,50,61,52,61,59,49,68,82,57,51,50,71,66,65,39,47,31,45,58,29,8,13,9,13,7,600
PS2699,England,193,76,33,Wigan Athletic ,23,14,None,12,11,28,64,14,23,63,61,14,43,48,50,28,62,52,45,54,57,15,53,13,15,13,11,11,13,65,69,67,71,67,600
PS2700,Spain,172,64,19,R. Valladolid CF ,66,65,None,43,39,44,47,63,25,62,57,45,65,61,68,46,39,74,62,75,51,37,64,64,68,55,57,42,44,13,8,9,10,6,600
PS2701,Netherlands,191,78,23,Sparta Rotterdam ,45,39,None,65,67,59,59,26,63,28,46,52,58,54,54,70,76,48,44,57,70,64,37,20,20,27,23,37,27,7,7,8,8,14,600
PS2702,Germany,187,82,26,Saarbrücken ,61,58,None,63,62,60,58,38,57,55,52,64,62,61,65,70,76,64,68,64,75,57,64,39,56,64,61,34,29,10,15,11,14,7,600
PS2703,Spain,167,58,19,Paris SG ,67,74,None,38,45,51,55,57,40,64,68,56,62,57,72,33,35,87,64,80,43,35,60,54,54,68,52,60,49,15,7,9,13,8,600
PS2704,Albania,194,92,34,Torino ,20,12,None,11,10,24,73,12,22,42,59,11,20,26,28,39,64,30,28,33,57,12,50,13,15,13,12,22,11,71,68,70,66,72,600
PS2705,Germany,179,74,25,Rot-Weiss Essen ,62,62,None,62,61,64,63,56,59,51,54,63,64,63,67,82,67,73,68,76,68,59,72,53,56,52,58,43,53,7,11,12,13,9,600
PS2706,Turkey,188,75,25,İstanbulspor ,43,32,None,66,68,63,64,32,66,29,45,35,42,34,50,62,75,58,52,41,66,67,45,38,26,28,28,41,29,10,14,13,9,9,600
PS2707,Austria,177,73,26,SC Austria ,56,66,None,60,66,60,57,52,63,46,49,58,60,61,70,67,56,63,65,69,62,49,51,36,48,35,32,41,32,13,11,12,13,13,600
PS2708,England,187,70,19,Chelsea ,72,72,None,54,50,58,55,66,48,69,69,53,71,67,67,50,61,75,63,57,50,46,56,66,46,55,46,58,52,11,12,12,9,10,600
PS2709,Denmark,190,74,26,FK Haugesund ,63,57,None,62,63,59,61,48,63,56,57,52,62,56,65,75,73,63,64,63,75,63,56,40,42,37,44,48,43,5,11,6,9,12,600
PS2710,Senegal,180,66,29,Zagłębie Lubin ,62,66,None,32,24,39,64,62,36,58,55,56,61,54,82,34,59,75,86,80,86,58,65,63,61,59,43,52,62,10,11,7,6,13,600
PS2711,England,196,85,21,SK Sturm Graz ,17,9,None,12,13,20,61,6,11,30,30,10,33,20,44,29,50,31,44,40,50,12,46,6,7,12,20,19,7,64,64,62,61,66,600
PS2712,Latvia,189,75,22,Lechia Gdańsk ,58,44,None,61,65,66,56,28,64,52,54,36,62,57,55,66,75,46,53,44,74,56,51,39,44,31,35,42,36,10,14,12,9,11,600
PS2713,Italy,193,80,24,Cosenza ,63,61,None,68,70,58,57,51,59,54,56,50,74,59,61,47,59,54,55,57,60,57,59,48,39,47,43,53,40,14,8,8,14,8,600
PS2714,Spain,188,81,25,Atlético de Madrid ,52,40,None,65,68,77,59,28,55,28,54,34,64,53,44,65,79,45,55,41,70,55,41,21,25,28,26,40,30,13,10,6,7,11,600
PS2715,Uruguay,179,72,26,Sarmiento ,60,61,None,59,61,49,56,59,59,54,58,65,63,53,73,69,59,67,70,71,58,53,48,41,56,49,49,39,49,10,14,7,9,7,600
PS2716,Korea Republic,172,68,29,Suwon Samsung ,62,68,None,29,42,49,59,68,44,61,52,55,60,55,77,65,34,90,78,87,73,42,63,50,57,64,45,56,66,8,9,10,8,9,600
PS2717,France,180,67,19,Dijon FCO ,66,64,None,33,36,47,65,52,32,60,59,63,65,58,75,53,55,69,76,64,51,50,64,58,61,60,49,59,59,8,14,12,15,14,600
PS2718,Poland,185,82,30,Korona Kielce ,60,61,None,59,63,79,63,52,62,59,57,56,60,62,64,80,80,36,66,57,64,59,66,39,58,48,59,45,43,14,11,11,14,6,600
PS2719,Belgium,174,72,33,R. Union St.-G. ,66,66,None,64,64,68,62,64,64,59,66,64,63,59,68,65,64,76,63,69,72,53,62,54,59,62,59,58,54,14,12,16,6,6,600
PS2720,England,184,70,30,Aberdeen ,55,39,None,67,66,63,64,28,66,44,48,31,56,51,50,34,71,44,47,47,83,64,35,22,23,27,25,36,33,11,6,11,16,12,600
PS2721,Argentina,184,78,25,Barracas Central ,58,45,None,65,69,57,53,28,61,38,58,34,67,55,73,63,61,56,71,54,67,68,46,29,26,34,34,51,33,12,12,13,9,6,600
PS2722,Norway,185,90,32,HamKam Fotball ,65,62,None,26,27,73,63,64,26,59,67,62,64,61,53,65,84,63,63,53,74,62,73,64,60,64,67,70,60,11,14,6,13,16,600
PS2723,Germany,188,82,34,WSG Tirol ,64,67,None,62,64,71,57,57,64,58,62,63,63,67,71,69,89,49,83,65,63,53,73,49,58,48,51,62,42,6,10,14,11,15,600
PS2724,Ecuador,173,75,26,Independiente DV ,64,63,None,55,60,47,62,64,58,57,55,64,62,50,77,62,67,70,81,71,61,55,26,48,45,40,35,40,28,10,13,8,11,8,600
PS2725,France,193,88,25,Wisła Płock ,54,21,None,63,65,59,53,25,62,31,54,23,55,31,63,68,85,35,56,41,70,57,33,24,17,23,25,35,20,13,10,13,12,10,600
PS2726,Republic of Ireland,191,77,26,Lincoln City ,52,44,None,62,63,72,58,30,62,35,54,22,54,48,55,79,82,63,48,50,71,65,35,22,20,27,22,24,21,15,16,9,15,10,600
PS2727,France,188,82,25,Pau FC ,61,55,None,61,63,56,59,59,66,59,64,55,64,59,67,68,73,49,66,60,72,66,55,34,41,41,40,49,38,9,6,13,9,7,600
PS2728,Republic of Ireland,184,75,23,St. Pats ,54,45,None,62,64,60,59,25,62,28,57,30,58,53,60,83,78,68,59,54,72,63,44,31,24,33,25,31,43,11,12,11,12,8,600
PS2729,Sweden,187,70,19,Malmö FF ,65,65,None,51,58,74,64,63,62,58,60,44,63,63,72,90,66,56,79,75,44,54,61,47,55,51,41,51,56,12,14,7,7,8,600
PS2730,Sweden,179,80,27,IFK Norrköping ,64,59,None,58,60,74,55,53,60,58,60,54,64,60,71,80,81,76,77,66,83,57,60,35,40,52,48,45,45,9,6,13,12,10,575
PS2731,Argentina,183,76,29,Patronato ,65,63,None,60,62,70,59,63,62,64,59,47,67,63,61,80,71,51,52,67,57,56,55,45,56,54,43,44,34,9,15,15,12,14,575
PS2732,Peru,179,70,31,Cienciano ,63,63,None,28,38,59,63,65,51,61,66,60,60,51,63,66,60,61,61,64,75,60,65,67,65,68,61,76,64,9,9,13,7,8,575
PS2733,Germany,195,88,28,SV Darmstadt 98 ,25,16,None,15,16,32,55,11,16,34,32,15,36,30,38,30,70,36,39,34,50,22,46,14,14,16,15,26,14,64,67,64,61,67,575
PS2734,Finland,185,85,21,AIK ,59,53,None,61,62,66,57,38,61,35,58,34,63,62,64,72,76,65,67,61,82,62,57,26,26,39,32,36,31,15,6,12,8,12,575
PS2735,Belgium,184,74,22,RSC Anderlecht ,64,46,None,64,66,70,54,24,64,39,46,43,61,63,66,55,67,62,69,67,72,66,42,21,27,28,29,31,23,10,15,14,13,6,575
PS2736,Turkey,170,72,28,Giresunspor ,64,65,None,63,65,59,57,58,56,43,51,64,62,53,72,64,57,86,70,69,60,51,53,40,44,56,46,40,42,14,15,12,10,9,575
PS2737,Iceland,184,69,28,Kalmar FF ,59,58,None,55,61,62,59,52,56,68,55,67,61,55,74,81,70,70,77,67,62,51,58,44,48,60,61,44,44,6,7,14,13,5,575
PS2738,Poland,175,66,22,Jagiellonia ,61,60,None,12,15,61,54,60,19,57,44,58,62,42,87,51,54,77,80,78,57,53,69,66,51,42,35,60,42,5,11,14,14,7,575
PS2739,Norway,183,79,26,Aalesunds FK ,63,62,None,55,57,65,62,57,60,62,64,60,64,62,55,80,71,64,56,62,76,48,65,46,52,58,54,58,48,9,10,14,12,10,575
PS2740,Uruguay,175,71,18,River Plate ,63,64,None,39,23,32,58,54,24,61,48,57,71,46,73,63,44,72,81,77,34,31,57,62,60,42,55,59,39,10,12,9,10,11,575
PS2741,Spain,190,75,20,Argentinos Jrs. ,60,59,None,59,63,62,60,55,61,64,45,57,63,62,66,68,75,64,73,67,66,57,58,47,54,52,56,56,41,10,10,14,14,15,575
PS2742,Germany,191,88,31,Saarbrücken ,58,55,None,62,65,61,54,29,62,55,62,39,62,60,42,37,84,52,51,43,62,71,52,30,39,45,43,42,29,15,10,16,9,7,575
PS2743,Germany,168,72,22,Hamburger SV ,64,66,None,50,54,46,56,49,47,53,49,57,59,55,85,53,58,91,83,91,40,34,55,58,46,46,38,50,45,15,8,12,10,5,575
PS2744,Germany,180,74,23,Viktoria Köln ,66,66,None,27,37,46,61,56,36,59,58,45,63,51,75,63,55,74,80,77,65,40,68,58,58,63,59,42,57,15,14,13,7,8,575
PS2745,Germany,192,83,20,1. FC Nürnberg ,63,58,None,60,64,66,59,45,58,57,48,45,66,60,66,62,79,53,77,54,62,67,57,40,42,48,42,48,41,9,15,5,10,9,575
PS2746,Bolivia,177,72,31,Wilstermann ,65,60,None,48,56,47,63,57,44,57,76,62,60,63,74,58,60,62,75,82,64,58,55,61,57,70,62,64,66,7,8,15,11,15,575
PS2747,Mali,191,79,34,Western United ,65,64,None,63,65,81,62,58,63,62,64,60,65,59,62,70,86,48,63,63,81,65,63,55,60,58,57,58,60,9,10,16,11,15,575
PS2748,England,178,70,23,Salford City ,60,59,None,29,36,51,58,59,28,61,65,60,59,52,82,69,57,74,81,84,58,42,63,58,58,61,60,56,56,9,15,5,12,14,575
PS2749,Ukraine,188,81,31,Shakhtar Donetsk ,16,11,None,16,18,22,57,8,13,41,28,14,28,29,32,22,69,33,15,35,50,14,50,7,8,10,14,10,9,65,66,65,66,66,575
PS2750,Ghana,190,80,26,Charlton Ath ,26,12,None,12,16,24,59,15,23,49,33,13,46,48,40,39,63,55,42,30,57,11,47,19,11,11,11,25,18,64,66,63,63,65,575
PS2751,England,178,66,21,Derby County ,68,70,None,56,60,62,64,58,59,68,64,68,67,64,67,68,47,71,66,72,56,58,69,65,64,70,74,59,50,9,13,13,12,13,575
PS2752,Canada,173,69,30,Whitecaps FC ,70,62,None,51,62,64,61,39,66,63,70,67,71,63,48,80,56,85,40,61,34,46,59,47,49,68,52,57,48,10,8,14,7,11,575
PS2753,Netherlands,176,70,27,CS Mioveni ,58,60,None,60,62,70,56,56,58,50,59,60,58,56,80,67,63,77,79,76,69,55,58,58,50,50,42,43,37,11,15,7,8,13,575
PS2754,Germany,180,70,26,Viktoria Köln ,64,65,None,66,64,76,61,52,64,56,55,53,61,56,73,80,56,79,68,79,75,53,63,54,60,63,43,45,54,12,5,14,9,13,575
PS2755,Denmark,184,73,34,FC Nordsjælland ,64,50,None,64,67,65,67,52,65,55,63,56,68,67,50,66,76,70,55,64,80,69,60,42,45,59,45,38,42,7,16,8,16,13,575
PS2756,Kosovo,179,80,23,IK Sirius ,64,62,None,25,25,57,55,62,25,58,65,44,59,43,75,67,70,79,76,78,80,51,70,64,61,55,47,58,62,9,9,14,8,12,575
PS2757,Germany,187,73,23,Wehen Wiesbaden ,64,63,None,44,46,57,49,62,37,58,57,62,61,58,70,70,63,62,67,62,52,47,59,59,55,52,42,49,47,7,13,15,13,13,575
PS2758,Scotland,186,68,23,Hibernian ,64,63,None,41,44,50,60,62,53,65,59,62,66,64,66,68,47,60,62,64,50,47,60,58,62,64,62,54,57,14,6,13,10,14,575
PS2759,Albania,183,74,27,UTA Arad ,51,52,None,63,68,70,58,27,62,31,51,55,53,44,73,65,79,63,71,65,72,55,55,31,32,34,20,38,29,14,7,6,9,13,575
PS2760,Switzerland,188,90,34,Hansa Rostock ,60,63,None,29,28,49,63,60,38,46,60,38,52,40,75,68,84,60,85,68,61,56,73,64,58,59,41,61,55,15,11,15,9,14,575
PS2761,Bolivia,179,75,23,Royal Pari ,63,61,None,33,39,43,62,55,57,64,76,62,67,62,70,53,59,61,62,63,55,71,62,66,69,53,50,60,58,14,17,10,13,17,575
PS2762,Ghana,185,74,35,QPR ,71,71,None,53,66,57,65,66,64,67,73,70,66,60,70,55,66,62,73,74,66,51,71,63,63,63,53,68,59,7,10,9,13,10,575
PS2763,Turkey,190,84,27,MKE Ankaragücü ,18,10,None,10,13,22,58,4,10,35,39,10,24,22,24,23,66,29,28,25,45,11,47,5,7,14,12,17,5,65,68,64,63,64,575
PS2764,Germany,179,71,22,MSV Duisburg ,67,69,None,24,26,48,61,54,30,59,52,62,65,58,74,70,55,81,72,82,62,43,57,55,51,58,44,49,57,11,7,12,9,6,575
PS2765,Spain,182,75,26,CD Tenerife ,24,25,None,14,11,23,60,16,17,44,32,13,28,27,58,30,47,45,57,63,68,12,49,15,19,20,23,25,8,63,67,61,65,68,575
PS2766,Poland,187,77,34,Miedź Legnica ,62,59,None,63,67,71,61,45,65,53,53,40,65,62,64,71,91,61,53,61,80,64,64,36,29,38,29,27,27,11,15,14,6,12,575
PS2767,Saudi Arabia,183,90,31,Al Shabab ,17,13,None,13,14,24,64,16,18,21,46,11,29,39,42,31,52,52,46,50,60,14,46,16,12,20,14,23,13,65,67,61,61,69,575
PS2768,Republic of Ireland,170,70,31,Stevenage ,64,65,None,20,26,40,59,60,16,62,61,65,63,59,83,75,55,90,82,90,81,51,62,57,59,69,67,59,54,12,7,13,15,7,575
PS2769,Chile,180,75,27,Antofagasta ,68,50,None,57,57,68,58,41,58,50,58,75,66,65,75,72,61,57,49,56,59,68,60,45,67,45,75,68,42,14,15,18,11,11,575
PS2770,England,188,78,31,Well. Phoenix ,56,50,None,64,68,63,55,43,63,50,48,45,58,54,48,69,83,55,56,53,76,65,48,22,20,23,18,37,32,15,15,8,12,12,575
PS2771,Serbia,184,77,30,Odds BK ,65,65,None,37,40,63,63,61,41,55,65,62,59,56,77,67,72,68,77,73,64,48,66,61,63,63,54,65,56,7,7,13,13,8,575
PS2772,Bolivia,180,71,35,The Strongest ,65,63,None,22,23,57,66,67,34,65,65,61,62,55,73,61,69,56,78,62,55,72,68,69,64,62,63,64,64,16,8,14,12,12,575
PS2773,Italy,184,80,28,Südtirol ,62,58,None,65,66,56,57,38,60,35,62,62,62,53,62,70,70,66,63,52,70,51,23,27,17,51,32,39,22,10,12,11,9,8,575
PS2774,England,180,75,24,Grimsby Town ,60,61,None,34,31,37,59,65,40,65,63,60,62,59,80,65,55,71,78,78,64,50,63,60,60,56,40,59,63,11,14,12,5,14,575
PS2775,United States,175,68,18,Sounders FC ,69,70,None,48,57,60,63,62,55,63,69,54,69,63,71,67,45,75,70,78,61,48,48,35,48,50,44,43,44,7,6,9,11,8,575
PS2776,United States,173,71,28,SJ Earthquakes ,72,70,None,53,60,64,62,60,61,59,72,55,68,53,69,80,53,75,59,77,46,52,50,52,50,57,45,52,55,7,15,14,6,13,575
PS2777,Romania,185,85,30,AFC Chindia ,63,58,None,35,38,59,58,65,43,61,63,48,65,46,61,67,77,63,64,60,81,67,69,64,62,53,61,59,60,7,10,16,7,16,575
PS2778,France,186,82,31,Stade Lavallois ,24,10,None,12,11,27,52,13,23,26,45,9,20,19,45,34,71,34,43,41,58,12,47,9,11,11,15,23,13,63,69,67,63,66,575
PS2779,Scotland,178,69,30,Forest Green ,68,67,None,58,58,62,59,58,58,65,69,59,68,66,52,66,69,74,65,69,64,54,66,47,56,52,45,52,42,14,10,11,15,15,575
PS2780,Spain,175,69,21,R. Sporting ,69,62,None,64,62,62,63,41,59,63,56,56,68,65,68,65,48,75,72,66,64,48,57,39,47,55,54,49,43,7,13,8,8,7,575
PS2781,Ecuador,176,75,27,9 de Octubre FC ,73,65,None,61,58,69,57,48,58,52,57,61,65,61,63,72,71,62,63,81,63,62,66,44,67,54,41,76,58,9,9,11,13,8,575
PS2782,Poland,193,88,32,Stal Mielec ,52,45,None,57,65,77,64,45,64,57,64,47,61,60,32,63,90,33,54,29,62,67,61,44,53,44,37,43,32,13,8,6,14,11,575
PS2783,Sweden,187,75,28,Mjällby AIF ,64,64,None,57,57,65,60,62,57,55,62,60,62,53,73,74,72,68,77,67,56,50,65,59,52,56,48,56,52,6,11,14,13,13,575
PS2784,Gambia,179,71,24,VfB Oldenburg ,67,67,None,31,32,33,54,59,28,52,53,51,56,49,84,66,52,73,80,77,50,51,67,63,53,50,43,54,56,6,13,10,8,7,575
PS2785,France,180,66,31,FC Annecy ,66,65,None,48,50,33,54,63,45,56,57,66,66,65,69,48,56,66,59,58,41,40,53,68,42,61,58,64,64,8,10,10,9,9,575
PS2786,Norway,189,80,27,Degerfors IF ,23,17,None,17,18,30,59,11,18,65,48,13,29,18,48,44,65,55,50,50,70,14,49,15,19,16,21,15,19,63,67,62,65,68,575
PS2787,Jamaica,194,92,33,Walsall ,63,58,None,16,22,69,63,67,12,53,64,40,59,43,55,75,92,31,51,43,76,66,68,67,56,56,40,64,61,13,11,13,15,12,575
PS2788,China PR,188,78,26,Shanghai Port ,57,42,None,65,68,63,60,41,63,53,52,41,65,62,66,69,74,68,66,60,51,55,41,32,31,30,36,41,31,8,9,8,7,9,575
PS2789,Scotland,182,69,23,St. Johnstone ,63,64,None,43,47,33,54,60,43,63,62,62,58,55,81,70,70,76,81,61,66,50,60,59,58,39,41,62,59,8,6,15,7,5,575
PS2790,Spain,193,80,27,R. Racing Club ,19,17,None,15,17,25,64,15,20,32,33,16,28,27,41,38,66,41,49,36,57,17,48,12,14,16,19,24,15,66,64,63,64,65,575
PS2791,England,178,70,27,Plymouth Argyle ,62,65,None,52,55,39,62,62,53,57,56,63,60,49,84,74,60,79,83,80,57,58,63,63,59,53,54,64,55,8,5,13,13,5,575
PS2792,Norway,192,88,32,Kristiansund BK ,59,55,None,60,63,67,66,48,66,52,64,45,63,60,33,69,83,34,34,37,65,63,66,34,48,45,35,38,30,7,9,12,5,7,575
PS2793,Lithuania,185,80,28,Farul Constanța ,52,51,None,61,62,53,66,50,62,42,52,53,58,50,74,74,71,62,69,69,82,42,38,33,32,42,31,51,41,9,6,5,6,10,575
PS2794,Suriname,187,86,31,Oxford United ,63,67,None,47,54,70,59,63,52,54,65,58,61,60,76,55,79,66,84,72,53,53,80,60,60,67,61,60,59,14,9,13,11,14,575
PS2795,United States,193,84,26,FC Dallas ,56,50,None,60,64,60,62,31,66,40,69,26,62,66,61,73,81,54,54,50,76,57,43,32,35,21,27,30,22,5,13,10,9,12,575
PS2796,Grenada,191,80,31,Leyton Orient ,55,50,None,62,65,68,63,28,61,32,54,53,57,45,54,81,83,51,53,56,75,62,46,26,33,44,20,34,22,13,14,8,14,10,575
PS2797,Ecuador,182,78,23,CS Emelec ,62,65,None,29,24,29,59,62,28,53,43,55,59,48,78,53,76,54,80,74,45,50,61,63,47,53,40,55,64,12,13,13,9,15,575
PS2798,England,168,67,22,Ross County ,61,67,None,31,32,40,51,59,30,59,59,56,57,48,86,61,52,81,82,80,55,42,54,58,49,47,44,55,43,6,15,13,8,9,575
PS2799,Mexico,192,79,28,Charlotte FC ,35,24,None,22,23,24,59,7,18,31,46,20,33,46,41,39,61,32,48,45,60,21,48,11,18,27,21,23,14,65,63,67,64,64,575
PS2800,Turkey,176,72,33,Kasımpaşa ,68,71,None,30,42,39,60,62,44,63,62,68,64,63,66,50,61,75,65,70,72,56,70,57,66,66,73,56,58,6,7,14,6,14,575
PS2801,Gambia,177,68,28,Salford City ,57,60,None,56,58,56,56,54,57,55,59,60,56,53,82,88,61,77,85,81,88,51,57,48,50,61,58,48,45,11,10,10,10,12,575
PS2802,Republic of Ireland,175,71,27,Austin FC ,62,62,None,55,60,51,61,56,55,57,53,59,61,56,74,79,57,70,85,75,56,43,61,53,54,52,40,56,49,9,8,12,5,12,575
PS2803,Scotland,183,70,31,Ross County ,60,60,None,17,12,35,59,60,13,54,54,32,55,34,82,66,69,61,86,73,60,60,69,66,57,52,34,67,58,9,8,14,14,12,575
PS2804,France,177,69,22,FC St. Gallen ,62,67,None,13,28,48,63,63,19,55,55,35,45,40,84,63,62,72,83,82,68,60,55,64,53,58,31,68,47,6,13,11,11,7,575
PS2805,Montenegro,185,80,31,Miedź Legnica ,54,22,None,61,65,70,61,33,62,36,46,31,55,60,54,67,82,65,38,59,60,70,21,31,29,52,41,54,11,16,12,9,7,12,575
PS2806,Ukraine,193,79,22,Hibernian ,62,63,None,17,18,68,57,63,20,52,61,34,56,48,51,69,79,44,54,52,71,67,69,67,59,55,41,71,55,10,13,9,10,7,575
PS2807,Belgium,175,65,18,Standard Liège ,63,66,None,33,40,58,55,54,33,56,52,62,62,57,82,60,40,82,79,78,53,50,56,55,44,60,52,47,52,9,15,8,7,7,575
PS2808,Australia,195,88,32,WS Wanderers ,54,50,None,62,67,74,62,34,64,47,60,30,57,56,42,73,87,57,50,39,52,67,44,29,32,26,39,45,23,13,10,10,6,13,575
PS2809,Germany,187,88,27,FC Ingolstadt 04 ,13,12,None,10,9,27,60,8,14,28,31,9,20,17,39,28,61,40,38,37,59,12,47,9,11,10,13,19,7,63,65,64,62,65,575
PS2810,Ecuador,172,66,31,Mushuc Runa ,67,65,None,26,26,40,63,60,37,54,70,66,62,44,67,63,55,87,65,62,66,65,65,68,65,40,65,65,58,7,8,7,15,9,575
PS2811,Germany,180,75,22,FC St. Gallen ,63,65,None,21,16,39,63,59,14,55,55,54,58,52,78,66,59,71,77,78,58,57,60,59,58,50,57,58,53,13,14,8,5,14,575
PS2812,Wales,178,75,28,Bolton ,63,64,None,56,57,56,58,59,58,57,61,64,58,55,90,64,63,82,85,87,68,54,65,50,52,63,55,60,46,7,12,7,12,10,575
PS2813,Bolivia,179,87,27,O. Petrolero ,55,50,None,60,65,70,59,44,60,39,50,62,61,46,67,65,56,67,71,63,73,65,29,31,26,38,27,37,21,11,6,10,11,13,575
PS2814,Spain,162,60,23,Real Betis ,65,69,None,28,36,42,58,56,31,63,49,61,63,57,74,34,33,89,69,78,37,45,65,63,61,57,49,61,58,14,10,6,7,7,575
PS2815,Germany,185,88,31,FC St. Pauli ,56,48,None,61,65,68,61,35,61,53,63,53,59,59,63,49,82,61,66,57,81,65,58,32,41,29,35,31,33,10,7,12,10,6,575
PS2816,Bolivia,181,75,23,Wilstermann ,66,65,None,32,33,44,71,66,43,61,67,51,56,51,71,66,71,74,73,72,61,41,63,61,62,65,66,67,64,11,15,8,18,7,575
PS2817,Spain,179,71,22,UD Ibiza ,60,62,None,26,30,44,56,62,31,55,60,59,58,57,84,64,58,66,76,80,55,56,65,63,54,52,46,56,57,14,12,8,8,14,575
PS2818,Denmark,195,85,26,AC Horsens ,60,50,None,61,64,65,62,62,60,42,52,36,56,52,54,66,89,43,46,39,42,68,55,56,30,39,25,46,45,7,9,14,10,8,575
PS2819,Belgium,182,68,22,KV Kortrijk ,68,65,None,43,52,34,60,50,49,56,51,60,56,58,79,57,29,84,73,74,67,37,71,56,40,43,36,57,48,7,15,6,7,7,575
PS2820,Australia,176,71,23,Western United ,68,72,None,41,42,47,53,59,36,62,58,54,65,54,73,34,56,83,79,69,52,39,50,48,43,49,36,46,40,15,6,13,6,12,575
PS2821,Ecuador,177,75,31,Mushuc Runa ,64,55,None,33,32,53,73,59,60,28,67,48,69,66,65,82,62,77,65,72,67,71,55,70,60,46,49,62,61,11,11,10,18,14,575
PS2822,Germany,188,77,31,SV Waldhof ,64,60,None,25,23,48,66,61,17,59,70,57,60,54,68,78,82,57,73,67,82,58,70,61,56,66,37,57,57,8,13,11,10,7,575
PS2823,Poland,178,68,27,Zagłębie Lubin ,58,61,None,57,60,58,60,55,60,59,65,63,61,61,74,81,58,70,75,72,55,42,41,55,32,62,42,42,30,15,11,7,13,8,575
PS2824,Sweden,182,65,23,Malmö FF ,66,69,None,35,32,36,49,51,24,57,53,51,59,48,79,73,41,71,73,77,49,33,72,64,66,67,52,54,52,11,15,13,6,11,575
PS2825,Scotland,188,72,25,Barnsley ,64,62,,18,14,26,63,63,19,48,51,28,58,43,71,63,65,61,68,59,69,62,60,65,54,48,32,62,54,11,8,10,5,8,550
PS2826,Argentina,180,69,24,Newell's ,59,64,,17,22,47,57,61,22,67,55,62,63,60,71,61,51,61,74,64,58,55,60,61,58,56,41,64,59,14,11,7,13,8,550
PS2827,Albania,172,72,24,Odense BK ,65,66,,40,37,37,61,64,28,63,63,57,59,46,76,66,52,78,69,88,41,32,57,55,46,55,48,50,46,14,14,6,7,8,550
PS2828,Nigeria,179,82,38,Hyderabad FC ,67,65,None,19,23,76,66,75,39,51,69,48,53,59,61,70,81,64,65,61,82,65,76,74,69,64,61,73,68,9,9,7,15,10,550
PS2829,Afghanistan,185,71,23,Brisbane Roar ,64,63,None,61,63,58,59,60,55,60,62,46,65,63,72,80,66,77,78,75,56,42,58,55,53,48,45,49,52,8,12,8,15,12,550
PS2830,Germany,194,89,34,Dynamo Dresden ,59,49,None,28,53,81,68,69,20,50,72,38,53,34,39,68,92,32,72,45,65,75,73,67,61,37,36,66,59,14,9,11,11,10,550
PS2831,Germany,182,78,29,1. FC Magdeburg ,56,48,None,66,64,68,61,43,66,44,60,58,57,56,75,74,68,72,78,67,70,62,50,36,42,35,25,40,33,7,11,14,8,5,550
PS2832,Cameroon,189,85,33,SM Caen ,54,37,None,68,71,60,51,28,57,32,59,29,56,33,37,67,82,49,34,47,91,70,40,33,26,33,28,36,31,11,13,7,14,7,550
PS2833,Spain,185,78,25,Cittadella ,61,60,None,15,18,42,59,63,25,52,65,39,63,43,70,57,70,52,69,71,70,68,58,64,55,44,36,61,47,9,9,9,7,11,550
PS2834,Brazil,190,82,21,Viborg FF ,62,64,None,18,26,64,58,60,22,52,64,33,56,37,65,54,80,49,64,67,71,68,66,65,51,39,41,65,53,7,8,12,7,14,550
PS2835,Norway,183,75,27,Sarpsborg 08 ,56,44,None,64,65,64,63,38,65,39,68,46,58,49,48,74,71,55,45,55,73,63,43,33,37,40,36,43,34,12,10,11,12,15,550
PS2836,Slovakia,180,80,22,Aberdeen ,66,59,None,36,44,51,60,64,44,67,61,66,65,67,61,68,59,61,66,68,54,42,68,56,74,71,66,64,57,13,13,6,12,7,550
PS2837,Argentina,174,76,21,Godoy Cruz ,62,66,None,19,17,49,55,58,23,49,53,43,55,45,73,62,76,79,71,68,69,58,75,61,59,47,37,61,51,6,10,12,7,15,550
PS2838,Romania,174,74,35,Univ. Craiova ,67,66,None,58,60,77,65,70,62,70,74,65,70,70,62,80,60,76,65,73,76,44,75,60,67,67,67,68,65,8,9,13,10,14,550
PS2839,Bolivia,181,72,28,Servette FC ,64,63,None,62,63,64,63,58,58,55,58,49,65,63,67,73,68,66,69,68,74,46,46,52,50,43,36,54,33,12,10,9,14,11,550
PS2840,Germany,183,76,22,B. Dortmund II ,62,65,None,38,43,58,61,56,38,52,53,53,60,55,77,65,70,75,76,70,62,43,55,58,47,50,42,55,48,9,10,10,7,14,550
PS2841,England,194,82,28,Middlesbrough ,25,17,None,16,14,25,60,12,22,47,52,16,33,31,45,31,63,31,48,44,65,15,47,18,16,20,15,21,12,64,65,62,62,66,550
PS2842,Brazil,175,71,24,Farul Constanța ,64,63,None,21,24,39,53,56,23,56,55,57,59,52,83,62,45,75,83,83,46,38,65,59,57,63,48,43,45,12,14,9,6,12,550
PS2843,Republic of Ireland,178,70,28,Cheltenham Town ,62,60,None,62,63,70,62,52,62,50,61,62,60,54,73,82,70,72,67,71,90,58,49,34,40,54,34,37,27,6,14,8,11,14,550
PS2844,England,193,85,31,AFC Wimbledon ,64,61,None,59,61,79,60,65,60,63,64,52,65,62,48,76,86,40,49,31,33,65,70,62,61,52,64,61,54,10,6,15,6,7,550
PS2845,England,173,69,25,Crawley Town ,62,63,None,50,59,56,59,60,52,58,59,62,61,49,69,72,41,80,68,82,40,34,60,59,59,64,64,55,51,13,13,10,12,12,550
PS2846,Netherlands,170,68,25,Go Ahead Eagles ,63,65,None,20,21,44,61,59,17,59,52,62,60,42,83,48,57,73,81,83,65,30,64,57,60,72,61,50,61,6,10,11,7,6,550
PS2847,France,189,79,31,Gillingham ,65,61,None,62,64,72,65,64,62,63,64,49,64,62,62,85,82,62,57,56,76,66,62,57,58,47,39,50,36,9,10,10,11,11,550
PS2848,Guinea,183,70,26,FC Botoșani ,60,61,None,30,33,70,59,65,38,40,58,45,56,44,81,75,68,70,85,75,90,63,59,62,46,33,31,59,47,5,11,9,6,12,550
PS2849,Chile,176,70,22,UD Ibiza ,65,64,None,53,63,59,59,57,50,63,58,57,68,62,64,72,72,62,64,71,64,48,56,48,52,44,40,51,36,14,14,11,12,7,550
PS2850,Bolivia,188,84,27,Wilstermann ,62,58,None,66,66,63,63,40,64,36,70,56,65,60,49,61,68,53,60,51,51,68,60,30,42,62,49,42,49,13,12,12,12,11,550
PS2851,New Zealand,178,73,24,St. Mirren ,65,64,None,11,14,40,60,60,10,54,57,40,60,39,77,69,58,70,81,67,67,60,60,66,60,46,39,59,54,14,12,8,13,9,550
PS2852,Norway,181,73,25,FK Haugesund ,65,62,None,44,54,59,60,60,57,62,44,39,65,64,73,80,62,65,73,62,57,53,55,54,48,39,38,45,39,6,12,11,9,6,550
PS2853,Sierra Leone,191,86,39,CF Montréal ,69,69,None,24,30,69,69,69,34,69,68,64,68,51,64,72,77,64,73,68,90,75,72,70,62,60,42,72,66,6,11,8,11,16,550
PS2854,Wales,178,74,25,Wrexham AFC ,63,61,None,52,57,61,61,60,56,62,56,58,63,61,74,82,50,83,73,79,65,45,64,60,66,62,68,57,48,10,12,12,13,6,550
PS2855,Colombia,169,67,25,R. Racing Club ,66,65,None,27,24,65,61,50,32,62,58,58,63,56,80,64,50,83,73,77,75,38,57,57,61,60,67,59,46,6,14,8,12,12,550
PS2856,England,178,70,25,MK Dons ,64,66,None,19,21,43,59,61,26,59,61,56,56,52,84,53,41,78,79,76,55,30,55,54,55,52,55,52,47,10,6,13,7,8,550
PS2857,Peru,172,76,35,Cienciano ,68,63,None,75,72,69,68,40,76,43,70,53,67,75,68,74,68,65,64,67,78,53,60,49,68,45,48,60,50,8,14,16,9,7,550
PS2858,Kosovo,183,78,23,FC Lugano ,66,66,None,57,54,75,62,56,52,56,60,54,68,67,70,76,67,67,69,66,66,56,58,55,50,61,50,44,41,8,11,5,14,9,550
PS2859,England,180,74,25,Gillingham ,64,62,None,53,58,65,61,59,59,62,60,55,64,63,68,73,61,81,64,66,80,60,65,60,60,47,48,55,54,11,11,14,9,15,550
PS2860,Northern Ireland,175,70,23,Carlisle United ,64,62,None,55,57,58,61,57,61,62,62,47,64,63,68,74,58,90,65,81,32,49,56,59,64,57,62,50,44,13,7,12,6,6,550
PS2861,Paraguay,180,77,27,Olimpia ,55,23,None,65,68,55,60,28,65,33,44,29,61,43,53,63,70,62,65,49,70,68,39,39,25,33,44,58,40,13,9,9,6,6,550
PS2862,North Macedonia,182,79,29,FCSB ,66,65,None,55,62,63,61,59,60,66,66,64,65,64,64,72,64,68,62,66,62,53,66,52,64,63,63,46,55,12,12,11,11,13,550
PS2863,Italy,183,76,26,Ternana ,68,65,None,48,59,74,64,57,49,63,59,62,68,66,59,57,56,60,34,60,33,29,55,40,70,52,58,40,39,7,10,7,5,10,550
PS2864,Germany,180,76,25,Rot-Weiss Essen ,64,64,None,24,32,27,64,63,41,60,58,54,62,57,71,67,57,66,72,73,65,48,65,58,58,53,53,53,50,10,8,11,9,5,550
PS2865,Poland,183,62,25,Widzew Łódź ,70,61,None,40,39,44,55,64,22,68,60,58,68,65,65,58,34,62,67,68,52,36,58,58,60,62,45,44,48,8,8,5,8,6,550
PS2866,Serbia,187,85,32,Jagiellonia ,21,14,None,11,14,31,66,8,12,35,52,16,31,22,36,24,70,42,38,39,65,13,47,11,12,16,12,20,11,64,68,66,62,68,550
PS2867,Cape Verde,182,80,25,FK Jerv ,66,66,None,26,28,56,54,62,28,62,62,60,58,50,76,62,81,72,70,59,51,45,70,59,57,60,57,56,52,13,12,11,12,11,550
PS2868,Germany,177,67,21,Cercle Brugge ,65,66,None,22,24,47,59,63,20,54,44,40,54,37,77,67,50,86,70,84,63,56,67,64,58,38,37,63,62,11,7,10,10,10,550
PS2869,England,188,78,26,Stockport ,62,59,None,19,23,60,59,63,23,54,58,32,53,38,66,72,78,66,69,65,74,64,64,62,55,42,33,59,53,7,5,8,9,5,550
PS2870,Italy,176,70,25,Venezia ,65,66,None,38,39,44,64,66,33,59,55,58,55,55,73,41,48,66,74,70,47,48,54,64,57,63,64,58,58,8,11,5,7,10,550
PS2871,Netherlands,186,78,24,AGF ,57,59,None,20,20,62,53,61,24,45,68,35,58,41,78,70,78,71,85,71,72,67,66,62,56,38,36,69,58,6,14,14,9,8,550
PS2872,England,181,78,24,SV Darmstadt 98 ,67,71,None,47,53,45,52,50,41,50,58,65,62,58,75,54,65,73,74,70,34,44,70,53,54,65,73,70,55,10,11,8,10,7,550
PS2873,France,177,65,21,FC Lorient ,66,64,None,16,25,37,54,61,22,52,59,51,57,39,87,54,45,68,79,72,79,61,67,62,58,53,43,60,53,13,12,10,5,6,550
PS2874,Korea Republic,180,73,22,Daegu FC ,64,58,None,58,66,49,61,45,63,63,49,35,66,65,57,83,64,64,62,61,71,52,46,41,56,35,35,36,33,15,15,10,14,9,550
PS2875,Venezuela,169,65,24,Est. de Mérida ,62,67,None,55,61,55,55,58,45,61,56,55,66,62,70,61,60,65,67,70,56,46,53,57,66,56,65,66,58,8,10,9,10,11,550
PS2876,England,191,84,28,Livingston ,56,54,None,60,61,70,55,42,61,55,59,37,59,59,71,71,82,58,73,35,77,66,71,45,51,46,55,46,45,10,8,15,9,11,550
PS2877,Bolivia,181,78,31,Always Ready ,63,61,None,59,64,70,63,64,66,64,66,65,68,65,66,79,70,64,62,61,66,53,80,54,42,79,76,73,45,13,13,13,14,9,550
PS2878,Argentina,193,97,28,Estudiantes ,23,11,None,11,13,25,62,7,22,43,47,11,26,25,31,23,73,35,37,33,55,15,46,8,11,21,17,39,11,67,63,62,61,66,550
PS2879,Switzerland,178,67,25,FC Zürich ,63,61,None,50,53,51,61,57,47,48,60,57,60,55,81,65,47,73,85,76,43,35,57,54,55,53,30,44,37,13,11,9,7,10,550
PS2880,Australia,175,70,25,Central Coast ,64,64,None,13,15,56,49,63,23,62,65,40,59,43,81,65,62,70,84,83,65,56,64,66,65,64,55,60,56,8,9,12,15,9,550
PS2881,France,170,62,31,Pau FC ,67,70,None,58,64,51,65,53,58,67,71,59,68,61,82,60,48,90,81,64,57,49,54,62,51,58,57,63,61,7,14,6,12,5,550
PS2882,Slovenia,190,86,22,Hallescher FC ,66,63,None,58,59,62,63,58,61,64,59,53,64,64,57,66,82,49,60,58,50,58,65,50,55,64,50,38,40,7,7,5,5,11,550
PS2883,Scotland,173,68,27,Dundee United ,66,59,None,64,67,68,56,50,61,51,56,60,65,58,72,80,67,72,69,60,84,56,55,42,50,56,31,42,38,9,6,13,7,10,550
PS2884,Sweden,185,79,29,GIF Sundsvall ,55,42,None,64,67,68,46,28,54,33,50,48,62,60,63,55,76,59,67,62,75,66,48,25,33,50,22,39,34,12,10,7,16,8,550
PS2885,France,171,63,23,Valenciennes FC ,71,69,None,57,56,49,63,58,48,65,68,48,68,69,69,53,39,84,62,59,58,48,59,48,47,60,55,57,49,7,12,9,8,12,550
PS2886,St Lucia,190,86,27,Charlton Ath ,60,56,None,64,64,66,58,31,62,58,57,56,61,56,62,70,73,62,56,55,77,63,65,34,30,40,37,39,37,8,7,10,15,13,550
PS2887,Switzerland,173,63,22,FC Zürich ,66,65,None,56,58,55,56,58,52,58,58,57,70,66,70,70,55,81,71,74,57,48,61,58,50,62,54,55,52,8,13,7,10,8,550
PS2888,Belgium,177,71,32,Port Vale ,65,65,None,58,62,60,64,56,64,63,61,59,67,66,67,72,68,71,63,78,80,56,66,54,57,45,56,56,55,8,11,16,13,14,550
PS2889,Germany,184,77,32,WSG Tirol ,10,14,None,14,10,24,60,7,8,29,27,12,27,21,23,17,77,45,23,25,55,13,47,7,5,13,14,19,6,68,69,65,62,66,550
PS2890,Italy,187,80,28,Cittadella ,22,13,None,14,14,17,54,10,12,30,49,13,28,25,41,30,68,32,39,55,38,16,46,12,15,19,16,22,17,64,66,65,61,67,550
PS2891,Norway,180,73,29,Strømsgodset IF ,60,61,,60,62,58,61,60,60,61,64,62,60,54,76,66,66,77,71,77,50,50,53,35,35,59,41,60,58,16,15,9,12,9,525
PS2892,Germany,181,80,20,Jahn Regensburg ,67,66,,38,40,45,57,52,39,57,54,64,60,51,72,62,63,66,69,71,53,48,67,57,54,59,43,56,63,9,13,13,14,11,525
PS2893,Germany,181,77,23,MSV Duisburg ,60,59,None,58,60,63,60,57,60,39,56,58,58,48,74,71,66,71,74,70,59,46,35,37,32,41,34,41,30,13,15,15,9,7,525
PS2894,Ecuador,170,66,21,U. Católica ,63,60,None,60,63,47,63,59,62,59,58,39,68,66,61,52,58,64,63,70,49,47,74,59,67,36,63,38,37,14,13,11,10,15,525
PS2895,Ecuador,185,85,19,Mushuc Runa ,55,61,None,68,68,63,62,34,60,51,65,53,61,57,55,54,67,48,61,46,67,63,51,48,58,69,67,46,44,10,11,7,8,16,525
PS2896,North Macedonia,180,75,27,Piast Gliwice ,65,64,None,34,33,42,57,62,28,64,64,64,65,60,64,64,55,66,69,60,59,36,58,59,58,62,42,54,42,6,10,9,8,13,525
PS2897,Denmark,185,80,21,AC Horsens ,64,58,None,50,55,45,62,58,57,65,63,62,65,64,62,70,58,64,55,66,56,50,62,59,60,62,60,49,44,6,12,6,14,12,525
PS2898,Poland,189,88,29,Korona Kielce ,58,51,None,59,61,80,61,57,62,55,57,38,63,61,51,71,85,52,69,59,79,63,70,52,46,40,34,37,31,12,14,13,10,14,525
PS2899,Germany,181,78,27,MSV Duisburg ,64,63,None,64,65,68,65,53,63,58,60,50,66,63,65,74,70,70,55,67,78,63,58,41,59,48,47,52,43,7,10,13,14,12,525
PS2900,Austria,191,80,22,Wolfsberger AC ,11,8,None,13,15,26,65,8,18,35,42,12,30,26,41,28,73,33,42,36,57,12,43,6,8,9,11,18,6,60,67,59,57,65,525
PS2901,Canada,191,77,24,Whitecaps FC ,12,8,None,13,11,18,63,6,13,30,23,14,21,17,27,23,63,35,26,23,53,14,44,7,7,11,11,13,6,62,64,61,58,68,525
PS2902,Spain,175,69,21,Atlético de Madrid ,70,67,None,53,56,54,58,57,57,65,62,53,68,65,69,53,55,77,66,71,66,47,61,62,57,49,54,64,46,6,6,12,15,10,525
PS2903,France,179,65,22,Rodez AF ,52,56,None,66,72,54,59,48,56,45,44,52,52,52,71,70,61,69,72,56,57,50,40,35,35,51,40,40,35,7,9,11,10,12,525
PS2904,England,180,72,32,Fleetwood Town ,61,62,None,61,62,52,60,59,59,59,59,65,61,59,67,80,70,59,60,65,51,58,63,45,68,64,75,56,40,6,10,8,10,6,525
PS2905,Italy,173,61,21,Venezia ,72,70,None,45,40,40,57,57,24,70,55,59,72,65,66,69,28,80,68,62,56,55,63,50,49,55,50,55,57,6,12,7,7,6,525
PS2906,Germany,170,69,27,SV Meppen ,62,64,None,25,18,42,60,58,18,53,54,59,60,40,83,72,49,91,79,91,72,47,63,56,51,50,39,50,59,6,12,14,5,11,525
PS2907,Norway,187,78,29,HamKam Fotball ,62,60,None,59,61,63,61,60,62,61,58,41,63,62,67,71,69,54,69,61,71,50,55,28,51,34,42,46,36,12,7,10,8,9,525
PS2908,Netherlands,174,70,23,Sandefjord ,60,63,None,57,57,64,58,56,57,52,52,58,59,59,74,74,65,78,75,73,58,56,58,44,40,45,39,42,35,8,9,7,14,6,525
PS2909,France,180,74,35,Valenciennes FC ,62,55,None,71,72,71,70,62,67,52,69,68,67,61,69,90,76,73,66,76,90,70,69,52,64,55,76,71,30,16,9,7,10,7,525
PS2910,Colombia,178,74,20,Atl. Nacional ,64,67,None,37,39,34,62,60,30,59,46,55,58,56,69,64,59,67,68,62,54,51,55,59,51,43,46,54,45,10,15,8,15,8,525
PS2911,Netherlands,183,89,20,Standard Liège ,60,62,None,22,24,35,53,55,20,47,50,37,51,35,90,55,78,62,89,76,68,57,68,64,59,48,42,50,49,10,14,7,12,9,525
PS2912,Ukraine,185,75,22,KV Kortrijk ,58,60,None,60,61,63,57,48,56,41,43,63,62,60,74,65,63,70,77,66,59,53,36,25,25,57,32,35,30,14,10,7,13,12,525
PS2913,England,178,67,27,Lincoln City ,67,65,None,61,56,56,61,62,54,65,70,64,66,64,64,57,64,73,65,75,61,41,60,62,58,62,57,51,51,7,11,10,13,8,525
PS2914,Finland,174,75,28,Kalmar FF ,64,64,None,52,51,55,65,67,56,63,62,64,61,62,65,65,63,72,67,72,82,54,66,62,63,64,59,49,65,14,14,12,16,14,525
PS2915,Austria,194,84,29,FC St. Gallen ,62,52,None,29,25,50,61,57,33,45,53,35,57,46,70,68,90,59,70,58,69,59,70,65,60,51,35,49,41,7,9,13,8,13,525
PS2916,Serbia,188,78,23,Sparta Praha ,56,55,None,67,65,60,58,46,56,39,54,53,63,58,71,67,65,56,73,60,62,47,40,31,34,44,47,42,41,12,12,12,13,8,525
PS2917,Brazil,194,88,34,Al Khaleej ,11,11,None,13,10,24,59,7,6,30,21,12,24,24,15,26,68,25,31,31,34,14,43,7,5,12,14,15,6,69,71,70,57,76,525
PS2918,England,178,67,27,Morecambe ,61,63,None,44,47,44,57,60,45,59,61,61,60,55,81,73,51,75,74,83,39,49,61,54,57,60,57,59,52,7,13,13,14,12,525
PS2919,Uruguay,178,80,38,River Plate ,81,74,None,37,62,38,53,68,43,76,81,78,82,76,47,31,78,84,58,44,62,66,76,71,75,78,75,71,82,10,9,16,15,14,525
PS2920,Spain,180,69,34,R. Oviedo ,68,66,None,62,61,68,68,67,66,63,68,64,64,63,67,74,66,67,68,71,72,60,77,56,76,64,62,59,53,10,13,9,13,14,525
PS2921,Bolivia,181,79,35,Always Ready ,72,58,None,67,77,78,72,41,73,34,64,62,68,71,66,74,73,61,70,55,67,74,70,47,52,49,43,67,51,6,13,8,13,12,525
PS2922,Denmark,182,80,27,Randers FC ,65,62,None,56,61,65,63,60,60,60,61,54,66,62,64,74,65,75,65,70,60,52,58,55,50,46,39,40,49,7,14,12,11,13,525
PS2923,Venezuela,177,78,19,Dep. La Guaira ,66,56,None,60,63,58,63,55,64,55,58,55,62,73,49,68,53,63,63,57,70,65,70,52,76,59,42,54,61,8,8,16,8,9,525
PS2924,Germany,178,73,33,Saarbrücken ,58,52,None,61,58,85,54,45,59,40,48,61,62,48,73,90,64,75,74,73,74,53,54,36,46,54,48,52,36,10,6,7,11,8,525
PS2925,Brazil,176,70,26,Gangwon FC ,67,69,None,47,49,57,62,58,46,61,63,63,61,65,72,57,46,69,68,56,58,43,65,57,50,57,56,59,56,7,14,7,14,7,525
PS2926,England,183,73,27,Port Vale ,61,59,None,24,22,34,57,64,24,58,63,53,56,52,69,75,74,70,72,69,59,63,68,63,61,59,42,61,58,8,9,15,14,16,525
PS2927,France,186,75,26,Central Coast ,62,63,None,38,28,44,58,60,27,61,57,58,58,51,80,51,65,65,81,62,57,37,59,59,55,59,46,49,49,14,11,5,10,6,525
PS2928,Germany,188,78,23,Go Ahead Eagles ,24,11,None,13,10,29,62,10,10,29,43,12,26,26,38,24,64,46,42,46,67,13,46,10,13,12,15,21,14,58,66,61,61,67,525
PS2929,Italy,178,70,20,Empoli ,66,67,None,62,57,64,68,63,57,54,55,58,70,64,66,69,52,71,68,66,62,54,69,34,45,50,50,51,47,14,9,5,11,12,525
PS2930,Congo,194,87,27,Bengaluru FC ,58,53,None,21,28,54,54,65,22,50,59,46,58,38,51,52,85,34,55,48,56,73,68,65,62,38,41,65,65,11,6,9,8,10,525
PS2931,Czech Republic,184,80,19,Lecce ,65,67,None,61,62,58,62,56,59,63,68,71,71,70,58,65,58,70,59,59,51,60,64,64,67,63,66,59,70,6,12,12,14,9,525
PS2932,Ghana,174,66,26,IF Elfsborg ,58,55,None,49,49,59,61,63,64,60,64,65,72,71,70,66,56,67,69,73,56,57,54,52,58,46,43,48,41,6,5,10,13,9,525
PS2933,Poland,187,78,28,Górnik Zabrze ,58,58,None,19,14,39,66,68,15,46,58,42,59,61,67,65,70,62,66,60,64,59,58,66,64,42,40,62,49,15,6,15,9,6,525
PS2934,Colombia,177,70,27,Indep. Medellín ,63,65,None,24,26,33,60,55,18,63,49,60,60,52,74,58,50,71,68,58,55,39,45,58,38,44,39,51,39,6,10,11,11,11,525
PS2935,Netherlands,188,78,20,PSV ,60,61,None,18,17,50,56,60,16,59,59,56,56,51,75,54,80,58,78,65,59,58,66,65,60,62,63,60,59,13,13,6,7,10,525
PS2936,Italy,193,78,22,Sassuolo ,16,10,None,13,14,26,60,5,14,24,32,14,20,25,29,17,63,21,33,32,38,11,43,5,8,13,12,11,6,61,68,62,57,64,525
PS2937,Hungary,177,75,35,Hajduk Split ,64,63,None,64,63,63,62,58,67,66,67,69,64,58,80,61,70,75,77,73,85,64,78,58,70,67,46,70,58,15,7,11,13,8,525
PS2938,Argentina,172,65,32,Patronato ,63,64,None,61,60,72,59,57,61,39,49,65,56,48,76,69,57,66,73,70,58,52,38,26,30,45,22,27,28,14,14,8,12,13,525
PS2939,Romania,177,69,36,Romania ,66,60,,68,67,66,69,62,65,63,52,71,68,69,68,83,67,75,68,65,60,58,66,50,60,65,66,57,47,12,12,14,9,8,500
PS2940,Spain,187,82,29,Miedź Legnica ,62,48,,15,15,45,59,70,21,56,76,37,57,40,34,56,86,50,33,54,71,75,66,67,62,38,43,68,56,8,12,7,13,9,500
PS2941,Croatia,185,87,23,B. Dortmund II ,47,42,,61,66,49,58,28,63,45,49,26,53,47,63,55,73,57,69,61,76,62,36,22,20,31,26,35,27,13,6,6,6,8,500
PS2942,France,178,72,24,Niort ,63,65,None,59,62,50,46,57,52,54,54,62,65,55,76,73,64,44,74,74,58,54,59,56,52,59,58,55,62,15,12,12,13,13,500
PS2943,Ukraine,162,58,19,Dynamo Kyiv ,68,65,None,34,37,51,59,61,31,64,59,52,65,64,71,58,43,75,68,69,52,42,51,48,52,54,42,44,39,14,13,11,10,8,500
PS2944,Norway,184,76,25,Lillestrøm SK ,56,55,None,59,62,55,58,54,60,58,56,60,60,57,74,70,65,65,71,65,62,55,50,42,52,56,48,39,36,13,6,10,14,13,500
PS2945,Turkey,184,77,29,Konyaspor ,59,61,None,67,62,62,59,51,63,36,45,58,59,56,69,67,72,64,70,63,74,68,30,33,28,51,37,41,33,14,13,6,10,13,500
PS2946,Spain,185,72,20,FC Barcelona ,63,68,None,19,19,44,58,59,24,53,61,54,57,46,69,49,49,52,75,72,46,53,70,65,59,55,48,59,56,14,9,5,11,15,500
PS2947,Argentina,181,76,23,Barracas Central ,55,57,None,61,62,72,60,48,62,49,62,46,70,60,61,62,59,69,52,71,56,56,65,49,43,37,38,39,45,7,11,10,9,6,500
PS2948,England,191,79,25,Livingston ,30,14,None,14,13,42,60,18,21,45,50,17,39,42,38,34,65,35,40,48,55,18,45,20,20,17,13,22,20,62,66,60,60,66,500
PS2949,Paraguay,170,68,31,Sol de América ,62,66,None,61,63,60,67,67,62,66,65,65,62,60,67,68,44,87,63,69,70,52,69,68,70,59,46,59,60,9,12,15,12,10,500
PS2950,Italy,173,63,35,Modena ,64,64,None,62,69,70,62,60,61,62,65,68,70,64,76,78,53,82,78,81,78,54,64,48,52,66,64,43,48,12,8,9,5,10,500
PS2951,Spain,178,67,23,FC Andorra ,63,63,None,60,63,50,59,53,67,63,70,57,65,63,68,64,57,70,66,66,58,50,62,49,48,54,51,58,48,9,12,14,7,10,500
PS2952,Azerbaijan,173,65,24,Giresunspor ,65,66,None,60,65,60,64,52,64,67,63,62,65,63,68,58,38,85,73,77,57,59,63,52,64,68,60,49,62,6,8,12,7,8,500
PS2953,England,183,80,23,Crewe Alexandra ,54,51,None,61,63,65,60,42,62,47,55,44,59,52,66,67,73,57,64,65,83,62,33,24,30,30,31,29,28,10,8,9,8,7,500
PS2954,Luxembourg,175,67,19,M'gladbach ,54,64,None,52,52,68,52,58,52,56,57,64,67,66,76,64,49,66,74,68,60,54,56,57,56,63,64,59,58,13,10,10,5,10,500
PS2955,Spain,170,69,28,Viktoria Köln ,70,71,None,30,35,51,58,62,24,56,58,51,61,39,80,60,31,90,60,90,68,43,67,63,51,65,48,56,67,7,15,10,10,11,500
PS2956,Germany,174,77,28,Saarbrücken ,60,61,None,44,49,77,60,59,56,57,59,60,58,54,79,83,67,78,73,73,70,43,57,58,53,54,44,59,38,6,13,5,7,12,500
PS2957,England,191,85,32,Jamshedpur FC ,62,61,None,31,33,59,60,62,31,62,66,61,64,57,59,47,82,74,60,72,66,66,69,61,62,64,63,68,62,12,8,8,14,14,500
PS2958,Bosnia & Herzegovina,182,73,21,AEK Athens ,54,55,None,62,62,69,52,44,56,45,55,60,59,57,75,68,54,49,77,60,70,56,58,22,29,50,31,42,26,9,7,5,15,10,500
PS2959,Switzerland,184,80,24,FC Lugano ,56,59,None,56,60,70,53,57,57,46,52,50,55,54,91,71,70,59,90,83,87,58,53,28,41,41,36,40,35,9,8,9,7,7,500
PS2960,Germany,194,82,29,Wolfsberger AC ,13,14,None,13,14,30,60,8,11,31,56,11,25,23,40,33,70,26,45,40,65,14,48,7,11,11,12,23,9,65,66,62,64,66,500
PS2961,England,175,60,25,Bristol Rovers ,58,59,None,57,60,79,59,54,60,54,58,59,58,54,70,68,57,83,71,82,81,53,55,37,44,57,56,42,34,6,6,11,11,8,500
PS2962,Japan,196,89,32,Adelaide United ,63,56,None,18,22,47,66,65,14,45,59,48,58,42,42,59,92,29,38,30,45,78,64,66,58,54,39,59,72,11,13,13,16,11,500
PS2963,France,175,72,34,Stade Lavallois ,72,64,None,61,65,65,64,64,63,66,63,63,67,63,61,82,60,75,68,73,60,48,67,61,65,65,65,68,61,8,16,10,15,14,500
PS2964,France,179,71,30,Niort ,66,65,None,31,40,50,54,66,39,65,60,55,66,60,71,59,50,61,69,59,69,60,62,63,62,53,45,66,56,9,7,12,15,8,500
PS2965,Chile,190,82,23,Unión La Calera ,48,21,None,59,70,61,54,25,56,34,75,41,59,46,57,45,70,46,72,75,55,55,52,22,45,33,44,43,47,11,17,19,16,15,500
PS2966,Mexico,188,86,30,New York City FC ,56,47,None,62,64,69,60,20,60,35,55,28,59,59,54,52,82,57,60,52,57,59,39,20,18,24,25,39,23,12,15,6,7,8,500
PS2967,Turkey,192,81,24,Karagümrük SK ,15,8,None,14,13,17,56,6,8,26,47,11,24,15,20,24,60,21,31,37,32,12,47,7,6,13,11,18,8,63,66,62,63,67,500
PS2968,Australia,181,73,22,WS Wanderers ,61,63,None,63,63,62,60,52,57,57,61,45,65,64,75,80,56,79,72,77,64,45,60,42,63,51,47,42,40,13,11,13,12,11,500
PS2969,Korea Republic,180,70,23,Jeonbuk Hyundai ,67,66,None,53,59,53,63,60,61,66,57,33,68,68,59,65,59,72,53,59,64,48,47,47,53,50,40,37,33,11,11,12,13,15,500
PS2970,Ecuador,185,82,31,Mushuc Runa ,61,62,None,61,62,65,65,56,61,56,63,65,64,64,58,66,68,46,61,59,52,65,81,53,75,66,71,74,53,9,10,9,13,9,500
PS2971,Peru,175,71,31,Sport Boys ,66,58,None,57,63,62,63,56,68,66,54,44,63,58,75,55,61,74,73,72,65,47,59,52,52,62,58,57,46,9,7,13,16,10,500
PS2972,Norway,185,75,22,Sarpsborg 08 ,65,64,None,64,63,54,60,58,56,63,66,64,66,65,66,62,60,61,63,62,59,58,58,53,45,57,57,50,50,12,9,13,9,14,500
PS2973,Slovakia,192,87,26,Widzew Łódź ,20,11,None,11,10,35,53,9,11,45,35,19,19,30,36,25,60,29,38,35,40,13,44,10,11,16,11,15,11,67,64,61,59,64,500
PS2974,Cameroon,180,70,21,AS Saint-Étienne ,58,56,None,60,60,63,59,44,57,48,57,56,51,46,72,72,66,68,74,59,62,58,44,39,46,46,39,43,42,8,9,7,14,12,500
PS2975,Paraguay,175,74,30,Gral. Caballero ,60,23,None,60,63,60,61,22,66,26,60,30,61,55,54,63,80,64,54,51,71,64,33,20,23,25,26,38,26,11,7,15,15,15,500
PS2976,Italy,180,83,25,Como ,56,52,None,59,57,54,62,39,64,40,44,56,63,51,66,72,75,62,68,67,54,48,31,30,35,37,42,46,34,9,7,9,7,11,500
PS2977,Morocco,185,80,25,Benevento ,59,63,None,64,66,55,50,41,59,39,51,61,56,43,67,65,65,55,66,54,61,58,43,31,35,54,29,41,26,10,10,10,10,7,500
PS2978,Poland,184,69,34,Stal Mielec ,66,61,None,60,63,78,62,57,64,56,68,61,68,66,47,72,72,73,54,64,82,59,62,58,67,62,65,68,56,9,11,11,15,7,500
PS2979,Republic of Ireland,178,66,28,Leyton Orient ,62,65,None,52,55,58,59,56,53,61,62,62,57,51,76,67,65,76,75,73,67,54,69,59,65,65,66,64,58,8,11,12,10,9,500
PS2980,Saudi Arabia,178,75,29,Al Raed ,55,47,None,58,65,58,62,39,66,48,50,38,60,61,77,85,70,77,70,72,87,63,53,40,52,41,33,55,36,8,6,10,11,16,500
PS2981,Jamaica,183,76,36,Wycombe ,68,70,None,43,51,55,65,63,41,64,65,64,63,57,79,59,77,67,76,68,41,55,69,66,66,68,59,60,65,9,14,15,8,14,500
PS2982,Saudi Arabia,180,80,31,Al Tai ,63,58,None,60,65,60,58,50,64,64,55,67,63,61,34,63,80,60,42,61,67,54,70,52,61,53,49,55,52,14,15,15,10,11,500
PS2983,United States,198,95,30,GIF Sundsvall ,52,40,None,63,63,60,62,33,63,30,46,30,50,46,50,59,90,33,49,39,71,61,46,26,39,31,28,30,34,6,14,14,9,13,500
PS2984,Australia,182,77,24,Well. Phoenix ,59,56,None,60,61,65,56,60,65,61,57,49,62,59,62,75,64,52,54,55,60,51,52,50,51,49,49,48,41,6,11,9,11,11,500
PS2985,Norway,178,73,34,HamKam Fotball ,61,61,None,58,60,63,61,60,60,62,61,65,62,57,69,74,64,67,70,64,77,58,70,59,63,62,64,58,57,14,13,12,9,7,500
PS2986,Saudi Arabia,171,61,24,Al Hilal ,60,63,None,53,57,39,52,59,58,50,53,63,58,51,84,81,54,76,85,78,55,47,55,57,55,54,57,59,49,9,7,6,13,11,500
PS2987,Poland,189,78,29,Zagłębie Lubin ,56,52,None,62,62,74,57,43,61,39,53,48,57,62,47,47,82,54,54,51,76,67,57,40,48,40,54,36,41,8,8,6,16,14,500
PS2988,Wales,185,84,23,Forest Green ,45,37,None,63,64,60,58,33,62,38,48,34,53,51,52,50,75,59,55,45,67,63,41,29,29,35,28,48,37,9,8,9,9,8,500
PS2989,Argentina,185,80,35,Málaga CF ,66,64,None,48,37,69,66,69,28,70,68,67,65,62,62,75,77,67,68,70,80,69,68,66,63,59,58,68,63,13,9,15,11,7,500
PS2990,Ecuador,186,80,35,Delfín S.C. ,66,64,None,42,33,56,58,72,39,43,75,49,58,45,51,62,71,51,67,41,70,71,74,70,60,46,54,61,67,13,8,7,9,11,500
PS2991,Portugal,178,78,19,SC Braga ,62,67,None,47,45,45,65,62,35,61,57,57,61,60,74,61,69,70,73,71,63,53,60,61,46,57,43,62,53,14,10,10,14,7,500
PS2992,Croatia,188,74,31,Charlotte FC ,15,6,None,11,12,25,45,4,9,53,36,10,21,19,21,24,43,33,21,24,47,10,50,7,9,12,11,16,5,67,63,69,66,67,500
PS2993,France,186,82,23,Quevilly Rouen ,63,59,None,62,64,60,59,45,61,55,44,39,64,61,70,65,66,53,62,64,66,59,59,45,54,41,37,34,31,11,11,10,15,14,500
PS2994,France,183,70,21,Amiens SC ,70,58,None,67,69,66,52,40,53,45,50,66,61,46,69,48,53,74,68,67,70,64,42,35,21,41,28,42,24,8,9,6,7,10,500
PS2995,Colombia,176,67,21,Perugia ,60,56,None,59,63,71,51,60,55,48,57,64,62,59,73,71,70,72,71,63,71,56,71,47,43,68,38,46,37,5,14,7,8,15,500
PS2996,Germany,185,73,19,TSG Hoffenheim ,66,70,None,37,36,48,59,51,31,66,59,53,65,59,60,50,55,64,67,55,58,48,62,60,54,62,69,63,56,6,9,5,15,6,500
PS2997,Scotland,191,82,23,Kilmarnock ,57,58,None,63,65,60,60,41,61,57,50,53,55,55,66,67,75,50,69,55,65,64,41,34,36,30,30,38,26,12,13,6,11,10,500
PS2998,England,180,70,24,İstanbulspor ,63,62,None,62,61,56,54,50,56,43,50,57,55,44,74,68,65,70,72,72,65,50,51,27,25,47,30,32,37,10,14,14,13,6,500
PS2999,Romania,175,73,24,FC Petrolul ,52,55,None,60,61,69,58,36,58,38,52,60,56,40,82,70,60,79,80,77,73,52,50,32,32,47,38,37,26,8,11,9,12,10,500
PS3000,China PR,180,76,33,Henan SSLM FC ,58,65,None,61,61,67,64,42,68,40,55,68,62,56,62,58,61,70,65,60,69,61,44,33,27,45,33,44,32,6,12,9,7,6,500
PS3001,Colombia,180,76,31,Livingston ,61,64,None,59,62,60,57,57,62,57,58,58,57,57,78,67,63,67,76,76,73,58,67,57,56,62,51,55,55,8,6,11,15,8,500
PS3002,Portugal,190,80,20,FC Augsburg ,68,59,None,62,65,63,65,44,61,66,71,50,68,69,65,67,69,56,69,63,62,63,52,31,32,33,34,39,30,13,6,15,11,9,500
PS3003,Colombia,186,73,35,América de Cali ,62,67,None,65,67,96,68,57,61,56,77,68,70,67,76,68,82,66,74,67,72,68,72,54,70,73,74,74,71,8,9,16,8,10,500
PS3004,Romania,180,73,31,UTA Arad ,61,57,None,62,62,67,64,52,65,60,67,65,61,59,67,60,60,65,68,68,54,49,60,49,56,66,68,59,49,6,9,10,6,7,500
PS3005,Colombia,191,83,23,Junior ,50,33,None,61,68,60,61,45,60,33,48,45,55,44,65,60,81,53,55,55,74,59,30,32,25,31,32,49,27,10,15,11,11,9,500
PS3006,Belgium,182,74,29,KVC Westerlo ,53,39,None,62,70,72,62,28,55,38,52,48,56,54,65,63,68,69,68,66,80,61,61,25,28,28,36,40,34,15,6,6,6,15,500
PS3007,Republic of Ireland,183,69,31,St. Mirren ,51,50,None,65,65,66,56,22,62,41,56,39,53,50,71,76,70,50,65,67,84,63,30,20,22,33,28,32,20,7,10,16,12,16,500
PS3008,Turkey,188,79,32,Karagümrük SK ,60,54,None,62,66,79,63,52,65,41,59,58,59,56,53,68,79,57,56,54,60,67,58,37,43,50,44,42,40,15,14,8,8,7,500
PS3009,Germany,180,77,31,SV Meppen ,60,60,None,62,60,53,59,49,58,43,61,60,58,39,71,80,70,68,74,73,70,46,32,27,26,37,26,32,21,6,14,5,11,6,500
PS3010,Netherlands,178,73,22,FC Utrecht ,54,41,None,66,65,53,62,28,64,31,60,35,59,40,68,58,64,69,74,63,72,61,50,24,24,37,29,43,31,7,13,11,7,7,500
PS3011,Saudi Arabia,186,78,23,Al Hilal ,62,59,,30,24,51,58,62,31,57,53,58,64,51,71,63,71,54,74,67,74,60,62,60,59,49,35,57,52,8,10,6,10,10,475
PS3012,Romania,180,72,22,FC Hermannstadt ,62,64,,30,28,41,56,52,22,58,51,58,60,53,80,67,55,80,81,83,43,39,65,60,48,64,37,52,42,8,12,5,11,12,475
PS3013,Australia,175,72,23,Western United ,61,64,,51,55,50,51,58,48,50,50,53,57,49,87,64,67,90,88,87,58,36,22,56,23,32,34,33,21,8,6,10,13,14,475
PS3014,Germany,185,78,21,1860 München ,59,38,None,64,66,62,56,24,64,31,52,27,55,39,71,55,64,60,69,68,85,61,32,18,20,24,19,31,21,11,11,13,9,14,475
PS3015,Spain,172,68,23,Rayo Vallecano ,67,66,None,29,28,46,49,55,28,58,54,64,63,51,64,47,40,70,64,53,57,40,74,62,65,53,70,50,50,12,6,14,8,8,475
PS3016,Bosnia & Herzegovina,189,85,31,İstanbulspor ,51,61,None,63,64,68,54,45,64,41,60,47,58,54,67,53,83,46,66,47,57,64,36,23,41,31,30,42,30,10,7,15,14,6,475
PS3017,Guinea Bissau,194,88,20,FC Vizela ,16,14,None,13,12,18,55,6,12,37,24,11,23,25,18,28,75,26,19,37,41,10,45,6,9,13,15,12,7,62,63,63,60,68,475
PS3018,Germany,188,86,29,MSV Duisburg ,59,60,None,54,55,71,61,59,49,52,58,54,58,50,87,80,77,64,94,67,63,56,62,52,54,58,47,48,44,14,15,16,9,6,475
PS3019,Brazil,188,84,21,Santa Clara ,46,39,None,64,68,47,60,25,63,34,46,34,58,62,54,63,80,43,54,42,47,57,50,30,31,33,30,45,35,7,13,5,8,8,475
PS3020,Australia,188,86,24,Wehen Wiesbaden ,64,58,None,18,17,44,56,62,17,51,53,35,55,47,58,58,72,61,53,62,66,58,71,65,54,40,34,64,49,9,6,15,12,8,475
PS3021,Brazil,178,77,23,FC Sion ,64,63,None,57,54,70,58,57,55,59,59,55,66,64,66,72,66,74,68,84,67,49,56,55,54,51,43,45,34,12,5,8,7,7,475
PS3022,Argentina,176,71,22,Estudiantes ,62,58,None,52,55,44,52,42,32,65,60,52,72,71,62,80,65,72,64,58,56,51,62,50,64,55,58,48,46,14,8,8,13,7,475
PS3023,Korea Republic,182,75,31,Jeonbuk Hyundai ,54,36,None,64,62,66,62,22,62,49,63,25,57,49,65,71,72,64,67,64,81,67,36,24,36,27,30,32,25,10,15,16,12,7,475
PS3024,Republic of Ireland,178,70,23,Harrogate Town ,60,63,None,42,47,42,54,56,31,58,55,59,56,49,81,68,48,75,80,80,67,49,52,57,53,36,38,56,49,6,10,9,7,11,475
PS3025,Italy,174,73,32,Como ,71,62,None,59,68,38,54,60,45,64,68,57,68,62,59,74,59,73,67,68,48,42,62,53,50,60,42,55,44,8,14,13,15,13,475
PS3026,Germany,188,74,24,SV Meppen ,43,47,None,63,65,62,60,20,65,40,51,28,50,38,56,62,65,57,63,57,72,67,37,23,24,21,29,38,20,9,15,7,7,10,475
PS3027,Croatia,181,72,24,Brøndby IF ,65,63,None,19,14,31,61,61,19,64,57,36,59,48,77,68,57,68,80,70,62,52,62,61,56,35,48,57,51,14,14,12,5,7,475
PS3028,Romania,184,76,24,FC Voluntari ,61,60,None,35,35,65,60,64,44,60,63,51,55,42,81,68,63,63,80,77,76,55,64,61,55,49,50,60,55,13,11,15,13,7,475
PS3029,Norway,196,81,31,SC Cambuur ,62,60,None,30,47,64,55,64,42,51,64,44,54,48,58,34,81,34,66,58,63,68,66,64,63,49,41,60,58,7,12,11,9,14,475
PS3030,Poland,180,71,21,Cracovia ,63,55,None,61,64,65,55,55,62,55,60,39,63,60,63,73,69,71,63,55,66,51,56,45,62,56,57,51,39,9,13,12,11,10,475
PS3031,England,178,82,23,Stockport ,63,65,None,16,13,41,56,59,18,48,55,40,54,39,90,69,70,83,91,84,63,53,57,63,51,49,45,58,48,6,7,6,12,7,475
PS3032,Poland,180,76,33,Jagiellonia ,62,63,None,61,57,66,64,64,32,50,65,65,64,61,72,76,71,70,75,73,63,54,65,45,63,60,59,55,52,14,8,10,14,11,475
PS3033,Turkey,178,72,21,SC Austria ,68,68,None,61,62,59,57,48,57,53,52,49,70,62,63,72,48,69,54,69,55,53,54,41,39,39,37,40,42,6,10,8,11,6,475
PS3034,Paraguay,179,81,32,Gral. Caballero ,61,67,None,60,66,72,66,71,58,65,62,40,65,61,61,69,49,74,52,58,61,62,44,55,68,40,67,61,26,10,14,6,6,13,475
PS3035,Chile,170,67,31,Antofagasta ,61,61,None,52,52,62,68,48,58,56,66,61,68,61,79,65,45,86,77,80,66,47,55,40,42,60,51,53,41,7,8,9,9,13,475
PS3036,England,172,74,26,Cambridge Utd ,59,62,None,58,59,48,56,59,55,53,53,63,58,54,74,73,61,61,75,72,80,54,29,34,39,60,48,42,28,12,10,13,11,13,475
PS3037,Australia,176,71,21,Adelaide United ,62,56,None,58,60,56,60,52,62,59,58,53,64,63,69,72,62,75,73,76,58,54,49,45,43,55,54,45,40,15,5,10,12,9,475
PS3038,Spain,181,76,33,Odisha FC ,54,43,None,66,65,63,64,41,69,51,59,37,59,58,52,74,71,54,57,64,78,63,51,25,39,46,47,42,50,14,11,15,15,6,475
PS3039,Bolivia,181,75,31,Wilstermann ,62,66,None,43,32,55,71,63,37,65,60,43,63,57,65,59,63,63,65,72,58,58,71,58,63,49,45,62,55,11,7,11,7,9,475
PS3040,Burkina Faso,183,78,35,Niort ,66,61,None,67,68,76,69,51,71,67,69,62,65,68,54,59,70,61,61,59,72,65,70,40,65,42,46,48,30,16,10,15,9,9,475
PS3041,Bolivia,182,84,31,Royal Pari ,59,51,None,63,65,67,63,50,62,64,68,38,59,56,76,64,74,67,68,71,85,60,61,44,46,55,40,49,52,9,7,7,7,12,475
PS3042,Argentina,176,68,32,SPAL ,70,60,None,63,66,66,63,57,59,60,68,61,70,66,62,60,66,72,64,63,71,57,71,50,56,57,60,46,51,12,15,6,7,7,475
PS3043,Czech Republic,189,85,25,FC Groningen ,43,32,None,56,62,72,56,22,62,31,47,34,57,49,45,65,92,50,72,41,68,58,46,28,27,29,32,45,33,12,5,14,10,8,475
PS3044,Netherlands,185,80,21,sc Heerenveen ,47,41,None,65,70,52,60,28,64,36,56,42,58,52,47,65,75,59,53,49,72,60,44,26,30,30,33,38,36,9,14,13,6,11,475
PS3045,Austria,180,76,27,VfL Osnabrück ,62,57,None,58,58,63,57,52,59,43,56,65,57,53,71,67,66,69,72,64,64,60,53,46,49,49,42,40,43,9,12,11,12,7,475
PS3046,England,183,70,24,Walsall ,61,64,None,37,43,72,58,59,41,53,56,54,55,50,85,74,67,74,84,77,64,52,67,57,61,56,54,52,53,9,5,6,8,8,475
PS3047,Germany,190,81,28,Hallescher FC ,55,55,None,61,65,70,61,51,60,52,57,44,62,55,52,72,80,37,62,55,46,61,40,39,44,32,37,40,22,12,11,12,5,13,475
PS3048,Portugal,186,81,34,SV Elversberg ,64,58,None,65,66,67,66,42,65,59,68,63,67,61,59,36,75,67,59,70,91,66,44,38,33,48,33,37,25,10,13,7,12,11,475
PS3049,Paraguay,178,72,22,Club Nacional ,60,65,None,23,30,42,55,60,19,60,45,65,58,50,73,55,46,65,74,57,47,38,53,50,39,43,40,49,41,11,13,9,7,10,475
PS3050,Germany,184,75,23,Saarbrücken ,58,57,None,17,21,57,62,60,20,50,52,50,60,40,81,64,58,70,80,71,71,61,66,62,56,48,38,58,56,9,7,12,8,6,475
PS3051,Switzerland,181,77,22,FC St. Gallen ,64,62,None,12,16,38,51,61,12,52,51,46,57,42,79,72,67,82,82,81,69,59,59,62,53,46,34,61,45,14,11,13,12,8,475
PS3052,Germany,187,78,23,M'gladbach ,60,56,None,27,30,43,60,63,30,53,58,42,53,46,58,64,68,60,62,59,59,64,64,65,61,53,53,65,59,11,10,11,12,10,475
PS3053,Cyprus,171,67,26,Apoel FC ,67,49,None,65,59,48,70,41,54,36,60,59,58,41,67,64,42,80,67,59,58,56,25,25,25,50,29,30,22,7,10,13,14,7,475
PS3054,Paraguay,171,63,35,Sol de América ,67,70,None,23,13,41,61,65,31,60,76,62,68,63,72,67,48,88,72,75,44,44,53,65,61,56,57,61,55,14,9,7,8,10,475
PS3055,France,175,69,29,Niort ,62,64,None,13,15,73,50,58,16,57,60,54,62,51,78,78,73,80,81,80,81,64,70,59,64,45,39,61,61,7,9,14,8,10,475
PS3056,Norway,185,80,24,Sandefjord ,45,38,None,61,63,59,60,26,64,33,59,34,52,48,66,59,72,64,51,52,83,62,33,20,24,27,24,32,28,9,14,12,9,13,475
PS3057,Peru,182,78,35,Sport Boys ,70,71,None,42,45,42,68,69,41,66,66,66,64,50,69,58,73,38,69,68,61,62,60,64,55,63,46,62,58,71,68,60,74,75,475
PS3058,Turkey,184,74,28,Ümraniyespor ,60,63,None,59,62,58,56,65,58,51,58,62,60,51,74,65,68,60,72,66,61,56,61,59,58,57,41,48,48,10,10,9,7,8,475
PS3059,Bolivia,188,78,31,Ind. Petrolero ,63,58,None,61,65,63,60,34,48,36,71,50,50,58,62,70,79,58,69,45,48,73,73,48,42,44,52,59,52,10,12,10,15,13,475
PS3060,England,173,68,21,Derby County ,62,62,None,61,62,60,63,46,66,60,62,48,66,63,60,63,40,75,63,64,62,52,58,40,45,53,50,56,40,14,7,15,5,14,475
PS3061,Cuba,178,79,32,Real Salt Lake ,68,60,None,62,66,25,57,63,57,68,44,71,62,58,67,53,63,65,70,65,44,33,53,55,39,47,37,51,38,5,6,10,9,12,475
PS3062,Austria,187,80,33,SCR Altach ,52,49,None,64,66,63,61,46,65,58,58,46,57,51,49,65,82,49,62,53,50,67,64,43,48,45,37,40,40,10,9,10,15,15,475
PS3063,France,197,86,24,Rodez AF ,48,26,None,62,69,63,48,26,57,36,44,25,48,45,38,64,90,36,53,48,82,67,43,28,29,32,30,39,26,7,12,7,7,8,475
PS3064,Scotland,178,68,32,Dundee United ,64,65,None,55,58,57,60,61,55,61,57,63,62,61,73,74,66,74,77,75,81,42,66,61,58,64,63,52,53,16,9,16,13,8,475
PS3065,Germany,181,79,32,SV Meppen ,64,64,None,57,40,74,59,58,32,59,63,60,58,53,78,70,67,72,78,74,68,54,66,60,62,69,66,65,59,7,14,14,8,6,475
PS3066,Germany,181,83,31,MSV Duisburg ,64,63,None,17,19,27,59,67,19,49,59,34,57,34,67,34,72,66,48,65,83,64,65,66,53,42,33,63,66,9,8,15,12,10,475
PS3067,England,180,68,28,Bradford City ,57,60,None,58,60,59,57,53,61,52,50,60,57,53,72,76,67,77,73,75,70,52,49,33,38,46,37,44,30,11,15,9,9,10,475
PS3068,Ukraine,184,73,24,Shakhtar Donetsk ,56,64,None,14,11,29,61,56,27,41,49,38,50,47,72,59,64,60,69,59,57,65,65,65,61,32,40,58,54,11,7,14,13,9,475
PS3069,France,185,77,31,Stade Lavallois ,56,42,None,65,68,60,62,38,59,42,60,54,61,62,58,70,73,62,56,56,70,63,44,26,48,50,24,44,29,14,14,9,11,8,475
PS3070,Saudi Arabia,182,80,30,Al Ittihad ,58,61,None,35,28,86,59,61,36,44,55,44,62,56,68,64,74,58,69,65,81,66,67,64,59,57,67,58,55,10,7,7,10,7,475
PS3071,Bolivia,179,74,27,Royal Pari ,52,57,None,61,61,57,57,51,56,67,66,60,61,61,71,65,64,71,73,72,66,61,53,51,52,41,42,62,54,7,12,8,13,9,475
PS3072,Austria,173,68,30,VfB Oldenburg ,60,62,None,47,47,52,61,61,51,58,60,61,58,54,81,60,50,82,80,79,70,40,59,43,43,66,61,45,37,15,6,12,6,14,475
PS3073,Germany,192,81,24,SV Waldhof ,47,42,None,63,62,76,54,28,59,33,44,31,56,51,54,56,82,42,66,47,54,62,53,20,23,23,22,30,26,8,9,11,14,6,475
PS3074,Argentina,188,80,27,Central Córdoba ,19,10,None,13,10,21,45,8,9,28,37,14,18,24,30,22,63,36,17,36,47,11,48,9,8,14,14,11,7,70,61,65,64,67,475
PS3075,Bolivia,175,77,31,Guabirá ,65,60,None,48,49,55,50,58,57,60,55,67,60,55,70,60,58,59,70,65,55,55,63,64,65,54,60,65,55,9,9,6,9,5,475
PS3076,Bulgaria,182,75,31,FC Univ. Cluj ,18,13,None,12,20,33,55,14,22,39,42,17,27,19,50,38,52,59,48,57,78,19,48,12,16,19,15,15,13,65,64,63,64,70,475
PS3077,Australia,180,71,30,Brisbane Roar ,59,63,None,25,25,42,60,63,23,55,57,56,56,45,90,64,61,74,91,80,54,39,66,55,56,57,60,50,55,9,12,8,10,15,475
PS3078,Spain,175,64,21,Elche CF ,63,66,None,62,59,63,64,41,59,63,55,52,70,67,63,54,36,74,63,63,64,58,56,41,41,50,45,55,46,10,6,11,8,8,475
PS3079,Scotland,173,72,27,Kilmarnock ,58,58,None,61,59,55,58,55,57,51,44,61,56,47,68,75,59,76,74,73,61,47,26,26,25,48,33,33,25,10,14,13,8,14,475
PS3080,Croatia,178,76,29,Konyaspor ,69,65,None,60,62,65,52,63,52,66,68,50,70,67,60,45,59,43,65,55,58,38,57,57,45,45,46,51,44,16,12,12,7,15,475
PS3081,Netherlands,185,77,26,FC Petrolul ,57,42,None,64,66,56,61,24,63,35,57,35,62,63,66,73,72,64,66,68,70,62,41,33,40,48,29,32,28,8,13,8,14,10,475
PS3082,Scotland,180,69,23,Motherwell ,63,62,None,14,16,35,61,63,24,59,60,53,61,55,80,69,45,72,81,79,63,55,64,60,61,56,56,58,54,11,11,10,11,12,475
PS3083,Australia,179,76,29,Adelaide United ,61,62,None,55,57,59,58,57,54,56,57,63,59,57,82,72,70,67,81,75,66,50,55,53,50,57,48,49,51,7,11,16,14,14,475
PS3084,Paraguay,184,82,33,Gral. Caballero ,56,65,None,35,33,45,63,65,23,55,65,51,60,55,72,68,62,74,75,73,31,67,58,68,65,56,65,66,56,10,8,8,14,14,475
PS3085,Spain,188,81,23,Real Zaragoza ,54,56,None,18,22,34,55,59,19,52,54,38,50,40,58,61,68,60,59,50,62,74,66,69,60,45,67,69,54,6,12,13,14,6,475
PS3086,Argentina,190,87,34,Sarmiento ,53,37,None,63,67,76,58,35,62,40,60,28,61,53,40,57,85,43,47,40,70,71,47,27,25,37,34,35,23,11,9,10,12,5,475
PS3087,Romania,175,75,23,Port Vale ,62,63,None,37,28,37,56,56,25,59,58,58,56,52,78,59,68,68,79,79,65,42,65,55,63,53,49,53,49,15,9,6,12,6,475
PS3088,Belgium,180,70,28,İstanbulspor ,58,55,None,60,64,55,60,34,64,28,57,59,59,57,67,57,57,67,69,69,68,58,32,15,49,68,69,39,28,11,8,7,10,10,475
PS3089,Germany,172,63,27,SpVgg Bayreuth ,62,54,None,59,63,56,54,37,59,36,43,61,55,36,68,67,34,79,78,75,76,42,33,25,42,49,26,28,23,15,8,10,14,5,475
PS3090,Paraguay,175,73,23,Sol de América ,64,69,None,53,42,77,62,56,42,65,70,54,59,58,66,67,54,73,64,85,83,75,48,68,62,68,63,70,47,9,7,7,12,9,475
PS3091,Chile,173,67,23,Unión La Calera ,65,61,None,35,53,68,73,57,66,59,70,49,68,53,67,70,51,81,70,73,72,39,63,51,45,68,45,66,49,6,8,14,13,10,475
PS3092,Korea Republic,188,78,25,Gimcheon Sangmu ,43,32,None,64,67,62,57,32,68,28,45,27,51,42,54,52,76,46,62,52,73,63,24,21,22,18,22,32,25,11,9,12,10,14,475
PS3093,Venezuela,178,74,31,Hnos. Colmenárez ,68,67,None,46,50,45,55,61,59,63,73,60,62,65,65,68,52,62,65,66,71,56,67,62,56,66,62,74,63,9,9,15,8,11,475
PS3094,Romania,179,72,24,FC Petrolul ,63,64,None,15,16,29,58,62,11,61,47,60,63,50,80,62,60,81,77,87,76,56,65,60,52,57,32,56,46,15,10,15,13,5,475
PS3095,Austria,183,73,26,Ross County ,61,57,None,59,61,61,61,48,61,61,59,49,62,62,63,69,65,65,63,57,61,59,49,35,42,36,41,40,31,6,10,13,7,11,475
PS3096,Korea Republic,182,74,33,Gangwon FC ,63,58,None,60,64,67,64,63,66,54,66,63,59,54,70,75,72,64,72,70,72,62,58,47,57,61,64,54,56,8,8,16,12,14,475
PS3097,France,185,76,22,Estoril Praia ,67,68,None,46,64,60,61,58,59,60,63,48,64,54,77,62,57,66,75,74,56,45,62,48,63,41,44,52,33,8,11,15,7,12,475
PS3098,Italy,191,80,24,Südtirol ,51,40,None,61,62,58,57,26,61,37,44,32,53,41,62,59,83,42,63,44,74,56,40,25,24,35,31,35,32,12,13,15,12,11,475
PS3099,Germany,187,80,20,FC St. Pauli ,60,48,,63,64,63,61,49,60,41,53,49,59,48,56,57,69,61,61,61,66,62,62,51,52,39,40,52,47,9,11,14,8,5,450
PS3100,Norway,191,84,28,HamKam Fotball ,59,51,,57,62,66,63,49,59,43,56,55,63,56,33,68,83,56,34,34,62,63,64,31,34,52,48,50,34,15,7,14,12,13,450
PS3101,Sweden,181,79,25,IFK Värnamo ,64,64,,28,31,52,57,58,26,57,55,52,57,48,75,65,63,67,72,65,46,49,65,62,48,52,44,52,54,12,9,13,8,13,450
PS3102,Argentina,186,73,21,Barracas Central ,63,60,None,18,21,49,59,60,17,49,54,36,58,45,60,55,59,73,64,59,65,61,65,68,59,59,60,66,55,7,8,9,14,7,450
PS3103,Colombia,174,69,20,Atl. Nacional ,58,61,None,15,13,27,58,58,11,55,49,49,62,48,79,60,66,76,78,78,65,60,58,66,59,45,54,63,57,12,11,9,12,12,450
PS3104,United States,175,68,36,Nashville SC ,67,62,None,66,67,75,70,54,67,63,66,59,70,66,54,85,70,75,35,65,59,62,68,46,53,66,54,66,56,6,15,6,8,11,450
PS3105,Republic of Ireland,188,77,26,Rotherham Utd ,58,52,None,12,15,58,60,62,20,51,52,34,57,43,56,73,76,47,64,54,69,67,63,65,53,52,35,60,60,9,6,15,13,7,450
PS3106,Wales,194,80,28,Northampton ,28,8,None,20,17,23,56,12,13,45,42,9,35,43,40,32,73,57,44,39,52,18,46,6,17,9,6,26,18,63,64,63,61,64,450
PS3107,Argentina,183,80,36,FC Cartagena ,61,57,None,63,75,81,67,59,74,59,68,54,62,74,33,66,78,55,48,44,68,68,69,34,65,35,50,39,32,14,11,14,9,9,450
PS3108,China PR,183,75,26,Wuhan FC ,55,61,None,20,23,60,62,62,42,64,58,40,58,51,78,70,74,64,77,74,71,64,63,55,57,40,42,57,61,15,13,14,5,11,450
PS3109,Saudi Arabia,175,68,26,Damac FC ,64,63,None,36,42,54,55,54,42,59,52,60,61,58,77,64,51,76,78,71,33,42,59,54,57,54,60,53,48,8,9,6,14,8,450
PS3110,France,186,80,27,SC Bastia ,62,64,None,12,14,31,56,68,15,59,56,34,45,31,57,58,71,51,63,51,67,65,62,63,58,49,44,66,57,8,6,11,7,14,450
PS3111,Spain,172,63,21,Valencia CF ,60,64,None,30,30,33,61,64,30,49,49,59,58,44,73,55,52,70,73,65,54,56,57,66,56,55,52,60,47,14,14,15,13,12,450
PS3112,Korea Republic,172,63,34,FC Seoul ,60,62,None,62,64,50,58,62,57,63,56,65,63,56,78,81,37,82,77,78,62,42,63,59,52,53,40,56,43,10,7,11,10,15,450
PS3113,Uruguay,191,78,21,River Plate ,56,52,None,22,23,44,64,65,23,59,48,45,67,50,54,59,70,34,64,56,70,64,56,65,55,58,55,62,58,11,6,11,8,11,450
PS3114,Republic of Ireland,175,65,20,Preston ,60,62,None,22,20,33,57,56,19,58,54,46,56,42,76,58,40,78,75,62,67,67,64,68,57,49,37,68,50,8,11,8,11,7,450
PS3115,England,171,63,31,Rochdale ,63,62,None,54,57,45,64,61,54,63,58,62,63,60,69,77,38,86,72,82,51,41,65,62,62,54,60,62,56,9,9,8,13,8,450
PS3116,Korea Republic,175,62,34,Incheon United ,65,63,None,54,60,65,58,61,64,66,64,62,68,67,64,85,65,83,68,72,67,38,65,52,62,66,60,57,58,10,8,16,12,10,450
PS3117,Sweden,183,80,27,Varbergs BoIS ,52,41,None,61,62,65,59,28,60,30,55,32,56,51,53,60,76,64,59,53,72,62,51,28,28,32,28,30,28,10,14,11,8,10,450
PS3118,Turkey,179,72,25,İstanbulspor ,63,68,None,57,61,58,57,64,41,59,52,61,67,66,62,63,59,68,61,65,67,59,70,68,62,59,58,62,44,9,11,8,9,5,450
PS3119,Azerbaijan,181,72,24,SV Waldhof ,60,64,None,40,42,42,43,51,34,51,45,64,62,59,85,43,55,71,84,74,60,42,71,60,52,50,34,58,49,5,11,12,8,12,450
PS3120,Wales,175,65,21,Cardiff City ,64,64,None,22,21,52,64,66,28,47,59,50,58,35,82,58,52,70,81,77,54,47,62,63,54,48,30,56,56,7,14,7,7,13,450
PS3121,Sweden,189,79,27,Mjällby AIF ,62,64,None,48,54,57,58,65,48,58,60,56,60,53,70,68,70,62,72,68,58,55,60,63,51,54,44,50,45,5,14,5,6,11,450
PS3122,Romania,176,71,34,FCSB ,54,53,None,65,66,85,63,57,62,50,54,44,60,38,81,84,70,77,84,77,62,49,50,26,20,45,42,37,15,7,13,13,15,10,450
PS3123,Sweden,184,84,27,Degerfors IF ,61,64,None,15,16,55,59,55,16,51,63,53,58,55,82,70,71,72,81,76,72,51,61,64,57,47,45,63,63,9,14,13,9,8,450
PS3124,Argentina,178,70,19,Aldosivi ,58,59,None,58,59,59,59,57,57,55,58,62,57,58,72,63,62,64,76,71,58,56,59,52,51,59,46,49,43,8,9,13,11,9,450
PS3125,Germany,186,76,20,SC Freiburg II ,39,34,None,65,65,62,61,38,63,46,49,25,63,57,55,53,62,57,60,56,76,62,28,19,17,23,24,28,18,10,10,10,8,11,450
PS3126,Romania,179,74,25,AFC Chindia ,62,60,None,22,21,26,53,61,17,58,57,60,61,50,76,62,60,76,72,72,57,35,62,57,44,42,32,54,50,11,13,12,6,6,450
PS3127,Germany,186,80,20,VfB Stuttgart ,61,59,None,16,14,39,59,66,21,56,59,40,57,43,61,55,66,55,55,53,60,59,65,68,57,53,58,65,56,11,7,12,14,5,450
PS3128,Denmark,187,78,20,RKC Waalwijk ,62,59,None,28,23,62,57,60,24,51,58,49,56,32,71,64,73,66,75,62,68,59,64,64,55,34,33,61,50,15,10,10,11,6,450
PS3129,Estonia,177,73,27,Stal Mielec ,63,58,None,17,10,34,66,65,17,43,62,31,61,40,62,49,64,80,52,60,70,64,58,65,56,37,32,63,55,14,10,6,10,14,450
PS3130,Hungary,176,65,22,SCR Altach ,63,65,None,39,43,37,47,55,46,54,48,60,56,42,86,59,33,78,84,81,45,39,50,57,48,54,53,49,51,7,12,9,14,12,450
PS3131,England,170,67,34,Oxford United ,68,66,None,28,28,70,67,69,35,56,62,57,59,41,61,52,53,81,60,74,56,59,67,66,66,63,58,68,65,8,8,14,13,14,450
PS3132,Saudi Arabia,186,72,28,Ettifaq FC ,58,47,None,64,66,56,61,34,60,32,46,30,59,48,66,71,76,66,75,65,77,58,40,19,24,23,24,38,28,9,11,11,9,6,450
PS3133,Germany,180,75,26,SpVgg Bayreuth ,64,63,None,45,48,33,58,59,41,55,53,58,55,44,74,70,61,74,76,75,58,49,58,50,43,44,56,50,48,14,7,14,12,6,450
PS3134,Scotland,173,70,24,Shamrock Rovers ,64,67,None,37,39,45,53,61,20,54,60,50,64,61,73,56,46,81,76,72,41,44,63,54,62,39,37,47,36,6,14,10,12,12,450
PS3135,Canada,188,83,28,Toronto FC ,50,50,None,55,62,63,64,33,62,29,49,20,53,53,50,65,73,49,68,42,76,64,46,22,34,23,23,32,35,14,8,6,14,12,450
PS3136,England,183,76,24,Doncaster ,63,62,None,54,56,60,59,58,56,64,65,62,63,62,69,70,63,69,70,68,56,58,63,52,60,54,60,52,54,13,14,13,10,9,450
PS3137,England,198,90,21,Cardiff City ,61,61,None,20,24,37,56,58,29,42,57,31,48,25,69,54,87,33,74,52,34,60,63,62,59,35,35,63,48,15,12,14,9,10,450
PS3138,DR Congo,186,84,27,NorthEast United ,59,50,None,12,14,51,59,63,25,42,55,29,40,34,65,66,83,65,73,53,84,67,61,62,56,48,35,61,64,10,14,5,13,7,450
PS3139,Italy,188,77,28,Brescia ,22,17,None,16,16,18,55,7,15,34,43,14,25,19,50,28,60,58,49,55,55,12,44,13,15,17,18,20,20,64,63,65,59,63,450
PS3140,England,178,74,27,Cambridge Utd ,61,61,None,32,31,55,58,60,31,55,58,45,58,53,78,56,63,76,79,80,80,59,61,62,58,50,62,63,51,7,8,12,8,13,450
PS3141,Venezuela,185,86,27,Dep. La Guaira ,49,44,None,64,64,59,61,31,62,42,62,55,62,61,45,55,82,49,44,41,61,60,55,37,38,45,47,52,41,21,11,13,9,15,450
PS3142,Chile,184,80,40,Real Betis ,32,22,None,19,18,40,72,16,23,70,64,12,59,61,58,39,69,62,54,63,81,18,62,13,17,25,38,23,11,79,77,79,83,80,450
PS3143,Sweden,185,62,27,Lechia Gdańsk ,52,49,None,62,63,70,58,50,61,48,52,52,57,56,60,53,74,40,65,60,81,60,42,26,28,43,28,39,27,10,7,8,11,15,450
PS3144,Spain,196,89,41,Rayo Vallecano ,25,11,None,14,13,40,74,11,16,55,65,11,28,21,44,40,73,40,42,43,66,10,51,12,10,10,11,21,14,80,76,78,68,76,450
PS3145,Spain,183,78,21,R. Valladolid CF ,65,53,None,22,28,59,53,62,22,49,61,53,57,49,66,68,81,74,67,54,73,59,69,62,54,51,55,60,54,8,5,10,13,6,450
PS3146,Brazil,176,65,21,Al Ain FC ,61,64,None,27,21,39,57,59,28,51,57,51,55,46,78,62,65,75,84,70,51,38,65,61,58,43,44,53,46,12,7,10,11,11,450
PS3147,United States,176,71,21,Red Bulls ,63,66,None,29,37,34,51,57,25,46,52,54,53,44,85,60,48,83,86,82,50,43,58,61,50,55,48,57,43,15,6,10,6,14,450
PS3148,France,183,74,26,Stade Lavallois ,65,62,None,57,64,59,52,52,55,65,54,56,68,66,64,60,58,62,62,61,60,48,62,53,57,53,57,56,55,9,10,14,12,12,450
PS3149,Nigeria,173,62,34,Ipswich ,66,68,None,35,41,50,62,63,31,62,63,62,63,57,72,49,49,83,72,90,49,48,67,56,62,72,66,52,64,15,14,8,7,6,450
PS3150,Germany,188,85,28,SC Verl ,52,32,None,64,66,61,60,28,57,35,52,26,51,36,61,53,76,47,62,45,72,59,41,27,26,30,28,40,25,14,5,8,14,13,450
PS3151,England,176,62,21,Swindon Town ,64,60,None,55,61,45,60,59,57,62,62,54,64,61,65,64,54,76,64,71,38,52,56,57,58,57,57,52,55,11,8,7,11,11,450
PS3152,Germany,177,73,31,SV Meppen ,67,66,None,59,57,50,52,58,56,63,56,58,64,65,69,74,58,76,72,81,71,57,63,58,53,63,55,48,46,13,6,6,6,16,450
PS3153,China PR,178,66,25,Dalian Pro ,64,62,,53,63,59,54,51,59,53,45,60,55,52,75,80,64,63,70,73,72,45,48,52,49,45,37,51,55,12,5,8,15,12,425
PS3154,Peru,172,70,35,Cienciano ,64,72,,36,37,40,63,60,58,55,72,61,65,64,67,60,58,67,64,65,64,63,66,74,65,76,70,68,62,17,9,9,15,9,425
PS3155,Portugal,169,63,22,STVV ,60,62,None,61,63,66,53,46,60,45,56,58,61,53,76,58,39,86,67,77,78,46,48,26,36,43,45,34,24,9,12,14,13,5,425
PS3156,Spain,179,75,22,Albacete BP ,49,63,None,67,68,64,64,51,59,43,44,60,37,33,70,58,59,67,68,59,59,53,29,32,38,36,37,48,35,6,7,8,5,13,425
PS3157,Paraguay,180,84,31,Gral. Caballero ,57,53,None,60,62,48,59,45,57,32,53,63,56,42,71,70,56,72,73,66,59,59,28,28,29,43,29,36,29,10,7,7,6,9,425
PS3158,Colombia,183,75,20,FC Dallas ,60,70,None,22,24,30,43,60,20,63,64,60,52,57,79,50,70,59,75,70,42,36,60,62,64,40,50,59,35,12,14,12,8,8,425
PS3159,England,183,80,30,Cambridge Utd ,61,58,None,57,58,59,63,62,59,63,66,55,63,61,67,72,71,67,56,64,88,55,61,51,56,39,37,47,42,5,7,7,18,9,425
PS3160,England,179,68,25,Cambridge Utd ,60,60,None,55,57,56,58,55,59,60,60,57,60,58,71,77,56,60,70,75,58,52,54,42,49,67,68,49,56,7,13,10,9,12,425
PS3161,Romania,174,60,20,Arsenal ,69,65,None,52,51,42,60,58,28,64,61,55,72,72,66,40,34,80,54,68,54,45,63,52,45,62,49,63,50,12,10,13,14,13,425
PS3162,Germany,184,74,24,VfL Osnabrück ,58,64,None,61,58,61,63,56,59,57,47,63,61,54,65,58,59,68,62,67,60,53,43,38,36,46,37,40,35,6,12,12,6,13,425
PS3163,Spain,175,67,23,CD Tenerife ,58,60,None,56,62,60,54,55,62,47,56,56,59,46,71,61,58,70,76,70,55,55,56,47,43,34,45,51,40,7,6,12,10,9,425
PS3164,Guinea Bissau,174,67,19,Reading ,63,65,None,38,45,54,50,56,37,66,56,48,65,58,80,57,33,83,77,80,53,34,52,54,43,48,41,49,41,10,14,12,7,12,425
PS3165,Australia,186,80,29,Adelaide United ,49,33,None,61,65,63,56,27,62,31,56,37,61,57,54,80,84,62,34,60,51,63,45,25,25,41,31,29,26,14,8,11,12,12,425
PS3166,New Zealand,173,68,24,Well. Phoenix ,60,61,None,56,58,60,60,55,53,57,60,60,56,53,79,71,62,75,70,73,59,47,48,49,47,49,48,48,40,6,7,5,9,8,425
PS3167,France,180,70,24,SC Bastia ,63,59,None,58,65,46,55,37,60,51,59,40,66,60,42,67,73,59,52,50,73,64,41,38,35,31,36,39,29,9,14,6,12,14,425
PS3168,Spain,191,81,23,R. Oviedo ,14,9,None,13,12,21,60,8,15,32,37,15,22,24,33,30,74,31,32,43,57,15,43,7,8,14,11,17,10,61,64,63,57,63,425
PS3169,Turkey,181,73,22,Alanyaspor ,60,64,None,60,60,57,56,35,50,47,45,57,61,59,76,71,59,62,79,74,58,53,55,34,34,40,39,45,39,6,12,10,8,10,425
PS3170,Republic of Ireland,177,77,25,Doncaster ,52,55,None,56,60,70,67,60,52,51,52,53,60,53,74,79,70,68,73,70,70,53,52,51,43,33,42,44,36,6,15,12,6,12,425
PS3171,Belgium,177,75,22,KAS Eupen ,61,57,None,61,64,53,62,39,62,46,55,36,63,58,64,63,74,74,36,58,66,57,48,32,30,34,35,48,28,14,11,14,11,12,425
PS3172,Austria,185,75,20,Wolfsberger AC ,65,62,None,58,63,62,58,58,57,61,64,53,65,63,61,68,69,56,66,57,60,61,56,40,49,55,51,42,39,7,8,13,12,12,425
PS3173,Austria,180,72,22,SCR Altach ,63,60,None,57,58,64,65,36,63,62,58,40,64,57,62,72,61,63,67,68,58,48,51,39,45,54,37,37,33,14,6,10,12,12,425
PS3174,Suriname,192,80,37,Kasımpaşa ,68,68,None,69,73,80,57,65,67,69,79,62,69,72,33,48,91,40,34,33,52,80,79,61,67,59,42,59,42,7,12,12,11,16,425
PS3175,Bosnia & Herzegovina,177,70,22,MKE Ankaragücü ,60,55,None,64,65,67,54,38,59,42,53,42,65,59,61,65,61,66,62,55,64,58,55,43,47,38,46,53,32,6,14,5,7,9,425
PS3176,France,180,73,28,Stade Lavallois ,64,65,None,30,28,38,55,60,40,50,61,56,52,43,87,61,66,77,89,81,67,48,65,55,49,52,48,53,51,8,16,10,14,13,425
PS3177,France,196,90,29,Stade Lavallois ,61,58,None,61,60,70,55,58,57,59,61,33,63,61,45,75,83,38,44,48,49,66,62,54,56,47,31,52,48,12,8,9,12,16,425
PS3178,Greece,178,78,20,Cagliari ,63,61,None,53,56,62,60,56,60,62,55,48,67,65,72,63,57,70,64,55,67,60,57,49,48,48,46,48,34,8,15,5,14,13,425
PS3179,Belgium,179,80,25,FC Botoșani ,58,58,None,58,60,74,47,45,56,45,51,60,60,53,77,52,69,59,83,65,72,65,52,26,30,35,35,32,23,5,12,6,6,12,425
PS3180,England,184,66,22,Harrogate Town ,55,62,None,58,61,61,59,52,59,42,51,59,54,40,75,65,66,67,74,61,62,58,43,33,35,44,34,45,40,6,12,10,9,15,425
PS3181,Equatorial Guinea,173,73,24,Univ. Craiova ,59,58,None,61,58,60,57,46,56,47,57,57,57,55,76,72,81,68,71,59,70,38,45,32,38,54,49,45,46,13,12,7,13,9,425
PS3182,Spain,178,72,21,R. Oviedo ,62,65,None,42,40,64,52,54,41,53,51,61,60,57,78,55,53,68,76,73,46,45,61,56,52,55,44,65,52,5,15,7,11,13,425
PS3183,China PR,179,70,29,Shanghai Port ,59,56,None,62,55,66,58,55,59,54,57,50,62,67,62,75,75,71,69,74,74,62,64,44,58,42,48,45,39,13,9,10,11,10,425
PS3184,Romania,187,80,34,FC Univ. Cluj ,60,58,None,62,65,71,65,43,64,63,60,46,66,62,37,74,75,51,50,49,66,60,53,40,35,36,37,45,29,7,6,6,16,15,425
PS3185,Turkey,181,72,19,Arminia Bielefeld ,68,71,None,29,27,35,58,57,27,52,50,42,64,53,74,52,57,73,76,78,60,41,48,53,46,45,58,39,42,9,13,9,14,10,425
PS3186,Saudi Arabia,170,70,24,Al Raed ,60,59,None,58,57,60,53,48,59,48,46,55,56,50,76,71,56,73,79,73,64,45,40,28,31,48,35,37,31,6,12,13,11,7,425
PS3187,Canada,195,88,36,Canada ,57,42,None,70,73,79,66,21,72,43,71,44,61,57,30,53,91,33,37,32,31,68,74,49,59,68,69,68,41,6,14,7,8,6,425
PS3188,Denmark,192,88,22,Odense BK ,25,18,None,10,13,20,57,12,13,56,48,13,39,35,34,27,60,46,34,36,52,11,48,6,8,14,12,18,7,62,63,61,64,64,425
PS3189,Spain,176,63,23,FC Andorra ,64,63,None,60,63,65,63,30,55,54,57,48,71,68,58,41,49,73,64,55,59,62,58,40,41,53,62,57,40,6,5,8,7,6,425
PS3190,Norway,180,72,29,Widzew Łódź ,61,66,None,52,54,42,60,60,46,57,61,56,62,58,78,65,60,78,75,74,53,45,63,61,54,49,43,42,45,11,13,15,10,14,425
PS3191,Finland,183,77,37,Malmö FF ,67,66,None,68,74,70,70,58,74,70,76,54,76,74,39,50,74,64,49,64,81,70,67,39,56,56,44,54,40,15,11,9,14,7,425
PS3192,Italy,178,78,29,Como ,62,57,None,18,22,34,62,59,19,53,62,28,58,39,68,65,65,70,74,65,60,63,62,66,55,42,35,62,47,5,9,12,7,14,425
PS3193,Austria,185,69,29,TSV Hartberg ,65,58,None,61,63,72,52,44,66,48,60,48,61,59,54,70,71,59,39,66,80,66,55,33,51,48,30,38,29,7,7,14,7,16,425
PS3194,Argentina,178,69,20,Villarreal CF B ,64,63,None,39,37,37,57,60,31,62,57,59,68,65,61,56,49,66,61,63,42,41,55,53,52,61,67,64,50,10,7,11,13,7,425
PS3195,Argentina,184,81,23,Aldosivi ,12,10,None,12,14,16,55,6,12,39,45,13,24,17,33,30,45,46,28,39,57,12,41,9,6,12,12,17,5,60,64,63,55,64,425
PS3196,England,185,80,30,Sutton United ,60,57,None,55,59,47,58,57,57,54,57,60,58,56,69,83,76,63,67,56,82,53,52,51,53,50,46,48,43,12,15,15,12,12,425
PS3197,Germany,180,76,24,FSV Zwickau ,62,55,None,54,61,55,56,61,60,53,57,49,62,60,78,82,67,83,70,71,61,51,52,55,52,48,38,43,28,12,13,7,6,14,425
PS3198,England,184,80,22,Swindon Town ,14,8,None,12,14,24,57,8,6,39,40,14,24,25,33,27,40,44,29,31,67,14,46,9,9,11,14,15,6,62,63,60,61,64,425
PS3199,Brazil,192,86,29,CS Mioveni ,46,28,None,56,62,66,57,52,61,50,50,26,51,45,55,75,85,48,58,52,87,67,53,45,48,30,31,38,28,10,9,5,14,9,425
PS3200,Germany,180,67,27,Hansa Rostock ,66,66,None,29,35,43,57,58,26,64,48,64,62,40,76,34,40,75,69,80,62,39,63,57,59,60,40,52,48,7,15,13,11,9,425
PS3201,Australia,187,83,23,Hibernian ,55,58,None,61,60,70,58,50,57,52,53,55,56,55,59,74,71,57,69,55,76,56,52,41,39,35,29,37,31,10,10,11,11,5,425
PS3202,England,176,69,20,Coventry City ,64,71,None,22,29,57,51,56,18,53,58,51,53,39,83,55,41,86,82,90,67,27,56,55,52,53,50,48,45,10,14,6,13,9,425
PS3203,Argentina,176,74,20,Central Córdoba ,63,64,None,25,25,33,57,59,22,54,53,62,62,60,67,52,48,63,65,66,41,39,62,61,53,47,42,59,52,13,10,6,9,11,425
PS3204,Spain,180,78,37,Adelaide United ,68,65,None,68,68,83,73,55,71,65,79,67,74,63,65,73,73,70,67,65,80,64,56,54,43,67,52,56,49,12,10,8,7,16,425
PS3205,France,175,68,25,Niort ,58,64,None,53,57,52,50,45,52,55,52,60,61,53,82,80,66,80,84,79,67,44,38,28,34,42,39,44,45,11,11,9,5,14,425
PS3206,Spain,179,72,33,CD Leganés ,20,12,None,12,13,31,65,15,25,54,47,29,34,23,49,40,66,54,52,65,77,13,46,13,10,24,10,25,19,64,66,64,61,69,425
PS3207,Spain,180,75,21,Real Betis ,66,64,None,50,51,63,58,63,49,64,42,48,67,65,68,58,47,66,64,69,55,43,56,51,61,33,39,45,42,8,13,6,14,9,425
PS3208,Spain,177,74,36,UD Ibiza ,71,65,None,67,68,75,65,69,73,60,66,73,72,63,56,53,61,61,51,64,80,83,74,66,60,70,46,70,56,6,10,9,13,16,425
PS3209,France,182,87,31,Stade Lavallois ,62,63,None,61,63,62,50,54,51,53,52,62,63,61,65,85,77,60,67,73,66,58,61,49,43,44,46,49,47,9,16,6,13,7,425
PS3210,France,173,65,36,Quevilly Rouen ,69,67,None,32,49,42,62,63,56,66,69,68,66,65,73,61,65,82,67,85,32,46,67,64,66,71,67,74,54,6,6,7,13,9,425
PS3211,Australia,175,71,27,Newcastle Jets ,53,56,None,49,48,67,58,59,46,51,51,58,50,48,91,79,74,80,90,83,77,54,65,63,59,53,52,54,49,9,15,14,11,10,425
PS3212,Spain,181,71,20,UD Las Palmas ,62,64,None,28,31,58,53,58,24,57,60,56,59,57,74,68,48,68,68,75,55,59,61,60,60,61,44,50,60,14,11,6,14,5,425
PS3213,Colombia,180,76,20,Deportivo Cali ,61,62,None,65,70,35,63,60,60,63,58,39,62,58,79,71,58,67,76,81,56,36,45,58,63,49,56,48,35,6,5,15,13,10,425
PS3214,England,173,70,27,Colchester ,61,62,None,38,33,42,54,57,38,57,58,56,56,55,81,69,53,81,79,82,35,47,56,55,58,60,65,59,51,12,13,7,12,12,425
PS3215,England,175,67,22,Crewe Alexandra ,56,58,None,56,59,62,55,48,56,45,54,60,56,48,74,71,57,77,72,72,80,45,42,32,36,47,36,41,37,7,10,12,13,6,425
PS3216,Denmark,183,76,27,AC Horsens ,64,62,None,62,62,67,60,57,61,56,63,58,66,64,65,70,72,72,61,70,72,54,62,48,52,60,55,49,52,7,15,15,14,9,425
PS3217,Korea Republic,185,81,26,Jeonbuk Hyundai ,59,56,,56,63,69,57,55,63,59,55,36,61,65,62,61,76,60,64,65,63,54,63,38,57,34,39,44,33,13,14,12,15,6,400
PS3218,Saudi Arabia,170,64,27,Al Taawoun ,57,56,,60,64,61,60,52,61,53,47,52,55,57,65,66,65,86,70,57,71,36,28,30,29,45,31,37,20,10,14,9,9,5,400
PS3219,England,188,78,22,Forest Green ,56,46,None,64,65,59,47,25,62,31,57,32,61,55,49,55,68,55,50,46,62,66,36,23,24,25,22,32,27,15,6,11,11,13,400
PS3220,Spain,185,80,23,Latium ,61,50,None,63,65,56,54,24,58,36,57,47,63,61,64,61,67,62,64,60,66,67,54,28,49,42,36,38,41,6,14,10,10,14,400
PS3221,Germany,176,66,18,TSG Hoffenheim ,65,64,None,52,49,56,58,48,31,68,63,49,66,64,62,52,44,79,64,75,59,40,55,49,50,61,52,54,47,13,9,13,12,6,400
PS3222,Hungary,189,77,21,Parma ,38,28,None,62,64,63,52,27,67,32,45,21,54,32,63,54,68,47,56,48,72,61,38,28,25,23,19,41,21,15,14,10,8,11,400
PS3223,Guatemala,193,85,27,HamKam Fotball ,20,10,None,12,11,22,56,6,6,40,38,14,20,21,37,25,59,21,25,40,56,13,45,5,5,12,10,15,9,63,62,61,60,64,400
PS3224,Turkey,181,82,30,Hatayspor ,63,65,None,59,63,72,63,64,61,49,67,62,62,60,59,58,74,61,43,59,83,65,80,50,74,71,69,66,52,11,9,11,8,7,400
PS3225,Denmark,187,82,23,Silkeborg IF ,65,64,None,19,17,40,58,58,15,50,53,52,57,50,76,59,66,60,77,67,65,52,68,60,49,51,58,53,48,8,11,12,9,11,400
PS3226,Haiti,183,74,21,SC Cambuur ,44,32,None,64,68,68,44,20,64,31,48,34,42,38,63,54,73,57,51,49,81,54,30,20,22,28,24,39,29,10,7,13,9,8,400
PS3227,Australia,183,75,25,Well. Phoenix ,56,48,None,61,62,66,56,48,62,53,51,45,59,56,64,64,73,55,62,54,71,60,49,30,28,30,34,30,30,6,6,12,7,6,400
PS3228,Netherlands,183,69,20,SK Rapid Wien ,64,64,None,61,59,61,56,57,55,51,46,65,66,58,66,54,60,54,69,61,55,51,58,35,44,49,47,32,42,7,10,6,10,7,400
PS3229,Uruguay,176,66,20,Nacional ,64,65,None,61,59,56,59,62,54,63,52,60,62,58,76,71,60,68,75,73,55,54,61,58,59,59,53,54,46,6,12,10,11,6,400
PS3230,Uruguay,186,72,31,Cerro Largo ,14,10,None,15,15,26,64,7,12,28,35,11,20,17,29,20,42,38,30,30,47,11,47,5,11,14,13,15,6,62,65,60,62,66,400
PS3231,France,190,77,21,RFC Seraing ,51,41,None,58,60,71,59,24,63,36,58,32,56,53,54,55,75,53,51,44,62,64,53,25,34,31,35,32,34,7,9,10,12,8,400
PS3232,Serbia,180,76,38,WS Wanderers ,72,72,None,54,57,56,63,66,58,69,68,67,71,66,58,55,70,67,60,73,70,52,66,66,64,66,60,65,64,6,11,11,8,13,400
PS3233,Germany,186,80,27,SV Waldhof ,61,62,None,56,57,63,59,58,59,51,54,60,59,55,76,65,76,64,71,65,73,53,57,54,42,39,37,43,42,15,7,10,6,9,400
PS3234,United States,188,86,32,Minnesota United ,31,36,None,56,63,72,59,39,64,32,57,32,67,66,51,70,81,45,45,33,78,63,57,31,40,32,31,49,34,11,9,11,11,14,400
PS3235,Spain,185,76,29,CD Lugo ,65,58,None,54,62,48,61,59,58,58,51,53,66,64,57,60,56,64,62,53,58,41,60,56,55,35,32,43,30,10,10,12,12,14,400
PS3236,Guinea Bissau,186,80,32,Rodez AF ,62,60,None,21,45,55,53,60,38,51,56,51,56,44,65,73,86,63,75,62,78,66,67,62,62,59,57,63,61,7,6,6,6,12,400
PS3237,Korea Republic,185,72,29,Incheon United ,63,58,None,55,60,62,62,55,60,65,60,36,64,62,58,70,70,60,53,56,70,52,61,32,56,51,33,37,33,13,14,11,14,8,400
PS3238,United States,194,84,26,LA Galaxy ,19,19,None,13,12,25,51,8,14,29,28,14,26,24,29,45,59,39,29,35,49,14,48,5,19,11,13,13,19,62,63,62,64,65,400
PS3239,El Salvador,185,84,31,LA Galaxy ,58,54,None,62,60,72,58,53,61,53,60,29,63,58,50,66,76,55,51,32,80,64,68,30,56,38,37,48,56,13,12,7,15,15,400
PS3240,Croatia,190,80,31,AC Horsens ,18,13,None,12,10,38,48,9,14,40,40,18,27,30,35,30,72,40,35,40,55,15,46,13,14,16,16,15,15,64,67,62,61,65,400
PS3241,Germany,183,80,36,Heidenheim ,66,59,None,66,68,69,70,55,69,58,65,66,65,64,56,85,80,66,67,66,73,64,74,46,63,57,67,64,44,6,14,7,11,12,400
PS3242,China PR,178,75,33,Cangzhou FC ,59,58,None,59,59,68,59,59,61,62,50,60,60,56,67,77,74,52,70,74,73,63,52,57,59,46,41,40,52,7,7,14,11,14,400
PS3243,Spain,178,71,19,R. Oviedo ,62,60,None,59,62,67,60,62,62,65,51,42,64,63,65,50,34,69,62,71,57,41,60,55,62,56,52,35,44,10,9,10,9,13,400
PS3244,Germany,193,80,23,SC Freiburg II ,63,61,None,20,19,43,52,54,19,43,48,41,55,37,62,58,75,62,68,64,68,61,64,66,51,42,33,45,58,8,13,11,11,10,400
PS3245,Ecuador,185,81,24,Colorado Rapids ,53,62,None,59,64,60,65,31,58,28,64,19,50,35,68,66,81,56,59,64,65,54,44,32,21,22,21,42,28,13,15,5,8,15,400
PS3246,Spain,187,80,23,R. Valladolid CF ,53,29,None,62,65,63,54,25,58,35,49,28,54,50,54,62,79,46,63,54,69,60,54,24,21,26,22,35,23,8,8,12,13,8,400
PS3247,Sweden,183,81,31,GIF Sundsvall ,61,56,None,22,23,63,63,66,23,57,56,48,58,41,67,74,69,63,72,73,71,59,62,61,46,48,49,64,55,13,9,10,15,10,400
PS3248,Croatia,191,79,25,TSV Hartberg ,49,34,None,60,64,62,60,23,63,33,45,32,50,47,57,65,74,55,67,52,62,62,42,21,19,17,20,27,15,8,10,13,8,6,400
PS3249,England,184,68,27,Northampton ,57,58,None,57,58,59,56,56,57,59,58,60,54,52,70,75,66,63,72,72,59,55,53,48,49,63,61,57,42,10,10,15,14,12,400
PS3250,Portugal,174,64,20,Gil Vicente ,64,62,None,49,50,62,64,58,52,63,50,46,67,65,55,54,43,79,54,56,56,55,67,50,56,43,40,48,39,6,11,6,9,12,400
PS3251,Spain,189,74,22,CD Mirandés ,52,30,None,60,65,60,55,26,64,39,54,36,58,45,48,48,73,53,50,43,48,66,42,24,23,32,37,45,28,6,13,12,9,14,400
PS3252,England,176,71,21,MK Dons ,57,58,None,57,59,58,56,56,56,53,56,58,56,45,72,68,59,66,75,76,65,54,46,44,41,44,41,49,40,11,10,11,13,13,400
PS3253,Austria,188,78,23,SV Ried ,60,54,None,59,62,63,60,43,58,62,58,50,66,62,61,58,76,51,62,56,59,65,51,29,30,38,38,40,31,8,8,13,14,6,400
PS3254,Haiti,180,75,23,GIF Sundsvall ,63,60,None,20,17,37,56,58,15,44,54,35,52,35,75,70,69,59,77,67,66,55,57,63,54,38,29,57,46,9,11,10,14,9,400
PS3255,Germany,195,97,24,FC St. Pauli ,14,11,None,11,12,29,47,7,11,27,24,12,18,20,31,27,74,27,32,32,33,12,50,9,9,12,8,15,6,62,64,64,66,64,400
PS3256,Argentina,181,76,33,San Lorenzo ,59,62,None,27,30,49,60,67,43,45,64,55,62,56,54,34,70,53,50,55,64,67,68,65,59,55,54,70,62,15,13,10,15,15,400
PS3257,Wales,173,73,20,Brentford ,62,61,None,52,57,64,56,57,57,54,62,64,60,59,65,66,63,74,62,65,65,44,50,43,42,53,38,33,31,11,10,11,6,14,400
PS3258,England,198,92,31,Gillingham ,65,53,None,54,55,67,62,66,58,57,58,34,57,46,45,70,86,32,49,34,81,68,63,59,58,39,39,57,60,8,15,13,8,7,400
PS3259,Germany,178,74,24,FC Augsburg ,60,60,None,15,14,52,62,62,21,51,55,38,53,39,50,51,53,68,58,59,62,67,63,65,65,42,42,64,53,13,14,14,11,6,400
PS3260,Spain,188,78,21,Levante UD ,15,11,None,13,12,26,62,5,14,56,52,14,29,26,22,19,63,36,29,28,59,13,42,7,8,14,11,11,9,61,65,63,56,61,400
PS3261,Korea Republic,184,72,31,Suwon Samsung ,62,56,None,57,61,62,55,44,65,58,57,46,63,62,58,72,64,67,60,54,61,55,60,38,51,48,46,38,43,16,10,15,9,7,400
PS3262,Poland,178,70,21,Wisła Płock ,56,52,None,57,64,52,55,51,58,56,52,58,62,57,69,70,45,69,69,58,61,54,51,35,52,53,39,42,39,9,12,11,6,12,400
PS3263,England,184,72,24,Harrogate Town ,45,40,None,61,62,64,58,32,61,36,53,29,49,43,66,68,76,57,64,58,78,62,36,22,20,31,29,41,29,10,7,14,11,15,400
PS3264,Bolivia,185,81,31,Royal Pari ,16,12,None,11,8,20,65,9,11,37,61,14,19,16,48,39,65,61,49,50,75,11,50,6,7,9,11,19,8,72,59,47,66,74,400
PS3265,Germany,178,65,30,SV Elversberg ,60,63,None,56,60,64,64,58,58,59,60,55,64,61,65,79,56,74,62,74,61,58,61,50,53,52,41,40,48,16,6,7,11,8,400
PS3266,China PR,183,82,33,Shanghai Port ,55,56,None,63,64,72,60,48,66,53,60,41,58,54,61,81,80,74,43,56,76,73,61,51,52,41,40,46,33,7,14,6,8,6,400
PS3267,Austria,188,80,22,FK Austria Wien ,57,38,None,58,62,62,56,28,61,36,58,42,55,52,58,65,78,50,61,48,62,63,45,24,26,31,32,30,23,13,9,5,12,6,400
PS3268,Saudi Arabia,169,68,32,Al Fateh ,65,65,None,60,63,53,58,58,60,66,66,60,65,66,47,78,69,64,53,67,75,48,56,53,59,55,57,37,30,9,12,15,12,11,400
PS3269,Romania,181,76,27,CS Mioveni ,50,33,None,60,63,58,63,47,55,46,57,56,60,54,63,70,70,63,71,65,59,43,48,31,34,38,33,35,37,8,14,9,11,5,400
PS3270,Korea Republic,175,69,28,Gimcheon Sangmu ,51,45,None,56,58,64,55,41,62,41,55,61,48,41,70,83,65,75,76,72,71,45,42,26,28,45,23,38,29,14,10,6,7,10,400
PS3271,England,183,75,23,Northampton ,57,55,None,61,63,64,58,24,60,37,54,52,56,53,73,68,72,67,72,68,80,57,37,21,25,30,20,28,21,9,10,10,5,11,400
PS3272,Poland,182,73,27,Miedź Legnica ,55,53,None,61,62,56,57,38,59,45,54,55,57,37,69,67,60,69,67,70,69,55,50,45,40,52,46,46,42,15,11,13,15,8,400
PS3273,Burundi,187,80,24,Lyngby BK ,59,59,None,58,62,63,59,52,61,52,61,42,62,59,65,75,74,62,68,56,72,65,58,53,59,39,36,45,28,7,5,10,10,14,400
PS3274,Korea Republic,186,87,26,Incheon United ,23,11,None,16,15,22,55,20,13,45,35,13,52,55,16,24,42,50,25,22,63,15,53,10,9,8,12,15,7,60,64,60,71,64,400
PS3275,Spain,177,80,25,Athletic Club ,54,49,None,63,67,60,61,49,66,48,52,56,60,45,68,61,62,71,65,65,67,52,56,39,41,38,39,44,32,7,15,14,15,14,400
PS3276,Germany,183,82,32,VfL Osnabrück ,63,63,None,35,37,39,60,60,42,60,49,61,60,50,73,64,66,70,75,73,68,47,66,61,64,70,67,74,65,15,13,16,9,12,400
PS3277,Tunisia,189,82,34,Quevilly Rouen ,53,50,None,65,65,71,55,42,65,53,64,40,58,53,36,37,77,32,53,28,77,66,60,38,40,34,36,36,30,15,12,15,8,10,400
PS3278,Korea Republic,174,61,26,Seongnam FC ,59,58,None,57,59,58,63,48,59,58,50,61,57,57,74,59,56,75,73,70,84,53,59,40,47,50,55,34,30,13,14,9,10,6,400
PS3279,Ecuador,188,83,35,LDU Quito ,21,8,None,7,8,41,67,11,21,60,62,9,23,22,35,34,79,41,31,33,66,9,58,9,12,9,12,21,8,74,71,63,77,75,400
PS3280,Spain,186,84,35,CD Mirandés ,66,25,None,64,69,70,61,39,70,58,69,46,67,60,39,53,77,62,42,51,81,68,70,36,42,34,61,46,44,12,10,16,9,10,400
PS3281,Mali,186,84,37,Sivasspor ,66,62,None,12,15,68,62,70,21,62,60,59,63,57,55,50,81,50,50,62,79,75,79,71,69,52,50,67,60,10,7,12,16,10,400
PS3282,Germany,176,70,18,Fürth  ,64,64,None,57,58,56,57,55,51,66,62,58,69,66,71,51,40,82,65,80,64,52,60,48,51,58,58,55,56,11,7,10,13,13,400
PS3283,St Kitts Nevis,193,88,34,Accrington ,55,55,None,64,66,68,62,46,67,43,60,55,59,51,52,65,81,33,62,44,66,65,51,32,25,41,23,32,23,12,10,7,11,12,400
PS3284,Australia,190,90,25,Melbourne City ,15,10,None,10,12,22,60,7,15,44,43,11,25,28,16,17,42,36,31,26,63,10,45,7,6,13,10,14,9,64,64,54,60,68,400
PS3285,Germany,192,82,30,FC Erzgebirge Aue ,46,29,None,64,65,66,55,24,62,27,51,28,52,30,48,59,81,43,40,50,55,69,42,26,23,25,24,31,18,7,11,8,9,8,400
PS3286,Sweden,178,72,21,FC Nordsjælland ,65,60,None,54,59,50,56,51,58,53,52,57,55,45,77,63,60,67,77,74,68,44,52,38,40,54,42,40,40,9,15,12,12,9,400
PS3287,Uruguay,175,71,35,FC Lugano ,68,66,None,58,60,73,65,65,66,73,71,66,72,67,59,72,64,79,56,70,57,57,65,61,60,67,59,57,63,10,8,11,9,7,400
PS3288,Korea Republic,194,84,34,Gangwon FC ,13,12,None,18,13,32,61,10,22,61,59,14,35,34,42,32,60,52,34,44,43,19,45,19,14,11,13,25,12,67,64,68,60,72,400
PS3289,Austria,189,77,25,TSV Hartberg ,20,19,None,15,10,19,58,12,16,34,27,14,20,18,43,44,56,52,41,37,55,14,41,12,12,10,13,21,17,63,62,60,55,66,400
PS3290,Turkey,174,70,20,Alanyaspor ,62,60,None,60,60,62,59,52,60,44,56,61,61,58,68,53,53,62,64,64,74,58,48,37,39,42,45,47,34,13,12,14,6,8,400
PS3291,Netherlands,184,75,24,Sparta Rotterdam ,55,42,None,63,65,54,61,40,64,33,52,35,62,56,64,70,65,62,63,52,66,60,46,21,27,35,30,37,32,8,8,13,11,8,400
PS3292,Spain,191,78,22,Atlético de Madrid ,50,41,None,64,65,72,56,26,55,27,52,32,58,56,49,64,76,41,65,44,68,54,63,22,30,31,25,33,26,10,12,7,12,8,400
PS3293,Luxembourg,191,85,21,Degerfors IF ,50,46,None,59,62,76,56,33,58,30,46,44,51,48,59,62,80,45,60,48,72,60,40,23,21,26,21,31,25,12,7,7,9,7,400
PS3294,Netherlands,179,72,21,FC Groningen ,64,59,None,64,66,53,54,26,57,36,64,32,63,58,67,62,64,66,73,61,72,57,42,22,20,36,33,47,35,9,11,12,10,11,400
PS3295,Scotland,190,75,23,Kilmarnock ,60,56,None,42,45,69,54,57,48,57,54,49,60,54,55,66,78,67,64,58,68,67,68,62,49,51,40,59,52,13,13,12,7,7,400
PS3296,France,183,78,25,M'gladbach ,56,48,None,62,65,63,58,29,58,48,45,35,62,50,53,34,69,66,55,65,74,56,56,21,28,30,35,40,31,9,12,7,6,6,400
PS3297,Venezuela,175,67,22,Metropolitanos ,60,24,None,60,65,60,60,22,60,33,60,28,60,45,55,52,61,70,55,49,71,65,36,20,21,24,21,38,30,9,6,7,10,7,400
PS3298,Ivory Coast,183,75,22,FC Lorient ,47,31,None,69,73,55,55,32,58,33,44,33,41,34,52,63,65,58,63,36,68,64,53,22,28,35,28,41,28,14,9,8,14,9,400
PS3299,Ghana,185,73,22,Niort ,57,54,None,19,11,27,55,59,19,50,58,41,54,39,70,67,71,57,73,61,72,60,66,65,55,50,39,69,48,9,11,8,14,14,400
PS3300,Germany,188,83,23,MSV Duisburg ,63,62,None,33,36,68,61,59,34,45,63,40,53,45,66,57,73,69,71,71,70,59,63,59,59,49,36,58,59,13,8,12,9,12,400
PS3301,Ecuador,175,71,27,LDU Quito ,58,51,None,63,67,64,55,36,63,43,59,50,53,46,72,65,61,78,69,76,59,61,44,27,29,45,32,37,26,9,7,10,7,14,400
PS3302,Spain,181,73,33,FC Goa ,65,61,None,64,65,72,59,56,63,64,65,57,65,63,46,74,70,63,52,61,70,63,65,55,57,53,55,48,38,14,15,8,11,14,400
PS3303,Germany,177,79,32,Hallescher FC ,62,63,None,60,63,78,63,56,58,57,59,60,61,59,70,66,62,79,73,76,79,51,72,55,60,59,61,42,58,12,13,13,10,15,400
PS3304,Saudi Arabia,176,77,29,Al Raed ,60,66,None,45,41,59,53,62,48,52,53,49,65,58,75,66,65,58,75,71,74,56,62,63,61,41,41,44,58,9,10,15,9,9,400
PS3305,Germany,169,65,31,SC Freiburg II ,61,59,,58,59,60,58,60,60,63,49,51,65,63,74,67,49,90,66,85,71,48,56,48,57,45,50,49,39,6,14,10,10,11,375
PS3306,Korea Republic,183,78,23,Gimcheon Sangmu ,60,61,,33,30,67,44,63,22,57,63,55,60,54,72,59,63,58,74,73,45,47,66,57,43,57,43,45,37,5,7,12,6,11,375
PS3307,Australia,173,69,22,Central Coast ,67,64,None,28,25,39,55,63,26,54,54,32,59,56,69,65,38,65,69,63,47,34,53,59,51,56,32,41,37,11,7,8,13,13,375
PS3308,England,184,74,22,Blackpool ,60,62,None,51,43,40,55,59,26,63,55,46,68,65,61,58,64,60,68,59,55,42,59,50,63,52,59,52,43,12,9,6,12,7,375
PS3309,Spain,183,75,23,CD Mirandés ,61,63,None,53,46,62,55,63,52,56,56,42,63,64,67,64,52,61,65,60,57,55,61,60,62,46,47,48,43,12,5,13,9,11,375
PS3310,Sweden,180,78,35,Malmö FF ,64,64,None,65,66,74,65,51,64,67,69,73,63,60,59,66,74,65,67,61,76,60,73,55,64,66,59,66,65,9,11,9,7,12,375
PS3311,Korea Republic,178,68,26,Suwon FC ,61,63,None,31,34,48,50,64,34,54,52,58,56,42,66,69,60,77,66,60,55,53,60,65,55,43,36,60,45,15,13,10,11,12,375
PS3312,Argentina,168,69,25,Patronato ,62,59,None,16,16,54,50,60,11,49,57,40,52,43,68,63,70,69,72,69,61,63,67,59,58,48,49,59,47,8,9,6,10,14,375
PS3313,Germany,183,72,23,Hallescher FC ,63,63,None,32,33,52,52,60,42,59,59,54,59,57,66,61,48,69,75,70,53,38,56,58,58,54,39,47,44,8,10,12,12,5,375
PS3314,Italy,184,84,27,Lecce ,14,11,None,13,10,19,47,6,8,53,55,10,19,27,21,28,53,47,15,24,63,11,47,8,7,12,10,10,5,61,67,64,62,66,375
PS3315,England,182,72,31,Motherwell ,61,63,None,50,54,57,57,59,51,61,61,63,59,56,68,68,64,81,66,76,58,53,63,57,61,70,64,65,41,9,11,11,12,9,375
PS3316,England,185,84,28,AFC Wimbledon ,52,49,None,60,62,64,55,33,59,45,48,38,54,50,58,65,74,64,58,57,80,64,41,30,32,39,34,42,30,11,11,10,15,16,375
PS3317,India,167,61,26,Mumbai City FC ,55,60,None,38,32,53,56,57,32,57,52,54,54,50,87,82,51,86,84,86,71,40,57,53,51,53,47,45,50,7,13,13,8,14,375
PS3318,Spain,185,77,23,RC Celta ,63,65,None,41,59,36,61,52,51,60,57,46,62,65,62,65,62,58,64,63,52,38,40,50,52,46,45,41,36,15,15,12,13,5,375
PS3319,Germany,185,72,23,FC St. Pauli ,58,68,None,35,32,26,43,65,25,48,62,53,66,52,66,69,56,67,67,58,46,47,62,59,47,44,42,55,54,12,7,9,8,12,375
PS3320,England,175,69,28,St. Johnstone ,60,63,None,55,56,55,57,57,52,57,54,58,58,54,81,72,65,68,78,77,68,42,58,54,54,57,54,54,55,8,13,13,13,9,375
PS3321,Greece,176,76,24,SC Verl ,62,64,None,29,25,38,52,54,34,62,50,58,63,59,74,58,53,71,65,70,46,43,57,61,52,56,49,46,53,9,14,15,11,6,375
PS3322,Ghana,176,75,27,Odds BK ,53,51,None,61,64,58,58,37,57,36,46,49,55,53,72,59,74,70,80,41,81,56,54,35,34,30,24,39,30,6,11,10,10,13,375
PS3323,England,183,75,26,Barrow ,60,60,None,49,52,79,52,56,49,56,55,57,56,51,77,74,65,68,79,71,71,49,65,56,55,55,52,53,50,8,10,7,6,6,375
PS3324,Scotland,176,74,22,Motherwell ,64,60,None,54,56,47,62,52,61,59,57,59,64,62,66,68,56,72,64,71,53,48,62,42,48,59,42,44,48,5,15,12,13,7,375
PS3325,Venezuela,180,85,34,Metropolitanos ,58,60,None,33,33,55,66,69,33,68,65,63,59,59,61,63,70,65,53,60,67,65,65,70,62,65,54,69,61,6,15,7,13,6,375
PS3326,Poland,191,82,32,Macarthur FC ,34,14,None,11,11,38,61,13,20,22,51,12,26,24,47,42,67,43,52,52,51,11,44,13,13,11,12,15,12,65,66,63,58,67,375
PS3327,Poland,185,78,21,Śląsk Wrocław ,61,60,None,24,21,58,55,58,25,51,56,57,57,49,81,54,60,67,76,69,65,57,63,59,55,54,31,57,51,13,14,8,14,10,375
PS3328,Spain,181,73,33,East Bengal ,53,48,None,62,62,81,60,50,68,41,71,58,56,53,66,83,76,70,68,59,81,53,62,36,52,57,32,39,51,10,12,6,5,6,375
PS3329,France,185,76,20,Stade Brestois 29 ,51,34,None,63,69,59,58,23,61,42,50,36,56,49,62,58,66,58,68,56,72,62,57,21,26,44,31,43,21,11,13,6,13,11,375
PS3330,Argentina,175,64,22,Newell's ,65,62,None,53,52,58,59,56,52,61,63,48,67,64,67,62,59,74,67,70,51,45,65,59,48,56,48,55,47,7,11,6,9,12,375
PS3331,Scotland,183,68,28,Livingston ,60,58,None,61,62,63,59,47,61,49,52,55,55,54,64,77,63,69,52,55,73,60,47,27,27,54,27,38,40,8,8,12,12,9,375
PS3332,England,178,77,24,Morecambe ,62,62,None,55,57,54,56,56,54,63,57,55,64,63,74,56,60,77,68,75,64,46,62,58,60,54,49,53,41,10,14,11,7,15,375
PS3333,Burkina Faso,171,65,22,Quevilly Rouen ,62,66,None,49,46,55,56,60,51,57,50,60,64,57,65,56,38,80,64,65,61,48,56,45,42,48,66,53,40,11,6,7,15,6,375
PS3334,Uruguay,175,71,31,Wanderers ,59,67,None,28,30,28,58,61,18,60,45,58,50,45,68,48,50,70,68,66,45,40,66,68,62,50,36,53,59,12,8,7,7,10,375
PS3335,Netherlands,179,65,23,FC Volendam ,63,66,None,52,51,61,56,50,58,60,56,59,65,61,74,62,58,72,67,75,59,49,62,54,55,51,39,42,49,8,5,13,10,11,375
PS3336,Germany,180,72,23,SV Ried ,64,64,None,54,58,59,58,56,65,60,62,41,67,60,64,63,59,67,69,73,60,52,54,53,47,40,41,42,38,6,5,7,7,13,375
PS3337,Korea Republic,188,87,28,Incheon United ,19,12,None,12,18,25,59,17,22,35,59,17,29,21,42,31,67,50,46,33,53,12,44,16,19,35,13,30,18,62,62,61,59,64,375
PS3338,Gambia,172,66,24,Perugia ,52,64,None,22,25,47,63,64,21,61,49,58,53,39,72,63,52,82,79,80,49,33,65,51,53,54,49,54,63,9,9,6,10,11,375
PS3339,Saudi Arabia,173,63,27,Damac FC ,62,60,None,66,63,60,60,55,57,51,48,44,61,58,63,71,63,75,53,70,68,46,48,25,33,39,35,42,34,8,15,8,10,11,375
PS3340,Colombia,187,81,20,Deportivo Cali ,13,6,None,10,11,22,65,9,9,34,35,21,24,22,25,26,59,35,32,36,48,20,44,9,6,8,13,15,20,57,62,60,58,70,375
PS3341,Chile,173,67,21,Ñublense ,64,60,None,37,35,40,53,53,22,62,56,41,64,56,70,33,36,71,70,62,54,36,43,60,65,40,58,60,38,11,7,7,12,13,375
PS3342,Nigeria,193,80,20,İstanbulspor ,58,45,None,62,63,55,58,30,66,30,60,27,32,31,70,60,74,53,72,68,73,59,48,21,28,28,26,46,29,11,8,6,8,7,375
PS3343,Poland,182,71,21,Korona Kielce ,60,60,None,55,56,61,58,58,59,63,59,55,64,64,68,70,59,66,66,71,74,41,55,50,51,59,58,43,42,7,9,6,8,10,375
PS3344,Scotland,187,74,21,Livingston ,62,63,None,31,22,51,52,59,24,55,56,60,54,45,72,60,53,62,70,69,57,55,63,58,56,58,50,54,57,8,6,9,13,5,375
PS3345,Argentina,176,73,20,Talleres ,60,62,None,22,15,47,64,66,17,47,64,38,47,39,62,55,44,60,55,66,62,55,61,68,64,49,43,67,53,8,7,14,8,8,375
PS3346,Northern Ireland,172,67,31,Gillingham ,63,64,None,57,61,38,62,52,55,60,54,60,64,61,66,67,62,85,62,84,83,44,58,56,65,56,58,61,41,10,9,9,11,12,375
PS3347,Poland,184,73,33,Zagłębie Lubin ,60,63,None,51,57,60,63,63,56,61,63,63,63,57,62,65,68,71,66,66,70,68,65,64,53,60,55,55,50,8,14,15,15,10,375
PS3348,Germany,184,72,20,MSV Duisburg ,62,60,None,28,29,61,55,62,30,49,55,45,54,49,89,70,55,74,86,74,49,45,62,61,59,47,38,55,47,14,12,14,12,7,375
PS3349,Saudi Arabia,180,74,33,Al Adalah ,45,47,None,64,63,71,57,43,63,39,52,54,53,52,54,68,77,48,62,54,82,67,70,30,63,66,40,39,27,10,11,11,12,15,375
PS3350,Sweden,191,82,26,Degerfors IF ,55,28,None,58,63,48,58,28,59,31,48,54,64,57,62,59,75,48,64,46,72,64,40,22,25,45,24,34,27,9,7,11,14,13,375
PS3351,Greece,185,75,23,HJK Helsinki ,66,63,None,47,50,45,62,58,50,58,60,49,66,63,68,67,57,74,69,70,66,42,56,56,55,54,53,47,45,12,5,13,14,10,375
PS3352,Norway,185,77,27,Sarpsborg 08 ,58,53,None,57,59,61,61,46,62,50,55,44,61,63,54,75,73,57,52,54,60,55,48,45,42,46,41,48,34,10,7,14,9,13,375
PS3353,Scotland,185,71,24,Northampton ,61,61,None,40,44,54,57,60,40,60,60,56,60,55,76,70,71,70,70,64,69,57,61,61,58,67,44,61,56,9,14,8,14,13,375
PS3354,Costa Rica,184,60,21,Gil Vicente ,62,59,None,48,57,57,63,64,61,60,50,45,64,61,68,62,45,66,64,52,60,37,51,54,59,39,40,42,28,8,8,12,5,12,375
PS3355,France,170,64,34,FC Annecy ,64,60,None,34,27,40,60,56,25,63,61,61,61,60,74,80,50,86,74,88,49,31,46,51,48,58,61,59,59,15,11,9,12,11,375
PS3356,United States,193,84,32,Red Bulls ,16,16,None,17,12,31,60,10,19,13,47,13,23,33,47,41,54,23,45,39,61,19,46,15,17,18,15,21,13,65,64,64,61,68,375
PS3357,England,181,78,33,Harrogate Town ,60,57,None,62,64,68,62,52,62,57,55,61,62,59,64,55,69,64,61,63,72,64,57,35,60,59,52,34,26,13,16,10,7,13,375
PS3358,Argentina,175,68,22,Rosario Central  ,66,66,None,33,30,45,59,55,27,55,60,53,57,54,74,54,44,76,67,73,54,42,60,50,53,52,49,59,49,9,5,7,6,14,375
PS3359,England,181,80,32,Gillingham ,63,62,None,46,52,58,59,58,54,62,64,62,63,64,52,71,67,65,56,59,60,50,65,57,59,65,60,53,56,8,11,10,10,15,375
PS3360,Japan,181,70,22,Hearts ,62,68,None,37,38,54,60,61,37,55,54,42,62,47,59,42,77,64,70,52,61,52,55,60,54,48,44,50,56,8,6,6,7,6,375
PS3361,Nigeria,186,77,21,B. Dortmund II ,54,62,None,19,21,32,58,60,22,44,58,36,57,32,84,60,62,70,90,71,71,48,56,64,51,52,37,59,56,12,10,11,12,15,375
PS3362,China PR,187,76,27,Beijing Guoan ,58,60,None,26,34,45,56,57,20,55,54,44,55,41,79,66,82,74,82,69,72,60,58,60,56,51,42,63,53,14,13,9,10,10,375
PS3363,Colombia,177,72,21,CD Leganés ,59,62,None,27,26,42,52,58,29,48,53,58,60,54,76,57,65,72,80,74,60,40,64,51,49,52,43,61,46,7,9,11,15,6,375
PS3364,France,180,84,33,Valenciennes FC ,66,63,None,39,57,57,67,61,58,66,64,67,67,67,61,33,68,78,57,68,61,41,71,63,72,70,75,69,69,14,15,12,14,12,375
PS3365,Montenegro,177,67,28,Meizhou Hakka ,65,62,None,53,59,29,59,58,61,63,60,63,68,65,68,76,38,77,65,74,54,43,66,61,67,62,63,61,64,7,7,11,14,6,375
PS3366,Sweden,190,78,25,Helsingborgs IF ,62,55,None,11,15,51,57,61,16,58,52,38,55,36,72,52,63,34,75,42,62,57,61,64,55,45,42,60,50,7,10,9,6,12,375
PS3367,China PR,180,73,26,Beijing Guoan ,57,61,None,53,55,59,64,62,55,55,50,46,53,50,80,79,74,62,81,74,60,52,54,52,55,68,65,58,49,10,15,8,13,12,375
PS3368,England,182,68,23,Lincoln City ,65,62,None,55,60,59,57,53,56,61,65,48,67,66,63,60,58,51,65,57,59,45,44,37,35,56,55,52,34,14,13,7,9,8,375
PS3369,Republic of Ireland,196,72,26,Morecambe ,51,45,None,61,63,64,57,35,57,36,57,32,53,48,53,67,82,40,43,34,68,67,23,32,18,36,28,38,25,15,5,5,8,14,375
PS3370,Argentina,174,73,20,Argentinos Jrs. ,64,63,None,22,21,52,55,59,20,48,50,36,55,53,63,65,63,71,67,64,71,61,57,65,58,39,34,65,40,14,6,6,14,9,375
PS3371,Republic of Ireland,180,73,26,Forest Green ,57,59,None,60,62,61,58,55,61,48,55,55,55,52,73,78,70,70,74,71,90,59,43,33,35,41,33,42,30,15,10,13,10,14,375
PS3372,England,191,93,26,Newport County ,44,41,None,59,62,65,53,32,57,30,54,30,53,42,70,65,90,45,69,45,74,63,40,33,21,26,20,36,22,9,12,8,12,12,375
PS3373,Germany,191,80,26,SV Meppen ,55,58,None,18,24,45,55,49,18,57,42,35,50,30,55,65,82,47,71,46,65,68,65,67,58,31,33,54,50,7,12,6,7,15,375
PS3374,Republic of Ireland,177,67,25,Shamrock Rovers ,59,60,None,20,29,31,55,54,24,54,55,59,55,49,85,61,44,72,88,73,47,38,53,52,52,59,57,52,46,7,11,11,14,9,375
PS3375,Sweden,173,65,34,IFK Norrköping ,65,66,None,31,36,40,62,61,39,63,62,58,64,51,75,68,57,80,73,74,79,49,60,60,61,59,48,59,61,15,7,14,6,8,375
PS3376,Australia,168,62,25,East Bengal ,61,65,None,56,60,79,60,60,59,58,57,50,62,59,74,65,58,79,76,82,79,55,58,54,59,56,46,54,50,9,10,7,14,10,375
PS3377,England,179,69,24,Walsall ,62,64,None,53,61,65,60,56,55,61,60,58,64,61,73,70,50,75,69,74,34,28,63,52,55,57,54,51,52,11,9,7,5,8,375
PS3378,Paraguay,176,70,28,Club Nacional ,62,31,None,63,68,50,56,23,67,33,52,38,59,44,64,56,70,63,74,60,73,60,33,30,17,37,25,34,34,14,5,5,9,10,375
PS3379,Poland,178,70,25,Stal Mielec ,62,58,None,58,60,60,58,58,58,61,61,56,64,62,69,67,75,71,73,76,64,49,58,53,46,42,39,47,42,10,12,6,6,7,375
PS3380,Kosovo,177,68,23,Gaziantep ,64,62,None,30,32,44,56,52,24,46,46,58,59,54,65,72,53,63,67,69,42,41,65,57,41,51,47,51,54,13,8,12,5,10,375
PS3381,Switzerland,181,77,24,Grasshopper Club ,62,63,None,50,50,48,50,55,48,62,65,54,64,63,71,55,66,65,74,66,67,43,65,66,65,55,54,68,56,7,14,6,14,10,375
PS3382,Chile,180,78,27,Antofagasta ,51,20,None,61,65,65,63,21,60,46,66,52,65,60,65,54,70,57,42,63,73,62,60,25,27,35,46,45,22,16,17,12,12,11,375
PS3383,Australia,185,82,23,Macarthur FC ,59,63,None,28,28,50,54,56,23,56,58,52,54,49,82,60,79,77,86,77,66,50,65,58,56,55,49,56,51,13,12,10,10,14,375
PS3384,England,183,80,26,Crewe Alexandra ,57,56,None,19,24,64,56,57,20,53,52,38,53,33,73,79,85,77,73,64,85,62,65,60,52,37,35,53,53,8,13,9,7,8,375
PS3385,Australia,182,72,24,Newcastle Jets ,59,57,None,60,60,64,59,58,55,58,57,47,64,60,69,75,70,69,69,68,67,48,69,54,66,56,48,49,49,6,14,11,14,7,375
PS3386,Poland,189,83,22,Widzew Łódź ,57,57,None,17,12,55,52,59,16,51,56,41,48,41,71,64,80,73,72,60,62,65,63,62,51,38,30,64,51,5,12,9,9,13,375
PS3387,Argentina,173,79,23,Central Córdoba ,43,64,,66,69,60,54,40,58,38,44,46,42,36,65,67,59,78,64,64,62,55,35,33,26,37,32,46,30,5,6,12,6,7,350
PS3388,Wales,191,79,23,Crewe Alexandra ,50,39,,59,62,59,57,28,58,37,49,30,48,43,62,60,77,53,56,56,60,64,39,25,17,27,30,35,21,11,13,5,13,9,350
PS3389,Republic of Ireland,180,82,29,Wrexham AFC ,62,63,,52,54,40,58,58,55,60,62,62,59,57,74,73,61,73,72,75,54,42,61,58,63,63,63,59,54,13,14,12,11,15,350
PS3390,England,181,78,24,Rochdale ,55,53,,57,60,61,58,45,59,44,56,47,58,53,70,65,70,62,75,68,75,55,42,29,36,34,25,32,28,8,13,9,7,8,350
PS3391,Peru,192,78,23,Sport Boys ,17,15,None,20,21,22,54,16,15,33,28,19,34,37,41,39,68,22,31,33,42,20,45,11,10,15,16,18,11,61,62,65,60,62,350
PS3392,Sweden,172,69,19,Brighton ,67,65,None,50,53,66,56,61,44,64,62,52,65,64,65,64,57,85,69,74,52,42,55,50,48,50,38,49,46,7,9,11,7,15,350
PS3393,Sudan,180,75,27,Bradford City ,57,63,None,32,31,40,53,57,23,49,59,56,55,49,92,52,60,85,90,90,72,44,57,55,53,56,50,52,52,12,6,9,5,12,350
PS3394,Australia,175,74,22,Melbourne City ,59,58,None,55,59,58,51,53,53,53,55,54,56,53,79,71,63,74,81,76,64,54,45,43,36,54,35,32,27,10,5,7,5,11,350
PS3395,Romania,188,75,25,AFC Chindia ,15,14,None,14,14,33,58,8,9,42,36,13,27,23,32,28,52,50,20,28,60,16,47,6,5,15,12,15,9,58,64,56,63,68,350
PS3396,Sweden,176,74,34,Helsingborgs IF ,61,57,None,63,63,75,63,61,60,62,65,61,63,62,66,70,71,74,55,60,77,63,63,45,60,53,45,57,51,14,8,14,16,9,350
PS3397,Sweden,176,67,33,IFK Värnamo ,60,56,None,62,62,68,64,43,58,43,55,56,58,52,68,71,64,68,69,62,65,44,42,27,25,35,39,37,36,10,12,13,15,11,350
PS3398,Turkey,194,84,24,Antalyaspor ,19,13,None,11,11,21,54,6,13,34,39,10,22,17,32,25,60,42,28,44,38,13,44,9,6,10,11,17,9,58,63,61,58,65,350
PS3399,Sweden,179,78,26,GIF Sundsvall ,65,61,None,53,54,69,47,43,49,53,57,64,69,67,66,81,64,71,64,71,84,51,65,53,63,69,61,56,45,7,16,12,15,11,350
PS3400,Spain,183,77,19,SD Huesca ,63,62,None,58,62,61,61,55,54,54,49,50,68,67,59,60,64,58,60,58,57,57,62,49,55,49,45,55,48,15,7,13,14,11,350
PS3401,Venezuela,179,77,31,Caracas F.C. ,54,56,None,61,62,70,55,51,56,66,62,60,61,60,60,67,70,66,61,66,53,56,63,41,52,61,60,62,52,7,10,9,13,8,350
PS3402,United States,188,86,33,Portland Timbers ,17,13,None,12,16,34,54,12,15,52,47,13,36,34,34,24,65,44,34,30,59,14,50,9,13,12,19,20,10,64,68,63,66,67,350
PS3403,Korea Republic,168,64,26,FC Seoul ,64,65,None,27,28,56,62,60,45,64,62,59,66,65,70,64,53,84,75,73,71,40,54,54,56,64,60,45,48,11,11,7,10,5,350
PS3404,United States,188,74,23,FC Cincinnati ,50,56,None,60,65,61,56,49,59,35,45,50,45,28,68,72,63,54,61,59,62,57,32,25,23,29,33,34,29,8,6,7,14,9,350
PS3405,India,179,74,30,ATK Mohun Bagan ,50,49,None,60,62,74,55,48,63,43,55,50,53,46,70,90,70,72,74,69,73,59,45,37,37,44,40,43,36,12,10,7,11,8,350
PS3406,Saudi Arabia,171,64,30,Ettifaq FC ,63,63,None,57,54,61,59,55,57,56,50,67,63,60,74,65,61,74,70,72,74,51,68,51,64,68,64,58,46,12,12,12,8,8,350
PS3407,Ghana,172,73,23,Strømsgodset IF ,55,59,None,55,57,60,55,50,58,52,55,58,52,45,74,65,56,79,77,70,71,43,55,39,44,54,48,40,42,6,6,11,11,11,350
PS3408,Scotland,176,61,22,Port Vale ,57,59,None,51,54,36,56,51,56,49,44,61,56,48,82,65,47,73,82,76,45,43,56,50,53,41,40,54,47,12,11,14,14,7,350
PS3409,Italy,185,75,23,Lecce ,54,58,None,61,61,62,58,51,60,38,55,58,54,40,61,62,63,60,63,60,62,60,50,31,40,48,48,41,38,9,6,6,14,15,350
PS3410,China PR,181,72,36,Guangzhou FC ,65,61,None,56,62,64,66,64,65,71,65,66,73,70,60,55,66,68,65,61,62,62,68,61,64,67,73,60,54,8,6,7,15,10,350
PS3411,England,185,75,23,Barnsley ,60,57,None,57,60,59,58,53,56,58,58,45,65,62,64,64,62,66,63,60,63,49,58,41,39,34,42,46,37,7,14,7,13,5,350
PS3412,China PR,181,69,28,Henan SSLM FC ,58,56,None,47,59,63,61,60,63,62,59,48,61,58,66,86,70,67,66,68,72,47,56,55,44,47,43,48,55,15,14,10,12,13,350
PS3413,Sweden,176,69,29,Varbergs BoIS ,60,56,None,57,58,60,59,46,59,53,59,62,61,66,69,72,56,68,67,61,67,46,55,39,50,61,52,44,49,7,7,12,9,13,350
PS3414,England,178,76,29,Hartlepool ,56,57,None,53,55,66,55,58,54,57,57,60,54,51,71,90,58,79,74,78,77,55,62,40,51,56,60,54,37,10,11,15,13,14,350
PS3415,Northern Ireland,174,71,31,Kilmarnock ,58,58,None,60,61,62,59,51,54,48,55,56,59,54,68,74,57,79,63,65,57,51,52,42,43,48,33,33,42,6,10,14,9,13,350
PS3416,Portugal,189,83,22,Vitória SC ,56,55,None,66,61,59,60,29,51,54,41,52,69,61,57,48,81,46,53,50,58,57,54,38,32,42,46,49,40,14,13,14,7,9,350
PS3417,Austria,183,69,20,FK Austria Wien ,62,66,None,25,30,40,43,57,30,56,48,59,51,41,84,55,54,63,84,74,45,45,65,63,57,58,45,56,62,13,7,8,13,9,350
PS3418,Northern Ireland,173,68,29,Accrington ,62,61,None,59,62,66,58,56,60,59,56,49,64,61,57,68,60,79,56,71,56,52,59,53,57,52,45,53,46,14,15,9,8,11,350
PS3419,Bolivia,183,79,36,Guabirá ,70,66,None,66,65,60,67,68,65,67,65,41,70,64,52,62,72,53,55,32,72,70,73,28,49,40,58,47,17,8,12,8,15,11,350
PS3420,Germany,187,87,23,MSV Duisburg ,44,43,None,60,63,61,54,39,59,44,48,34,48,40,78,65,91,66,80,57,75,50,26,27,24,28,28,33,31,10,13,7,7,9,350
PS3421,China PR,172,65,27,Zhejiang Pro ,65,58,None,48,46,62,55,61,59,61,58,61,63,64,72,62,59,80,67,80,80,56,66,54,58,65,68,62,57,12,10,6,6,6,350
PS3422,Portugal,185,84,23,Vitória SC ,12,9,None,12,10,19,50,6,6,25,37,14,16,15,22,27,56,46,21,36,61,12,45,6,9,10,11,15,9,59,63,59,60,67,350
PS3423,Venezuela,167,69,20,Caracas F.C. ,61,63,None,58,58,46,62,56,56,62,55,42,63,61,64,62,56,67,64,62,58,55,49,58,57,51,55,58,47,6,13,11,13,9,350
PS3424,Paraguay,181,82,25,Club Nacional ,12,10,None,12,11,25,55,7,10,33,22,15,21,20,30,25,41,45,32,23,70,15,46,8,10,11,12,11,10,62,61,60,61,63,350
PS3425,England,196,76,23,Newport County ,50,44,None,60,62,61,57,37,60,49,61,25,57,53,64,69,78,62,68,48,64,58,38,22,23,38,30,39,27,11,13,7,15,6,350
PS3426,Sweden,190,78,23,GIF Sundsvall ,62,57,None,56,59,62,54,41,56,51,56,55,66,61,61,65,56,72,63,67,65,52,48,39,38,44,38,41,39,12,14,9,9,5,350
PS3427,France,182,73,23,En Avant Guingamp ,60,60,None,61,60,67,54,42,56,57,46,53,64,59,64,61,64,67,52,65,67,58,58,43,49,46,57,56,33,7,11,9,14,14,350
PS3428,Colombia,178,75,23,Atl. Nacional ,60,55,None,60,62,57,63,44,60,51,41,48,63,60,55,60,62,67,59,58,65,69,43,32,30,31,36,35,31,8,14,12,9,12,350
PS3429,Scotland,178,73,27,Bohemian FC ,60,62,None,48,44,57,54,56,34,54,51,55,60,56,70,62,59,76,77,71,54,49,64,53,44,59,41,46,48,10,11,7,9,13,350
PS3430,Germany,173,75,21,SC Verl ,71,69,None,43,52,42,61,51,50,60,65,52,65,60,64,60,45,78,68,71,54,39,65,53,50,54,47,48,50,8,9,7,6,5,350
PS3431,Argentina,183,75,28,Central Córdoba ,63,57,None,20,17,41,61,60,25,48,53,35,44,37,59,55,70,63,62,50,68,64,62,67,53,38,33,61,51,6,10,9,14,6,350
PS3432,Montenegro,184,78,19,Hammarby IF ,64,64,None,21,22,50,58,58,25,58,58,53,56,43,73,58,54,71,71,71,50,36,55,56,50,48,43,44,48,12,7,11,10,15,350
PS3433,United States,178,77,30,Nashville SC ,52,40,None,61,67,42,66,27,62,25,43,60,55,31,72,54,62,65,73,48,75,54,32,22,24,36,23,37,20,12,10,11,12,14,350
PS3434,Argentina,166,60,22,Argentinos Jrs. ,56,58,None,62,62,70,56,63,57,45,59,56,57,49,68,70,37,62,66,66,62,41,58,37,55,55,58,55,37,11,10,10,10,7,350
PS3435,Switzerland,188,82,29,FC Basel 1893 ,24,13,None,12,10,34,63,13,16,60,61,16,21,20,44,38,64,54,35,50,62,10,46,13,18,19,19,24,15,63,64,59,61,64,350
PS3436,Argentina,173,77,22,Independiente ,61,55,None,58,62,62,57,38,60,47,48,59,62,59,64,61,60,63,60,59,57,53,59,42,40,58,47,44,41,9,9,6,12,11,350
PS3437,Austria,190,83,19,SK Rapid Wien ,56,43,None,62,63,65,55,24,60,35,51,30,58,49,55,60,80,46,54,37,72,58,68,22,60,22,38,31,31,9,12,6,14,13,350
PS3438,Denmark,187,64,20,Lyngby BK ,64,63,None,51,58,52,59,61,51,60,66,49,64,60,69,63,66,76,67,75,61,49,60,56,51,55,48,48,50,5,8,9,7,12,350
PS3439,Costa Rica,190,84,24,CD Lugo ,11,5,None,10,13,27,60,5,17,49,42,23,30,28,38,25,60,50,30,47,60,11,48,6,5,12,12,19,9,56,69,62,64,59,350
PS3440,China PR,180,70,31,Wuhan 3 Towns ,54,53,None,61,62,57,57,53,57,62,55,63,53,52,67,66,65,67,63,62,51,49,56,43,48,48,37,32,42,15,12,8,10,11,350
PS3441,Australia,187,80,25,WS Wanderers ,12,10,None,12,14,25,53,7,15,42,49,14,29,22,30,28,63,32,30,32,60,13,47,8,10,14,14,12,10,60,63,59,62,64,350
PS3442,England,187,72,29,Bradford City ,55,56,,56,58,59,56,50,57,56,54,58,52,51,65,78,72,69,69,69,60,55,49,27,35,55,45,41,34,7,9,8,11,8,325
PS3443,Saudi Arabia,180,75,33,Al Fayha ,63,63,None,58,60,80,59,60,60,60,57,57,64,63,65,67,71,68,64,70,70,60,64,43,66,45,66,55,64,9,10,11,9,10,325
PS3444,England,176,70,24,Tranmere Rovers ,58,56,None,57,59,64,57,50,60,58,59,49,62,60,65,70,65,69,64,58,57,47,55,51,53,52,49,50,46,15,12,10,13,11,325
PS3445,Netherlands,193,84,21,Sparta Rotterdam ,47,42,None,59,60,53,57,26,61,30,56,29,55,48,51,63,81,60,53,42,73,64,41,30,32,31,36,46,33,9,8,9,14,12,325
PS3446,United States,178,73,37,Sporting KC ,69,68,None,64,65,65,61,71,67,73,74,70,75,73,57,77,71,78,53,61,66,55,80,58,70,80,72,73,70,13,14,9,15,12,325
PS3447,Saudi Arabia,178,73,33,Al Raed ,63,60,None,63,62,67,55,51,63,60,63,61,65,64,46,46,80,57,34,52,59,60,63,52,67,57,50,57,65,12,13,10,13,14,325
PS3448,Sweden,188,81,24,Mjällby AIF ,44,36,None,59,62,56,55,20,59,33,52,34,45,48,57,61,78,53,49,53,70,65,28,15,22,30,27,29,25,12,5,12,8,14,325
PS3449,Spain,189,82,21,Real Sociedad ,16,8,None,10,10,16,45,7,9,42,40,10,21,16,21,24,59,38,24,21,52,10,44,5,9,12,10,15,6,62,64,60,59,66,325
PS3450,Gambia,180,65,19,Odense BK ,63,63,None,20,21,35,52,54,24,54,56,48,50,38,85,53,34,82,87,88,45,40,46,58,48,47,38,45,41,11,9,8,7,8,325
PS3451,Belgium,186,76,36,Zulte Waregem ,58,43,None,64,66,69,65,33,76,44,74,31,61,60,33,55,72,59,33,44,40,70,44,45,54,43,40,70,27,12,8,9,12,14,325
PS3452,Spain,170,65,20,Burgos CF ,54,56,None,65,64,56,57,54,57,44,43,61,52,50,71,62,39,75,65,70,54,42,45,40,42,55,36,43,36,14,12,7,9,5,325
PS3453,Austria,195,85,22,SCR Altach ,12,16,None,11,12,23,53,9,13,24,33,12,21,18,29,18,52,36,35,28,57,12,43,8,9,14,12,19,7,61,64,62,57,64,325
PS3454,Wales,185,78,29,Colchester ,62,60,None,60,63,63,61,59,62,63,63,63,64,63,63,50,70,58,61,65,65,49,65,59,62,60,56,57,45,9,13,6,6,6,325
PS3455,Republic of Ireland,180,71,37,Hibernian ,70,70,None,29,41,58,65,65,51,69,70,69,67,64,65,49,56,74,64,76,33,60,72,65,68,75,71,70,67,13,10,9,12,6,325
PS3456,Germany,184,78,27,VfB Oldenburg ,57,61,None,57,55,57,55,47,53,50,41,59,63,62,79,70,59,54,67,56,59,48,56,52,40,35,23,35,53,14,6,5,12,13,325
PS3457,Korea Republic,180,65,22,Ulsan Hyundai ,58,62,None,59,62,55,58,61,56,54,51,59,52,49,63,73,59,71,68,60,59,38,54,35,33,46,32,33,28,12,12,12,9,7,325
PS3458,Sweden,180,70,28,Kalmar FF ,69,68,None,52,53,50,56,53,58,56,62,61,62,53,77,64,58,71,80,73,71,48,56,48,45,38,33,41,39,15,8,12,10,6,325
PS3459,Sweden,180,82,26,Degerfors IF ,56,53,None,62,62,60,56,48,56,48,49,52,54,45,76,68,72,63,74,58,74,61,58,46,48,50,42,38,40,9,15,8,14,6,325
PS3460,England,198,85,31,Kilmarnock ,25,19,None,14,14,27,56,11,16,29,46,17,25,26,40,37,63,38,45,32,70,15,47,11,11,16,20,12,15,61,64,61,62,63,325
PS3461,Spain,188,83,21,RCD Mallorca ,19,10,None,11,10,20,61,5,12,41,45,9,29,30,50,45,72,62,60,55,80,11,50,6,7,8,8,11,5,66,53,59,66,64,325
PS3462,Colombia,177,84,31,Junior ,61,58,None,61,60,62,60,64,54,58,62,56,67,65,53,58,65,66,64,60,67,59,72,59,65,65,60,64,68,9,9,10,7,16,325
PS3463,Turkey,180,73,27,Konyaspor ,55,54,None,55,58,56,58,50,60,42,43,58,44,34,70,68,65,65,70,74,68,48,35,36,29,37,41,48,35,7,16,11,7,6,325
PS3464,Belgium,180,66,20,Standard Liège ,58,60,None,60,59,64,55,32,54,44,56,54,59,55,76,71,50,72,69,75,74,48,41,22,30,48,30,45,20,10,13,8,11,12,325
PS3465,Spain,176,67,18,Girona FC ,66,68,None,25,27,52,55,55,19,53,54,48,56,44,78,54,43,76,76,76,56,46,56,55,50,46,40,54,42,11,8,14,9,8,325
PS3466,Italy,180,74,20,Empoli ,66,57,None,61,61,66,60,48,50,55,53,48,68,66,64,60,55,65,64,64,64,56,60,43,50,50,56,48,42,6,5,12,11,10,325
PS3467,Saudi Arabia,175,62,28,Abha Club ,65,61,None,51,54,47,51,58,53,59,48,61,65,57,74,73,46,71,74,70,57,50,60,50,62,63,65,55,50,13,10,6,12,12,325
PS3468,Spain,187,82,34,R. Oviedo ,23,13,None,12,13,26,66,9,23,42,53,14,29,25,37,35,71,36,34,33,65,18,47,14,17,19,16,23,14,68,65,66,63,68,325
PS3469,Switzerland,190,83,26,FC Winterthur ,53,52,None,62,63,65,51,45,55,42,59,42,66,63,51,61,70,64,50,45,51,64,49,30,30,38,40,45,31,10,10,15,13,12,325
PS3470,Germany,186,78,20,1. FC Magdeburg ,10,8,None,11,13,21,40,4,13,35,36,13,25,29,25,26,43,32,30,21,40,13,48,8,8,12,12,12,5,63,65,64,64,63,325
PS3471,Denmark,181,75,27,Silkeborg IF ,62,59,None,56,59,49,61,54,57,55,61,60,61,52,65,55,64,71,70,66,72,50,56,32,32,52,35,28,38,8,15,15,7,8,325
PS3472,Poland,190,84,21,Radomiak Radom ,19,11,None,12,12,44,48,9,14,44,38,13,29,32,32,33,67,25,33,25,41,23,45,9,10,12,13,18,10,64,59,62,60,64,325
PS3473,England,193,83,27,Derby County ,27,14,None,20,17,26,54,7,14,45,37,15,42,43,33,26,51,45,42,33,52,14,47,13,13,11,13,30,12,61,63,61,62,63,325
PS3474,Wales,177,77,31,Stevenage ,61,59,None,56,59,68,60,58,58,60,60,57,60,59,68,87,66,76,62,75,86,55,58,54,57,56,59,54,54,16,12,12,14,14,325
PS3475,Republic of Ireland,183,67,32,Shamrock Rovers ,58,57,None,61,63,61,60,50,59,51,54,55,59,54,67,67,70,60,69,66,67,59,56,52,44,51,35,44,52,9,10,10,15,10,325
PS3476,Germany,184,81,33,Górnik Zabrze ,58,47,None,60,66,69,61,39,63,55,65,53,60,54,42,70,75,54,55,48,60,63,53,39,51,48,50,64,42,11,14,16,15,8,325
PS3477,England,188,87,34,Colchester ,59,56,None,31,33,74,63,64,29,59,59,46,61,46,42,39,92,57,51,62,72,62,67,60,55,51,34,68,57,14,12,15,6,16,325
PS3478,Korea Republic,178,73,36,Pohang Steelers ,64,58,None,62,65,63,62,53,65,58,56,63,66,63,68,79,68,73,69,66,74,53,52,47,48,53,51,61,59,10,15,11,7,14,325
PS3479,England,180,75,19,Spurs ,58,62,None,60,54,61,58,65,46,60,61,46,68,64,63,57,51,68,65,56,60,59,65,58,52,56,41,52,50,12,8,7,13,13,325
PS3480,England,188,80,27,Plymouth Argyle ,25,13,None,13,12,19,58,14,24,37,27,12,21,25,35,35,48,65,52,40,61,17,45,19,13,11,16,22,16,59,64,61,60,64,325
PS3481,England,173,64,32,Gillingham ,63,59,None,61,64,70,62,58,63,61,63,52,63,62,52,71,65,81,49,75,54,55,60,55,61,49,44,41,57,16,10,11,11,9,325
PS3482,Venezuela,186,80,30,Dep. Táchira ,22,18,None,13,13,32,62,17,23,30,56,19,28,18,52,40,62,30,55,25,60,11,42,17,11,13,12,35,11,65,61,62,56,61,325
PS3483,Scotland,168,63,31,Kilmarnock ,62,61,None,47,51,69,60,64,55,62,65,52,62,58,69,54,69,83,63,78,80,51,64,60,52,57,43,63,55,6,14,15,9,10,325
PS3484,Argentina,183,77,22,Vélez Sarsfield ,53,45,None,67,66,65,55,27,57,37,48,33,54,49,64,60,63,57,62,56,68,57,45,27,31,35,30,41,33,9,10,15,10,13,325
PS3485,England,183,76,32,Motherwell ,61,60,None,24,28,50,58,61,15,49,60,31,53,30,58,64,88,60,67,65,75,63,67,58,55,53,55,59,55,13,16,10,7,14,325
PS3486,Equatorial Guinea,182,75,25,AFC Chindia ,58,52,None,61,63,76,55,45,60,41,44,48,48,45,72,64,66,57,80,67,68,54,43,29,30,42,38,40,34,15,6,10,11,12,325
PS3487,England,185,76,32,Mansfield Town ,57,61,None,42,49,59,53,58,40,41,55,52,55,45,76,80,79,61,80,67,66,60,61,59,53,32,35,58,51,11,9,10,12,13,325
PS3488,United Arab Emirates,177,69,24,Al Ain FC ,56,53,None,56,58,60,55,51,60,56,55,41,58,57,66,84,69,75,67,62,71,47,55,40,42,37,35,43,39,11,13,5,12,10,325
PS3489,Germany,180,76,18,VfB Stuttgart ,67,67,None,38,45,54,56,55,47,59,60,55,66,62,73,62,67,76,79,77,68,44,65,57,60,52,54,48,55,12,8,14,6,12,325
PS3490,Turkey,175,67,27,Kasımpaşa ,59,61,None,55,58,49,62,60,53,60,58,65,63,62,70,55,57,72,62,69,60,54,55,42,40,66,60,64,48,16,8,12,11,15,325
PS3491,Saudi Arabia,175,68,35,Al Fateh ,67,68,None,52,57,57,62,66,56,67,60,66,69,67,64,63,67,75,56,73,74,57,61,63,61,51,59,49,53,16,7,15,15,8,325
PS3492,Spain,182,74,21,Girona FC ,18,10,None,12,11,30,55,7,11,40,34,12,17,19,37,25,49,48,35,36,64,11,45,8,7,11,10,16,9,62,60,61,60,64,325
PS3493,Scotland,185,64,18,Kilmarnock ,61,53,None,15,11,44,61,60,12,50,58,32,56,37,76,54,65,67,78,62,73,63,61,60,53,34,32,63,34,13,14,8,7,10,325
PS3494,Republic of Ireland,183,78,22,Leyton Orient ,52,51,None,58,60,56,55,38,60,45,54,43,54,46,73,72,75,59,76,45,88,56,40,35,35,37,25,35,30,8,8,14,13,7,325
PS3495,Uruguay,191,80,23,Independiente ,14,8,,14,16,28,50,10,12,38,34,11,23,20,38,28,64,24,31,34,27,13,48,4,6,9,10,16,5,61,59,62,64,64,300
PS3496,Australia,189,80,28,Adelaide United ,43,33,None,61,63,58,52,32,59,29,45,37,48,36,60,59,79,57,63,50,71,59,40,29,20,40,27,31,35,11,12,11,12,11,300
PS3497,New Zealand,181,71,30,Central Coast ,57,61,None,57,57,58,54,57,53,51,54,53,50,48,76,78,76,60,74,76,91,60,42,44,38,49,39,38,33,10,10,14,13,11,300
PS3498,Republic of Ireland,180,72,32,Rochdale ,56,55,None,51,59,56,56,58,57,54,59,57,56,51,73,81,68,58,75,68,53,50,56,55,47,48,50,51,45,12,10,8,9,8,300
PS3499,Romania,191,89,33,FC Argeș ,19,17,None,14,10,31,60,11,16,55,37,12,22,27,31,38,48,33,32,26,54,13,46,18,15,18,13,14,16,63,60,62,61,67,300
PS3500,Austria,176,70,22,WSG Tirol ,62,61,None,43,49,57,52,53,31,52,47,61,58,51,72,54,45,79,71,74,67,45,57,56,55,57,48,43,48,12,7,13,11,10,300
PS3501,Germany,190,83,34,VfB Oldenburg ,20,15,None,12,16,27,65,13,18,46,63,10,24,25,43,38,54,56,41,65,67,19,46,12,13,14,11,16,11,62,65,61,61,65,300
PS3502,Romania,192,82,22,FC Botoșani ,15,12,None,20,23,26,53,10,15,48,35,12,25,21,27,21,52,26,22,38,45,21,41,10,12,13,11,14,15,60,66,57,55,62,300
PS3503,Norway,175,70,22,Sandefjord ,61,60,None,24,28,32,51,55,23,53,47,54,51,39,85,58,60,82,83,81,53,31,54,56,46,48,39,56,49,13,13,8,10,10,300
PS3504,Ecuador,177,73,23,LDU Quito ,62,64,None,23,29,48,58,56,25,44,54,42,57,40,73,63,66,72,69,64,52,55,60,61,52,42,48,64,55,61,45,61,53,68,300
PS3505,Norway,183,75,25,Tromsø IL ,60,58,None,24,28,45,59,60,25,58,55,58,58,52,72,58,60,65,72,65,43,54,58,60,51,54,42,53,51,7,7,6,15,14,300
PS3506,Argentina,170,71,23,Patronato ,60,57,None,18,15,60,55,62,12,48,54,39,58,34,64,54,65,61,52,60,64,61,61,65,59,46,35,64,45,8,12,10,12,12,300
PS3507,England,189,82,22,Portsmouth ,19,11,None,10,12,23,53,5,9,39,34,14,29,25,36,21,54,59,35,42,61,11,41,5,9,10,11,12,6,59,63,58,54,64,300
PS3508,England,185,68,28,Walsall ,52,53,None,57,58,79,57,48,56,52,53,51,56,54,75,79,76,64,83,68,83,55,47,38,41,42,34,39,38,13,8,12,14,9,300
PS3509,Poland,172,68,29,Stal Mielec ,58,60,None,56,59,31,52,57,56,55,53,57,61,52,69,59,52,80,72,80,32,39,53,57,44,39,41,55,41,10,12,7,15,5,300
PS3510,Equatorial Guinea,181,75,22,D. Alavés ,15,5,None,13,13,21,53,4,10,41,33,13,22,24,24,22,50,48,33,37,59,10,47,9,8,14,13,14,6,59,66,60,62,58,300
PS3511,Mexico,175,67,22,Central Córdoba ,58,63,None,56,58,62,55,58,59,56,47,57,62,54,65,55,54,63,69,59,52,51,55,42,45,57,41,42,38,10,9,12,10,6,300
PS3512,Germany,177,71,23,SpVgg Bayreuth ,65,63,None,44,57,64,52,57,53,52,49,55,66,59,73,71,54,78,64,77,60,46,64,56,56,47,43,56,49,10,12,12,8,14,300
PS3513,Norway,185,78,22,Sandefjord ,64,61,None,50,54,46,55,58,51,59,58,56,65,63,67,64,64,68,64,57,52,50,56,52,48,53,53,47,42,7,13,13,6,12,300
PS3514,Belgium,179,71,22,RFC Seraing ,13,9,None,13,11,14,59,5,14,23,21,16,11,22,21,23,37,50,24,38,61,8,44,7,9,16,11,12,7,56,61,59,59,65,300
PS3515,China PR,173,68,29,Shanghai Port ,56,54,None,63,66,72,58,53,62,47,53,50,54,48,76,79,61,72,73,76,64,53,41,30,36,43,43,36,29,7,7,7,10,14,300
PS3516,Germany,183,73,22,SC Freiburg II ,60,61,None,56,61,66,59,57,53,56,55,57,64,62,64,62,67,69,62,71,55,55,54,51,51,45,44,45,45,12,7,7,8,14,300
PS3517,France,194,90,24,Bordeaux ,17,12,None,10,13,23,52,7,10,38,32,11,26,24,22,27,56,56,33,38,55,10,46,6,8,14,13,15,10,59,62,62,61,63,300
PS3518,Netherlands,185,75,20,FC Emmen ,56,57,None,63,68,52,55,24,57,30,47,37,61,60,63,54,62,58,54,43,72,59,48,26,23,31,32,45,27,7,13,13,8,8,300
PS3519,Burkina Faso,189,84,20,Nîmes Olympique ,44,34,None,64,66,57,42,24,58,35,46,35,54,52,68,62,75,52,72,54,70,58,40,22,20,27,29,41,25,13,15,9,15,6,300
PS3520,Norway,181,78,29,Sandefjord ,56,54,None,58,59,48,59,44,56,40,45,56,56,55,68,66,70,62,69,61,65,43,52,42,41,51,31,38,29,11,7,13,6,12,300
PS3521,Uruguay,173,73,39,River Plate ,62,68,None,75,75,69,64,67,74,66,74,71,71,71,55,51,72,71,43,54,60,65,68,65,56,70,59,65,60,10,16,8,6,9,300
PS3522,Korea Republic,173,68,22,Incheon United ,60,64,None,25,24,44,46,60,24,55,58,55,60,51,80,58,64,84,81,81,49,44,68,60,50,58,50,52,58,10,14,5,13,11,300
PS3523,England,186,73,33,Cambridge Utd ,54,48,None,61,65,65,60,46,62,53,62,53,54,53,49,67,73,71,53,61,79,60,48,35,38,43,40,39,38,13,6,7,11,11,300
PS3524,Romania,181,74,23,FC Botoșani ,61,60,None,34,35,49,54,58,37,54,55,58,60,55,71,69,54,73,72,74,45,48,61,57,56,58,53,57,45,10,6,7,8,11,300
PS3525,Greece,171,66,22,Panathinaikos ,62,66,None,33,32,58,55,55,28,53,52,52,61,53,71,60,41,82,72,73,49,47,61,57,48,60,48,49,48,11,11,9,6,10,300
PS3526,Romania,176,67,23,CS Mioveni ,63,50,None,48,56,59,67,46,58,56,54,40,66,64,65,70,50,54,64,69,55,49,65,40,52,46,42,43,49,14,11,14,8,9,300
PS3527,Netherlands,187,76,23,FC Volendam ,19,6,None,10,14,22,38,5,8,24,30,13,22,18,18,19,51,34,15,29,47,13,47,9,8,12,11,16,8,64,62,61,62,62,300
PS3528,Australia,189,84,32,Reading ,19,20,None,13,14,45,59,15,25,53,51,13,29,53,58,39,70,46,61,58,66,13,49,14,18,13,14,40,11,63,64,62,65,64,300
PS3529,England,175,68,22,Cheltenham Town ,63,62,None,47,51,51,60,59,44,60,59,55,61,57,76,70,50,73,74,76,55,41,64,60,60,58,53,43,55,9,5,10,6,8,300
PS3530,Spain,180,68,22,Villarreal CF B ,52,54,None,30,30,33,57,62,30,42,49,39,50,40,62,57,59,67,64,59,70,70,65,60,61,38,43,60,40,12,8,10,6,11,300
PS3531,France,177,70,23,SM Caen ,64,66,None,35,37,39,44,50,26,56,57,60,60,55,70,58,49,71,70,65,47,36,56,46,52,55,62,55,49,6,5,6,7,13,300
PS3532,Republic of Ireland,175,62,29,Shamrock Rovers ,62,61,None,58,60,60,62,58,52,65,61,63,63,59,56,54,54,69,59,69,71,54,63,53,56,64,65,58,33,16,6,6,7,6,300
PS3533,Romania,178,73,33,FCU 1948 ,59,59,None,59,60,64,56,59,56,59,53,62,61,60,68,62,64,62,68,70,48,54,66,56,60,63,62,59,56,11,7,13,8,8,300
PS3534,Serbia,190,86,33,AIK ,14,11,None,13,13,35,50,6,10,48,45,12,20,24,25,22,69,26,21,23,40,18,41,7,5,16,13,14,9,66,64,66,55,66,300
PS3535,Republic of Ireland,185,78,22,Derry City ,26,24,None,15,17,31,57,10,15,62,36,13,40,36,50,37,40,52,47,51,58,7,44,10,12,14,11,16,12,60,61,61,58,61,300
PS3536,North Macedonia,195,87,28,HJK Helsinki ,21,13,None,12,14,18,52,12,21,38,44,20,27,22,45,35,68,52,43,37,50,11,45,17,12,13,12,23,18,60,64,59,60,64,300
PS3537,Turkey,188,85,19,Beşiktaş ,17,9,None,12,10,27,44,6,8,38,28,12,22,21,34,24,56,38,32,31,64,10,44,8,9,10,13,14,6,59,67,60,58,67,300
PS3538,Australia,180,70,24,Brisbane Roar ,58,59,None,30,38,53,55,56,32,54,57,48,55,45,77,71,57,70,80,68,68,50,57,57,54,52,42,56,49,6,14,12,13,10,300
PS3539,France,177,67,22,Niort ,60,61,None,31,33,39,51,60,19,54,54,50,54,48,85,51,48,75,81,80,60,41,56,55,51,53,49,62,51,12,9,6,10,6,300
PS3540,England,190,77,28,Wrexham AFC ,49,44,None,60,61,64,56,33,59,38,55,33,52,45,61,59,75,49,67,65,74,56,38,25,26,34,31,37,24,13,7,8,8,10,300
PS3541,Romania,179,80,36,UTA Arad ,65,63,None,33,35,67,63,70,35,68,68,66,68,66,53,55,70,70,51,63,65,64,72,65,67,69,71,70,68,8,14,10,12,12,300
PS3542,Norway,188,80,20,HamKam Fotball ,54,40,None,60,62,55,58,26,60,30,41,30,54,46,56,56,70,64,59,47,77,58,35,22,18,30,20,39,22,5,10,6,12,7,300
PS3543,Spain,178,72,20,Atlético de Madrid ,58,60,None,58,56,60,57,53,60,55,49,46,59,53,79,65,57,73,78,76,67,37,53,42,40,34,41,52,39,10,7,9,13,10,300
PS3544,Germany,199,95,22,VfB Stuttgart ,11,8,None,12,11,16,57,6,14,30,30,13,20,16,26,28,76,29,25,28,38,14,42,9,8,11,13,11,6,62,58,59,56,62,300
PS3545,Argentina,170,69,26,Atlético Tucumán ,56,61,None,19,22,40,58,58,19,49,52,43,52,46,80,80,44,82,80,73,62,57,63,59,62,45,43,58,49,5,14,7,7,8,300
PS3546,Germany,181,72,24,SV Ried ,54,55,None,15,19,28,52,62,19,42,46,31,48,32,68,62,73,65,65,64,64,65,62,61,58,36,42,63,57,13,12,7,5,7,300
PS3547,Republic of Ireland,180,71,31,Bohemian FC ,57,56,,58,61,73,56,57,59,58,56,57,57,56,56,74,62,66,49,60,77,55,59,51,55,55,53,57,52,8,7,8,10,9,275
PS3548,Germany,194,83,31,Saarbrücken ,20,19,,14,16,20,47,15,15,31,35,15,29,28,33,34,55,38,34,39,59,12,47,13,16,18,14,21,16,60,64,61,62,64,275
PS3549,Northern Ireland,181,74,29,Stevenage ,58,57,None,13,20,55,56,60,12,57,56,40,50,47,78,73,70,58,74,71,87,53,64,60,58,56,52,61,52,7,12,11,7,13,275
PS3550,Turkey,178,76,38,Antalyaspor ,68,66,None,63,64,77,57,63,64,65,70,69,74,72,36,53,56,69,37,59,60,67,74,59,71,73,71,57,60,16,12,8,10,13,275
PS3551,Spain,170,66,21,Sampdoria ,65,61,None,63,52,48,59,58,42,57,67,52,68,65,66,48,38,82,63,67,56,54,62,52,49,54,50,63,54,13,11,13,10,10,275
PS3552,Saudi Arabia,172,67,22,Al Taawoun ,62,64,None,21,25,63,51,56,23,46,44,52,52,40,75,58,60,74,81,70,50,41,58,60,50,41,32,44,37,11,6,6,11,13,275
PS3553,Norway,172,67,20,Viking FK ,61,65,None,35,30,51,41,57,30,62,58,47,60,54,76,68,50,83,73,69,57,39,56,55,49,49,40,44,44,5,6,7,13,10,275
PS3554,Italy,173,63,20,Fiorentina ,64,60,None,63,64,59,59,38,54,57,54,48,70,71,61,49,35,81,55,59,62,59,61,37,49,41,42,48,40,7,5,6,10,10,275
PS3555,Sweden,173,68,33,Djurgårdens IF ,63,61,None,57,59,57,58,51,52,56,58,59,60,55,73,73,57,81,79,71,72,53,65,37,57,63,63,39,45,12,8,7,13,13,275
PS3556,China PR,189,91,30,Shanghai Shenhua ,40,34,None,60,61,59,51,25,60,34,45,29,45,39,54,61,85,45,54,71,75,63,37,30,19,28,29,38,22,14,7,9,10,13,275
PS3557,Korea Republic,185,83,32,Jeju United ,62,57,None,62,65,66,58,33,60,33,61,62,57,44,67,48,68,61,67,65,76,49,36,23,22,43,23,40,27,9,11,8,8,7,275
PS3558,France,174,70,22,FC Annecy ,58,60,None,22,24,35,49,58,20,56,55,51,59,48,69,58,59,69,69,57,64,57,65,62,60,47,39,61,38,13,5,11,5,15,275
PS3559,England,170,59,21,Manchester City ,65,68,None,30,29,37,43,54,29,58,52,55,53,41,72,41,46,89,66,84,43,41,64,59,49,50,50,57,53,10,12,9,6,11,275
PS3560,Australia,175,68,22,Central Coast ,57,54,None,48,50,48,58,58,48,64,59,45,67,66,64,54,53,79,62,61,62,42,50,50,33,48,43,60,44,10,5,8,14,7,275
PS3561,Korea Republic,182,77,22,Dynamo Dresden ,57,58,None,56,59,47,60,32,56,36,54,43,50,36,68,69,57,69,74,71,75,47,39,20,17,30,26,35,23,9,11,9,6,10,275
PS3562,England,177,64,22,FC Volendam ,57,54,None,60,61,43,54,50,55,49,56,49,59,59,70,55,61,67,75,62,57,48,52,44,37,48,37,40,44,12,6,7,15,13,275
PS3563,Spain,182,78,32,NorthEast United ,64,64,None,55,57,62,61,64,58,63,68,51,65,63,61,70,61,59,61,59,62,60,62,55,50,40,50,54,46,14,6,10,9,14,275
PS3564,Australia,186,80,27,GIF Sundsvall ,62,59,None,57,59,60,61,59,59,59,58,48,63,61,61,64,65,58,54,53,61,52,55,49,48,40,34,32,35,6,6,8,6,9,275
PS3565,England,188,70,21,Shrewsbury ,60,58,None,25,24,54,55,61,19,49,55,31,56,37,66,50,73,51,69,54,66,60,62,59,55,40,31,57,51,15,11,12,6,13,275
PS3566,Germany,182,75,21,Holstein Kiel ,67,67,None,22,25,41,51,53,22,52,56,53,57,51,73,50,59,67,68,70,49,42,55,51,47,53,48,49,45,15,14,6,9,8,275
PS3567,Germany,186,71,22,Union Berlin ,62,66,None,48,45,38,64,49,49,52,51,58,62,45,79,65,54,69,79,73,35,40,71,64,48,46,41,63,53,11,14,14,14,7,275
PS3568,Argentina,181,78,23,Arsenal ,64,61,None,56,54,61,56,58,44,57,53,54,64,62,72,62,58,63,69,62,59,58,59,57,48,52,52,51,51,10,7,8,12,8,275
PS3569,Venezuela,173,70,23,Portland Timbers ,62,62,None,53,54,54,53,56,51,55,54,61,60,59,80,62,50,78,82,72,54,36,48,50,40,56,31,40,45,15,13,12,7,11,275
PS3570,New Zealand,194,88,30,Grimsby Town ,21,16,None,21,21,41,58,12,25,37,44,24,35,36,46,38,58,42,49,54,58,23,45,14,19,19,21,21,20,60,63,60,60,62,275
PS3571,Bolivia,186,80,35,The Strongest ,58,48,None,67,64,65,65,48,66,46,66,41,53,45,68,67,78,73,72,66,71,66,45,27,24,33,38,39,30,6,10,8,11,20,275
PS3572,Venezuela,175,63,22,Est. de Mérida ,62,61,None,55,57,55,57,50,50,57,55,34,58,57,66,80,37,79,64,70,71,43,66,57,60,48,55,55,45,6,11,13,7,9,275
PS3573,Netherlands,191,81,22,SC Cambuur ,51,53,None,61,65,48,50,41,58,37,54,55,56,42,66,57,77,54,52,54,73,57,42,31,26,30,28,50,29,14,11,13,6,8,275
PS3574,Scotland,188,83,35,Rangers ,23,16,None,14,17,41,63,17,18,46,52,21,30,38,49,33,61,63,54,58,60,14,53,20,19,15,21,26,13,68,70,71,70,69,275
PS3575,Norway,191,88,31,IFK Värnamo ,19,15,None,16,14,19,54,14,21,34,40,15,28,26,34,30,77,43,32,38,46,16,46,14,14,14,16,19,14,61,64,60,61,62,275
PS3576,Scotland,187,84,20,Northampton ,60,58,None,21,26,62,56,60,31,52,53,53,54,48,70,64,67,64,67,65,64,55,59,61,53,40,37,57,50,8,12,7,7,13,275
PS3577,Wales,173,61,22,Sunderland ,57,58,None,54,59,40,56,50,52,53,51,57,56,49,76,55,53,82,75,72,57,49,50,44,51,52,32,57,40,13,12,14,14,15,275
PS3578,Norway,178,75,21,Odds BK ,60,59,None,12,13,63,58,60,18,46,46,30,55,36,69,58,60,67,69,66,64,58,58,61,52,33,31,58,52,6,15,15,10,10,275
PS3579,Argentina,182,80,21,Newell's ,61,55,None,20,24,38,58,56,24,49,44,36,53,42,65,55,68,57,66,62,68,60,63,65,52,44,41,58,49,11,7,9,12,12,275
PS3580,Spain,169,67,23,FC Barcelona ,64,66,None,58,48,47,56,52,29,63,55,49,67,65,77,52,39,82,68,76,56,41,54,49,48,62,57,54,49,9,15,11,14,14,275
PS3581,England,177,73,36,Rotherham Utd ,61,58,None,69,69,80,65,56,68,57,63,59,58,57,56,53,66,70,49,53,77,59,30,38,37,47,38,36,26,10,6,7,13,15,275
PS3582,Germany,184,83,22,B. Dortmund II ,56,61,None,21,19,44,56,57,22,46,50,35,53,29,72,59,73,68,75,70,74,55,60,60,46,43,30,49,56,14,7,6,10,9,275
PS3583,Netherlands,187,88,39,Ajax ,37,18,None,20,18,30,67,15,13,61,63,15,39,52,46,35,70,36,38,42,65,16,62,12,16,18,14,28,18,78,75,76,82,77,275
PS3584,Argentina,180,76,22,Arsenal ,61,58,None,23,24,57,63,60,22,49,55,33,48,37,34,48,76,60,33,53,73,67,63,63,54,39,43,62,57,11,7,14,11,15,275
PS3585,Germany,182,82,36,Saarbrücken ,65,66,None,62,65,81,75,61,67,68,73,68,68,61,55,60,70,70,52,64,59,51,71,55,61,69,59,57,58,15,15,12,7,8,275
PS3586,Venezuela,170,70,31,Est. de Mérida ,57,48,None,62,64,62,47,54,55,20,52,60,54,41,69,62,30,67,68,65,62,55,39,31,25,49,26,27,22,10,6,13,11,9,275
PS3587,Argentina,173,65,24,Aldosivi ,60,56,None,49,48,52,58,56,39,55,48,58,63,57,61,61,40,79,65,67,60,54,62,57,60,49,38,59,39,9,6,12,7,9,275
PS3588,England,184,83,32,Kilmarnock ,52,50,None,61,62,72,56,44,61,53,58,56,55,50,34,51,73,49,50,58,62,63,56,22,48,42,38,36,30,15,10,14,13,9,275
PS3589,Republic of Ireland,182,80,20,QPR ,54,53,None,20,15,63,54,57,19,54,50,39,52,46,74,55,80,59,78,62,69,54,68,58,55,58,40,58,57,9,8,9,8,12,275
PS3590,England,175,80,18,Manchester Utd ,60,62,None,56,59,65,59,58,56,61,63,46,62,60,77,63,68,82,75,76,72,61,64,55,48,52,41,51,52,5,14,11,10,9,275
PS3591,Germany,175,70,22,Heidenheim ,60,58,None,54,56,55,53,51,50,58,55,53,63,55,68,63,52,75,67,67,55,44,54,50,50,44,40,37,47,11,10,6,14,12,275
PS3592,Argentina,175,73,21,Patronato ,66,68,None,33,35,32,46,49,33,55,47,57,56,58,69,35,48,67,69,65,58,44,63,57,55,51,48,61,52,8,14,13,12,11,275
PS3593,United States,196,94,34,New England ,55,37,None,50,61,71,58,35,60,49,63,35,55,62,30,65,90,30,38,30,83,72,47,31,35,36,27,30,46,16,14,13,10,14,275
PS3594,Scotland,180,76,26,Shelbourne ,61,62,None,24,30,60,56,60,25,55,54,51,58,41,73,76,65,68,71,71,67,52,58,60,57,56,53,59,58,14,12,10,8,13,275
PS3595,Chile,179,66,25,Everton de Viña ,60,55,None,10,12,30,59,60,31,60,48,43,55,48,73,58,41,55,76,70,61,55,52,57,50,43,38,57,41,13,6,11,8,8,275
PS3596,Saudi Arabia,184,81,25,Al Ittihad ,53,56,None,11,18,42,57,63,23,53,47,42,51,42,71,61,78,67,75,70,82,53,58,59,53,54,45,58,52,10,5,14,6,15,275
PS3597,Germany,188,80,32,FC Zürich ,58,54,None,65,65,55,62,47,63,54,65,61,65,63,34,39,70,49,46,53,73,68,46,36,46,45,36,40,35,14,13,10,15,10,275
PS3598,Spain,186,75,21,Girona FC ,15,7,None,12,12,22,52,7,6,21,31,10,20,22,29,25,40,39,25,38,52,14,47,9,5,10,13,18,9,59,66,61,62,60,275
PS3599,Scotland,189,75,29,Livingston ,24,13,None,13,14,16,56,15,19,45,44,16,30,18,46,32,48,65,46,44,58,16,45,13,14,15,16,23,18,61,62,61,60,62,275
PS3600,England,176,73,24,Crawley Town ,57,58,None,19,20,59,59,58,16,51,59,42,51,42,80,64,70,67,76,69,74,54,59,57,50,41,30,63,46,11,6,5,6,6,275
PS3601,Republic of Ireland,183,92,30,Shelbourne ,49,46,None,57,59,70,54,25,59,36,52,27,57,62,54,52,75,49,53,55,71,62,52,40,49,37,31,37,28,11,7,6,11,15,275
PS3602,Ukraine,182,69,21,Dynamo Kyiv ,59,61,None,20,22,64,55,60,20,55,57,43,53,51,70,60,58,63,71,62,52,54,61,63,56,35,36,63,55,9,13,14,9,13,275
PS3603,Turkey,175,67,21,Karagümrük SK ,63,66,None,31,27,47,47,56,27,56,49,60,62,57,69,45,38,76,66,71,37,39,63,61,59,68,69,64,42,10,10,9,13,12,275
PS3604,Sweden,187,75,25,Helsingborgs IF ,63,61,None,46,53,43,50,53,52,54,53,56,64,58,65,68,61,55,67,55,51,44,50,50,45,43,32,53,38,14,14,11,14,15,275
PS3605,Netherlands,170,60,21,AZ ,64,68,None,33,34,32,42,50,18,50,48,51,48,44,83,53,33,75,81,80,48,45,53,59,56,53,39,51,53,6,7,13,15,10,275
PS3606,Spain,188,92,41,Villarreal CF ,23,10,None,24,22,32,72,13,22,65,64,11,37,39,43,34,70,60,49,50,71,13,59,14,15,11,11,24,11,79,75,77,79,76,275
PS3607,Austria,180,70,22,SCR Altach ,58,59,None,15,20,62,58,60,14,47,50,34,48,35,62,56,63,66,55,61,60,59,62,61,48,39,42,55,45,6,11,9,12,6,275
PS3608,Netherlands,186,80,36,Sparta Rotterdam ,64,60,None,64,64,84,62,60,63,63,63,55,64,65,31,65,83,53,31,33,61,65,80,52,70,66,65,64,33,11,12,7,9,14,275
PS3609,Romania,198,91,24,FCU 1948 ,16,13,None,10,11,20,57,6,14,28,29,10,28,17,28,23,72,22,28,23,37,12,41,7,6,13,14,15,6,58,61,62,55,60,275
PS3610,Sweden,181,82,37,IFK Göteborg ,66,62,None,65,66,68,68,66,68,66,67,70,70,69,58,66,67,69,59,66,70,66,70,56,64,72,60,65,50,13,9,12,10,11,275
PS3611,Scotland,179,77,33,St. Mirren ,56,56,None,57,59,60,57,49,58,38,58,60,56,56,62,78,68,59,62,66,53,51,47,28,44,37,58,41,28,11,10,16,10,7,275
PS3612,England,178,68,24,AFC Wimbledon ,62,60,None,57,59,70,60,55,62,59,60,57,61,60,67,73,60,68,61,65,73,52,60,53,54,52,43,49,44,5,7,14,9,10,275
PS3613,Senegal,185,75,22,Aalesunds FK ,61,61,None,25,26,48,51,55,28,51,58,42,51,41,84,58,81,82,82,76,77,54,58,56,50,44,41,48,50,11,7,11,8,8,275
PS3614,Republic of Ireland,172,65,20,Wolves ,61,58,None,57,59,70,60,53,60,60,61,56,63,63,71,65,53,79,68,74,57,48,57,41,51,43,41,53,40,15,12,8,5,8,275
PS3615,Scotland,181,75,24,Hartlepool ,59,60,None,34,32,50,55,55,24,58,54,59,56,49,73,60,50,75,75,71,32,34,63,55,57,51,52,49,47,7,13,14,13,9,275
PS3616,Saudi Arabia,176,72,27,Al Wehda ,63,62,None,53,50,41,52,59,52,60,56,53,62,64,67,73,56,68,65,67,66,59,56,55,57,52,56,51,53,13,6,10,11,13,275
PS3617,Poland,191,87,31,Korona Kielce ,18,15,None,14,15,21,57,15,13,41,51,12,23,23,39,35,81,46,46,51,63,14,44,13,12,14,14,23,14,63,61,63,59,60,275
PS3618,South Africa,175,72,23,Leicester City ,58,60,None,45,47,44,55,55,44,57,58,56,59,57,79,60,62,77,78,77,58,46,60,51,54,50,58,49,49,8,14,11,7,7,275
PS3619,France,181,67,20,Nîmes Olympique ,59,57,None,20,16,31,62,57,15,47,52,36,53,36,62,67,56,67,58,58,62,63,58,69,58,42,43,69,49,6,9,8,13,8,275
PS3620,Japan,177,69,22,Düsseldorf ,59,56,None,59,61,60,55,39,55,39,44,50,45,38,70,65,55,76,70,76,64,43,39,28,27,40,29,31,25,12,6,13,14,5,275
PS3621,Germany,189,93,31,Gillingham ,53,54,None,60,61,65,61,39,54,51,58,44,56,53,50,71,83,45,61,61,63,56,64,55,46,59,55,48,53,14,12,6,9,10,275
PS3622,France,187,87,30,Amiens SC ,19,12,None,15,18,37,53,8,24,17,52,10,18,14,42,17,82,43,52,37,58,8,43,8,13,15,12,14,7,63,64,59,57,63,275
PS3623,France,191,76,22,OL ,15,8,None,13,10,35,58,7,9,36,40,12,17,25,22,20,62,23,17,28,45,10,44,6,5,11,10,16,6,59,62,57,58,63,275
PS3624,Australia,189,80,23,Perth Glory ,58,60,None,16,12,49,52,60,26,54,49,50,55,46,81,55,62,65,79,80,71,55,56,58,57,53,48,59,49,6,14,7,9,9,275
PS3625,England,177,67,21,AFC Wimbledon ,59,58,None,42,48,44,54,49,43,57,60,56,59,57,78,62,51,64,77,77,58,42,61,54,50,56,54,56,57,9,10,5,9,5,275
PS3626,Cyprus,170,66,22,Sporting KC ,61,58,None,23,21,34,64,66,20,60,62,52,56,37,69,56,39,78,72,78,42,31,50,53,45,53,32,34,49,15,15,6,6,5,275
PS3627,Ecuador,175,69,31,Delfín S.C. ,65,58,None,58,52,42,64,58,43,58,64,69,68,63,74,63,44,73,71,63,53,40,54,48,51,71,65,72,49,14,8,14,11,9,275
PS3628,Portugal,177,83,21,Vitória SC ,65,64,None,27,33,37,54,52,28,52,54,55,57,52,72,52,65,66,68,67,34,37,63,59,44,55,41,52,53,14,14,8,11,10,275
PS3629,France,196,85,21,Niort ,62,55,None,25,29,55,52,61,22,49,55,50,56,41,49,67,77,37,62,43,73,67,53,64,54,48,49,63,55,6,15,5,12,15,275
PS3630,China PR,181,74,36,Guangzhou FC ,70,67,None,56,61,68,66,66,64,71,66,70,71,73,63,58,58,70,54,69,58,41,69,69,70,76,77,66,63,8,13,16,8,16,275
PS3631,France,178,69,22,Niort ,56,51,None,57,60,51,51,46,50,33,42,50,55,43,81,65,68,71,86,70,62,49,35,42,39,38,32,45,46,10,9,5,9,13,275
PS3632,Australia,180,75,23,Sydney FC ,58,65,None,28,25,32,44,56,15,51,53,42,53,44,82,54,60,70,86,81,44,39,65,57,54,44,41,49,45,11,6,13,13,10,275
PS3633,Benin,183,75,22,Amiens SC ,62,69,None,16,18,35,49,60,11,45,45,50,40,35,77,36,56,46,76,77,57,41,60,66,65,65,47,53,48,10,6,12,11,9,275
PS3634,Poland,189,78,20,Górnik Zabrze ,58,54,None,15,16,60,62,60,14,46,60,33,42,31,70,60,65,56,62,58,70,63,59,62,53,44,33,67,49,9,14,12,6,14,275
PS3635,Ivory Coast,169,70,20,BK Häcken ,65,65,None,42,49,58,58,56,51,55,63,40,64,60,71,82,48,83,63,81,44,44,51,40,36,33,37,40,31,10,11,9,11,15,275
PS3636,France,180,76,25,Nîmes Olympique ,63,59,None,63,59,55,63,61,59,58,41,54,63,58,78,68,57,66,75,59,59,42,46,37,38,48,32,38,38,6,11,14,9,7,275
PS3637,Netherlands,175,65,21,sc Heerenveen ,65,63,None,61,57,57,59,46,49,58,66,62,69,66,67,42,47,76,63,74,56,45,55,50,47,54,55,50,48,7,14,8,5,9,275
PS3638,England,191,85,32,Barrow ,60,56,None,21,20,71,60,62,19,50,58,27,52,35,50,70,81,37,56,55,66,63,64,61,54,33,39,60,51,6,12,11,10,9,275
PS3639,Italy,186,80,18,SV Werder Bremen ,50,55,None,58,62,50,61,26,57,31,53,51,57,54,64,50,67,59,67,61,71,62,42,26,38,36,34,41,35,9,11,14,11,7,275
PS3640,Sweden,177,72,21,IF Elfsborg ,60,58,None,39,45,42,55,65,22,52,47,40,59,52,63,55,57,72,65,60,56,54,62,63,55,43,40,54,52,13,10,6,14,12,275
PS3641,Argentina,189,85,26,Patronato ,17,12,None,11,10,25,55,5,9,26,30,14,27,27,14,26,50,40,25,28,60,15,45,7,6,12,11,12,8,63,60,61,60,60,275
PS3642,Argentina,187,83,25,Gimnasia ,53,35,,64,69,53,48,31,60,30,46,29,54,42,60,60,51,83,55,51,72,57,43,33,43,27,28,45,34,13,9,15,9,14,250
PS3643,Turkey,182,73,35,Sivasspor ,62,60,,64,66,79,65,42,65,44,65,64,61,62,68,54,71,62,64,66,66,58,72,42,56,52,47,44,36,9,16,16,6,11,250
PS3644,England,180,70,26,Sutton United ,56,57,,14,20,35,56,58,16,47,54,45,52,44,77,65,69,65,79,73,36,56,62,57,55,44,33,56,50,7,8,15,11,7,250
PS3645,Norway,186,77,22,Strømsgodset IF ,52,41,,60,64,53,56,32,59,36,54,35,57,50,50,54,70,58,53,49,76,53,42,27,21,26,28,36,30,15,6,14,10,13,250
PS3646,England,175,75,27,Bohemian FC ,59,59,,28,29,60,49,59,33,47,51,47,52,38,71,66,71,73,70,70,64,50,62,58,56,54,50,52,54,7,12,13,9,9,250
PS3647,Italy,175,73,21,Fortuna Sittard ,67,66,,31,28,41,44,53,26,54,46,57,54,49,70,48,42,72,65,68,42,47,65,57,47,50,49,56,50,9,11,8,10,7,250
PS3648,France,182,65,18,OM ,60,64,None,21,17,26,63,56,16,49,49,44,56,38,68,53,32,72,55,71,54,65,62,67,52,48,39,63,58,7,6,10,8,14,250
PS3649,Australia,180,70,21,Western United ,58,57,None,39,44,59,56,59,39,52,56,48,53,48,75,56,72,73,78,71,69,46,58,61,49,41,39,48,45,8,8,12,10,12,250
PS3650,Poland,177,72,35,Wisła Płock ,59,55,None,61,63,68,62,58,57,62,60,65,62,59,73,70,71,68,78,71,73,52,69,53,67,56,66,48,50,15,11,6,7,14,250
PS3651,Sweden,185,77,28,IFK Norrköping ,64,63,None,42,45,51,50,60,42,63,61,58,65,63,78,69,66,69,75,66,58,48,61,55,59,62,52,49,56,8,6,8,15,13,250
PS3652,Australia,190,85,33,Newcastle Jets ,45,45,None,57,59,77,52,23,62,45,55,55,58,57,49,68,82,36,34,52,71,60,53,41,34,30,29,37,25,12,8,16,14,16,250
PS3653,England,180,73,24,St. Pats ,56,54,None,60,60,49,58,45,58,43,49,53,53,44,61,68,71,69,63,62,79,58,42,17,22,34,26,39,27,14,9,14,8,12,250
PS3654,Germany,192,81,18,1. FSV Mainz 05 ,61,59,None,19,14,63,58,62,15,48,45,39,46,37,55,53,70,38,63,52,68,61,58,65,57,46,43,57,48,6,10,13,12,6,250
PS3655,England,191,70,30,Livingston ,58,59,None,42,48,56,54,58,36,52,57,47,53,52,65,69,79,62,66,63,72,59,62,60,55,54,38,62,54,8,10,8,13,9,250
PS3656,Brazil,192,85,25,IFK Värnamo ,56,37,None,55,62,60,55,32,57,32,53,32,51,44,63,62,74,52,65,48,72,57,41,20,23,34,30,34,32,9,7,9,9,13,250
PS3657,Germany,170,74,19,Hamburger SV ,63,61,None,20,18,40,50,58,17,54,55,47,52,44,70,56,65,77,67,62,56,52,60,65,56,54,31,61,54,8,11,6,9,7,250
PS3658,Switzerland,185,75,24,FC St. Gallen ,60,58,None,51,54,54,60,53,56,57,54,43,64,61,52,67,63,64,51,61,40,45,48,51,52,46,35,26,41,7,6,13,8,5,250
PS3659,Belgium,177,62,19,Zulte Waregem ,63,71,None,25,28,34,54,51,26,53,43,52,56,44,78,47,37,79,71,76,34,44,58,54,41,50,36,47,52,12,13,7,5,8,250
PS3660,Cameroon,179,60,19,Adana Demirspor ,61,66,None,32,35,31,43,51,24,47,46,52,55,51,90,46,34,86,89,88,48,40,67,54,46,60,46,59,64,13,12,15,7,6,250
PS3661,Croatia,187,82,23,Hajduk Split ,53,45,None,61,62,59,55,24,58,41,46,37,58,43,53,68,68,52,56,54,67,59,37,22,22,29,22,34,23,9,14,8,11,5,250
PS3662,Spain,192,76,22,CA Osasuna ,55,27,None,60,58,58,60,21,61,30,45,31,55,41,60,62,60,54,55,51,75,63,45,21,31,22,24,34,22,6,10,12,11,13,250
PS3663,United States,173,72,21,FC Dallas ,59,64,None,39,48,39,45,52,34,50,50,58,52,40,81,51,54,74,80,78,46,36,64,53,42,43,35,45,39,10,9,9,11,5,250
PS3664,Finland,176,72,22,HJK Helsinki ,62,57,None,40,38,55,58,60,38,56,54,46,60,54,72,58,47,72,70,63,58,48,55,56,44,46,32,39,42,12,14,14,8,12,250
PS3665,Saudi Arabia,178,70,29,Al Khaleej ,64,64,None,32,37,47,50,61,47,57,57,57,60,58,67,59,57,72,64,62,58,55,57,56,56,50,52,55,52,15,9,15,10,16,250
PS3666,Netherlands,191,76,20,Excelsior ,60,62,None,36,39,37,48,57,19,57,56,52,57,49,66,55,63,66,67,57,71,68,63,53,44,46,42,62,48,11,15,6,11,9,250
PS3667,England,183,78,24,Bristol Rovers ,58,54,None,57,60,66,55,51,54,52,54,47,60,58,60,59,75,61,53,52,83,58,55,47,47,48,32,51,34,6,8,9,10,12,250
PS3668,England,185,76,21,Port Vale ,58,56,None,57,60,41,55,33,53,39,60,50,56,51,71,64,72,57,73,61,76,52,47,24,33,49,32,38,31,10,11,7,10,10,250
PS3669,Republic of Ireland,180,78,26,Finn Harps ,54,54,None,55,56,72,55,45,53,40,48,53,53,48,70,73,76,55,75,66,84,58,55,22,40,47,23,24,27,10,6,13,7,14,250
PS3670,Belgium,186,83,21,KV Mechelen ,60,56,None,56,58,60,52,48,57,58,46,51,63,61,57,62,80,51,55,52,65,55,57,39,50,45,50,44,45,8,12,12,15,6,250
PS3671,China PR,171,66,33,Tianjin JMT FC ,58,62,None,53,49,53,54,49,51,59,51,64,57,53,76,65,39,66,82,77,34,42,60,49,52,52,46,59,48,11,13,11,10,15,250
PS3672,England,178,70,25,Exeter City ,57,59,None,18,29,30,51,51,25,52,42,55,51,42,90,50,45,73,87,75,42,36,58,52,47,46,36,49,41,12,13,13,9,7,250
PS3673,India,188,78,27,ATK Mohun Bagan ,57,58,None,31,28,61,59,63,29,50,50,47,47,40,74,72,77,43,84,65,82,61,60,60,51,50,31,56,51,9,12,7,11,15,250
PS3674,Argentina,184,76,21,Gimnasia ,57,58,None,57,50,60,51,58,43,53,47,56,67,58,63,64,55,65,60,55,63,51,65,44,45,45,43,58,41,7,12,6,13,10,250
PS3675,France,176,69,20,OM ,60,61,None,37,42,34,64,53,30,67,63,56,60,61,62,53,49,70,60,54,58,55,62,66,53,50,58,59,54,5,13,6,9,8,250
PS3676,Finland,194,90,32,HJK Helsinki ,25,15,None,24,18,36,63,8,23,62,42,10,43,45,27,30,75,28,31,32,41,25,49,7,9,35,27,31,20,61,62,63,65,63,250
PS3677,Croatia,182,74,24,SC Paderborn 07 ,66,65,None,48,41,45,59,43,24,55,60,51,66,61,55,34,58,64,55,59,50,47,69,55,50,62,48,63,52,7,5,10,10,6,250
PS3678,Norway,190,80,23,FK Jerv ,56,46,None,58,60,67,56,30,59,33,49,34,56,48,58,62,71,60,60,67,73,58,52,29,28,29,30,37,36,12,12,9,6,8,250
PS3679,Canada,171,63,21,CF Montréal ,64,64,None,23,29,29,46,50,27,60,64,53,58,44,68,50,36,79,61,81,59,31,55,50,60,58,42,50,35,13,10,14,9,6,250
PS3680,Republic of Ireland,188,78,36,AFC Bournemouth ,33,14,None,14,14,29,70,11,18,35,36,11,33,34,41,34,57,43,44,50,61,16,50,14,14,15,14,30,16,70,74,70,66,73,250
PS3681,England,188,74,27,Hartlepool ,20,14,None,19,17,22,57,19,23,28,27,14,31,39,42,27,53,36,44,40,66,19,43,11,15,24,15,20,13,61,61,61,57,60,250
PS3682,Scotland,183,82,21,Stoke City ,50,52,None,59,61,46,57,61,59,48,41,66,52,50,58,55,61,51,57,55,70,54,48,20,45,58,27,37,27,6,15,13,9,6,250
PS3683,Netherlands,180,75,20,SC Cambuur ,61,62,None,21,22,34,56,58,16,55,49,43,54,37,54,59,62,65,49,56,63,64,57,63,56,49,41,62,47,15,10,11,11,9,250
PS3684,Australia,170,70,25,Perth Glory ,57,58,None,55,54,66,55,52,50,56,56,59,55,50,76,72,49,81,74,78,81,41,59,47,54,60,48,45,42,13,8,6,12,12,250
PS3685,England,185,72,28,Tranmere Rovers ,60,54,None,49,51,74,60,62,57,62,59,45,62,60,63,81,70,67,66,68,73,54,58,60,50,44,47,59,35,14,9,12,7,6,250
PS3686,Czech Republic,192,80,32,Ipswich ,32,21,None,19,23,22,59,11,26,47,62,16,39,46,59,27,66,52,56,58,53,23,47,16,11,24,24,27,12,62,64,61,63,64,250
PS3687,Norway,183,75,32,Viking FK ,13,7,None,10,14,27,64,16,25,53,46,15,22,12,22,29,68,56,27,57,54,8,46,8,9,13,8,23,7,61,62,63,61,62,250
PS3688,Saudi Arabia,169,65,28,Damac FC ,59,60,None,59,59,67,61,57,56,57,53,57,63,60,52,68,63,79,59,73,69,44,56,52,54,54,59,35,37,5,6,6,6,14,250
PS3689,Argentina,170,69,24,Tigre ,59,70,None,34,35,29,39,53,17,50,47,57,56,52,71,51,44,82,71,65,46,45,59,51,45,49,47,66,46,15,15,8,7,5,250
PS3690,Morocco,187,80,24,Modena ,57,52,None,63,59,48,53,43,52,41,40,45,53,32,66,73,74,50,69,59,51,46,37,32,31,37,39,39,34,14,11,10,11,14,250
PS3691,Ecuador,188,77,20,Independiente DV ,19,5,None,11,14,20,60,5,13,27,23,11,20,13,32,27,38,42,20,29,59,11,44,5,6,11,9,11,5,57,62,57,58,63,250
PS3692,Paraguay,180,82,22,Cerro Porteño ,45,25,None,61,65,55,55,22,57,27,47,28,55,50,55,55,72,53,55,46,74,59,32,23,18,20,20,33,23,9,6,13,6,6,250
PS3693,Argentina,187,74,24,Cittadella ,43,29,None,60,64,64,54,22,58,33,50,26,48,49,54,63,74,52,55,48,72,62,40,22,21,27,24,40,24,13,6,10,13,11,250
PS3694,England,170,65,20,Brentford ,62,64,None,39,43,53,46,58,30,63,58,50,60,51,62,55,54,62,55,58,37,32,61,62,47,42,42,45,41,11,7,6,11,7,250
PS3695,United States,178,73,18,Atlanta United ,62,55,None,55,59,32,64,58,53,45,50,59,61,48,73,64,55,69,78,76,64,47,20,35,20,34,26,40,20,14,13,10,13,12,250
PS3696,Australia,190,89,26,Melb. Victory ,54,37,None,58,59,63,46,32,56,37,55,34,56,51,55,42,91,58,50,40,62,55,50,21,39,28,31,26,22,15,14,16,9,6,250
PS3697,Bolivia,169,66,21,Guabirá ,53,61,None,54,60,49,58,51,55,48,55,57,61,49,70,65,55,65,68,55,62,45,47,45,46,35,46,55,44,6,8,13,13,13,250
PS3698,China PR,174,64,21,Tianjin JMT FC ,56,62,None,40,42,45,61,56,26,52,50,56,53,51,64,63,42,72,71,72,52,43,52,48,46,54,45,43,42,12,6,7,14,9,250
PS3699,Argentina,184,75,22,Aldosivi ,44,41,None,63,64,56,51,42,56,33,47,51,40,43,67,72,71,61,62,48,70,58,43,20,22,42,28,32,27,13,9,14,8,11,250
PS3700,Australia,189,81,26,Adelaide United ,59,56,None,46,49,40,52,63,38,48,54,53,53,50,62,69,74,66,66,68,77,55,60,59,54,52,41,56,50,9,10,6,11,7,250
PS3701,Korea Republic,182,77,24,Seongnam FC ,64,56,None,54,58,60,58,50,64,61,52,40,64,62,62,68,66,67,60,61,61,53,45,45,51,45,36,45,39,7,8,12,12,11,250
PS3702,Germany,192,86,23,SpVgg Bayreuth ,56,22,None,63,66,47,49,17,56,28,51,39,51,35,58,66,79,70,67,71,54,59,32,21,26,26,29,33,22,14,13,6,10,11,250
PS3703,Canada,185,76,23,HamKam Fotball ,45,27,None,56,59,66,53,23,55,33,46,20,45,33,50,60,92,74,50,50,86,56,37,21,24,21,23,38,26,14,13,9,7,6,250
PS3704,Bolivia,180,71,21,O. Petrolero ,61,54,None,63,64,55,52,48,53,45,44,39,64,61,67,60,61,73,69,59,57,53,53,34,31,35,32,47,33,5,8,7,9,11,250
PS3705,Austria,187,78,22,SK Sturm Graz ,43,33,None,63,65,69,53,24,56,32,46,23,43,38,62,65,69,63,72,55,67,60,39,26,25,29,29,38,26,6,10,5,9,13,250
PS3706,Saudi Arabia,167,63,34,Al Tai ,61,67,None,49,41,57,57,59,45,58,58,54,62,60,80,56,47,84,70,83,58,43,49,47,40,45,32,45,49,10,7,8,13,13,250
PS3707,Denmark,184,74,23,Silkeborg IF ,60,63,,55,56,56,52,54,52,49,50,59,51,44,74,62,59,65,77,75,70,44,41,33,34,48,32,32,23,9,10,10,5,14,240
PS3708,Sweden,175,70,23,Mjällby AIF ,60,57,,54,56,52,56,56,56,55,56,44,61,58,63,61,47,71,65,72,57,45,52,53,50,47,39,51,48,15,12,10,11,6,240
PS3709,DR Congo,197,97,21,RFC Seraing ,48,37,None,58,62,69,60,26,52,33,40,33,47,42,64,64,78,47,70,51,68,60,45,21,24,24,25,32,21,15,7,9,13,8,240
PS3710,Guinea,182,75,18,Borussia Dortmund ,65,67,None,62,65,56,59,49,57,58,59,47,64,66,66,55,68,71,68,77,64,59,58,39,34,53,40,39,44,6,6,10,10,14,240
PS3711,England,175,75,34,Bradford City ,61,57,None,62,64,68,62,55,61,61,64,63,64,65,44,52,62,54,38,52,71,45,68,56,60,65,66,62,40,12,14,9,10,10,240
PS3712,United States,191,84,24,LA Galaxy ,53,50,None,18,12,51,53,60,15,48,50,32,44,38,63,63,73,48,68,56,64,60,63,60,52,42,28,61,57,14,14,9,13,7,240
PS3713,Republic of Ireland,175,68,35,Accrington ,62,57,None,60,61,72,60,58,63,59,62,51,62,61,36,55,70,68,34,57,72,59,58,46,46,40,42,52,40,12,15,14,13,14,240
PS3714,France,174,69,22,OM ,60,49,None,54,56,62,63,42,49,49,52,53,66,60,52,71,52,72,60,63,61,48,57,33,41,52,44,48,37,14,5,13,6,6,240
PS3715,China PR,185,75,37,Shenzhen FC ,65,62,None,51,52,61,60,70,48,73,67,63,68,66,58,54,74,74,59,54,75,70,70,61,62,65,60,72,63,11,10,9,7,9,240
PS3716,Germany,174,67,22,Tranmere Rovers ,60,58,None,24,33,42,59,57,20,53,55,56,55,45,66,48,42,69,62,71,59,55,62,60,59,54,45,55,56,6,12,8,12,12,240
PS3717,India,182,78,25,Jamshedpur FC ,56,54,None,17,14,35,54,60,12,52,50,49,46,41,67,67,70,53,72,66,73,55,55,60,55,48,53,59,56,12,8,11,5,6,240
PS3718,Australia,189,80,20,Brisbane Roar ,55,55,None,59,59,63,55,45,57,47,54,47,55,54,71,66,75,68,71,65,72,53,49,32,33,46,35,34,39,13,6,15,7,15,240
PS3719,Romania,185,90,33,FC Voluntari ,13,6,None,13,13,18,62,7,8,41,28,12,23,17,40,32,44,49,41,45,60,14,50,8,9,10,12,18,8,62,61,62,66,62,240
PS3720,Slovakia,181,75,22,Wisła Płock ,62,57,None,44,54,57,63,49,57,47,41,53,64,57,67,72,58,72,69,63,68,49,52,41,51,49,51,55,48,15,10,14,12,12,240
PS3721,Australia,176,70,23,Western United ,64,62,None,51,54,51,52,54,50,67,60,59,60,58,64,57,58,63,52,66,49,46,47,55,39,44,38,59,36,7,14,7,10,12,240
PS3722,Hungary,180,75,24,SC Austria ,65,68,None,51,49,57,52,55,47,52,52,45,67,63,69,53,59,71,65,72,70,53,59,40,51,39,33,43,41,8,11,14,11,15,240
PS3723,Germany,183,79,20,Leverkusen ,63,56,None,58,63,62,47,39,58,48,49,48,65,63,65,52,59,63,55,66,68,56,52,41,40,44,40,48,40,7,9,9,11,8,240
PS3724,Switzerland,174,71,28,FC Winterthur ,57,57,None,59,59,65,58,53,54,41,44,55,40,42,75,67,52,80,75,63,55,44,31,29,28,48,31,41,24,11,16,16,8,12,240
PS3725,Northern Ireland,188,85,26,Stockport ,43,53,None,59,60,64,55,35,58,47,55,31,50,45,66,67,75,57,71,61,77,60,27,21,25,35,22,31,20,10,10,7,10,13,240
PS3726,Germany,188,78,26,SpVgg Bayreuth ,57,22,None,64,67,51,54,21,49,23,47,42,52,39,66,69,64,59,64,36,80,63,33,15,22,21,31,38,24,10,14,7,9,9,240
PS3727,Portugal,188,79,21,GD Chaves ,40,32,None,66,65,48,55,44,60,33,50,33,38,36,55,68,66,60,55,58,70,61,43,22,26,32,35,38,33,10,13,9,8,13,240
PS3728,England,178,73,20,Liverpool ,42,54,None,65,67,51,51,60,53,42,42,60,55,53,69,59,52,58,68,56,55,50,36,30,36,46,36,43,31,7,10,9,12,14,240
PS3729,Spain,186,80,19,Sevilla FC ,13,10,None,12,11,28,58,6,10,35,30,12,28,21,33,26,61,35,25,27,55,13,46,5,8,10,12,11,6,60,62,63,61,58,240
PS3730,France,178,68,20,KAS Eupen ,65,62,None,60,64,68,56,41,62,49,53,51,65,60,65,34,54,70,63,62,54,54,53,39,36,52,41,45,38,11,7,14,14,11,240
PS3731,Norway,188,80,21,Silkeborg IF ,58,52,None,55,59,58,55,51,56,44,51,56,55,51,64,66,72,54,69,60,79,56,48,31,35,48,32,34,28,13,9,12,7,10,240
PS3732,Poland,187,79,24,Pogoń Szczecin ,56,58,None,46,48,43,53,55,21,59,61,56,61,49,77,49,58,64,78,56,56,52,58,57,42,47,46,45,51,10,7,14,12,9,240
PS3733,Morocco,198,85,23,R. Racing Club ,53,56,None,19,23,37,56,59,24,49,51,34,50,39,59,51,75,41,55,50,62,55,63,61,55,43,31,59,49,6,5,9,5,9,240
PS3734,Canada,185,82,22,Toronto FC ,56,55,None,14,13,26,52,54,14,47,43,25,43,29,63,56,70,61,65,54,63,56,64,60,57,48,53,59,53,7,8,12,14,5,240
PS3735,France,188,77,21,FC Nantes ,49,35,None,64,66,76,49,29,54,26,40,30,38,29,62,41,72,30,51,58,33,73,42,28,35,26,24,32,38,14,6,14,8,11,240
PS3736,Georgia,193,77,19,Adana Demirspor ,59,60,None,32,34,47,53,59,17,48,45,40,58,50,68,52,74,58,71,59,61,63,60,65,57,59,41,67,57,14,11,10,12,10,240
PS3737,Chile,170,71,22,Everton de Viña ,59,53,None,60,57,60,58,58,52,39,42,56,55,43,65,62,62,71,69,70,62,39,47,36,22,41,23,30,20,9,8,6,9,6,240
PS3738,England,188,72,20,Carlisle United ,58,53,None,59,55,58,54,41,54,43,60,53,59,50,64,65,57,58,70,65,62,53,46,29,29,39,36,43,31,13,13,15,5,9,240
PS3739,Scotland,178,70,23,Fleetwood Town ,56,59,None,43,41,49,53,48,33,55,59,53,60,53,78,36,41,67,76,64,55,47,60,48,46,59,50,56,50,8,10,12,10,9,240
PS3740,China PR,177,74,30,Guangzhou City ,55,60,None,35,28,39,55,57,15,57,52,56,55,57,76,71,58,61,74,83,57,59,55,59,46,52,48,57,50,13,9,6,12,7,240
PS3741,France,180,75,24,En Avant Guingamp ,63,63,None,17,19,81,45,50,11,51,57,54,49,42,87,41,64,74,77,75,52,38,42,56,42,51,63,49,48,7,9,7,9,7,240
PS3742,Nigeria,180,73,22,Accrington ,59,64,None,31,40,58,49,54,20,47,52,48,51,46,68,57,68,65,75,61,63,52,59,61,55,52,51,49,51,13,9,13,14,6,240
PS3743,Korea Republic,190,79,22,Incheon United ,63,58,None,25,30,42,53,58,25,48,45,34,53,29,55,53,64,48,55,54,66,66,51,61,47,39,29,56,45,10,5,6,7,14,240
PS3744,Uruguay,173,65,18,Liverpool ,53,57,None,49,53,63,66,52,56,62,64,39,66,60,58,66,44,62,57,68,44,50,49,45,58,45,47,43,46,6,13,10,5,15,240
PS3745,Estonia,179,72,23,St. Pats ,58,57,None,54,55,63,56,55,55,57,58,41,62,54,56,73,71,68,55,60,58,50,53,52,51,44,45,50,26,11,11,9,10,8,240
PS3746,Wales,188,80,20,Cardiff City ,60,57,None,54,57,58,56,50,60,60,54,49,61,60,65,66,68,59,63,60,60,54,57,39,50,50,45,46,37,12,6,14,5,10,240
PS3747,Australia,183,77,23,Adelaide United ,55,56,None,53,55,61,53,53,51,45,51,50,53,47,67,81,74,66,69,63,70,50,37,38,35,45,31,38,33,6,8,11,13,9,240
PS3748,Germany,178,70,19,1. FSV Mainz 05 ,62,65,None,21,30,36,51,54,26,51,54,51,55,47,68,49,53,68,67,69,52,51,71,60,63,62,57,65,63,6,12,10,12,10,240
PS3749,England,175,81,30,Hartlepool ,58,57,None,19,27,47,56,55,35,52,54,55,52,40,87,70,58,84,88,81,33,40,55,54,47,52,50,53,51,13,14,7,11,9,240
PS3750,England,173,70,28,Gillingham ,57,59,None,55,57,63,53,51,55,54,54,56,56,51,70,70,64,77,72,73,67,52,52,48,44,47,41,42,43,11,14,7,8,15,240
PS3751,Wales,175,70,22,Cheltenham Town ,58,59,None,30,32,37,55,54,35,54,51,36,55,49,84,63,52,68,81,60,49,52,59,58,55,54,39,58,55,8,6,12,8,13,240
PS3752,Georgia,176,72,34,Apoel FC ,66,39,None,54,60,56,70,50,60,54,60,42,72,57,62,68,56,74,60,72,51,40,33,32,39,49,45,52,29,12,11,6,16,15,240
PS3753,Poland,195,81,22,Wisła Płock ,54,55,None,13,16,32,51,58,10,39,47,29,44,35,67,52,71,62,76,58,52,57,58,60,51,48,29,49,49,10,8,14,11,9,240
PS3754,Germany,191,82,21,Hallescher FC ,55,45,None,57,61,55,59,29,55,32,44,26,59,57,55,56,72,46,63,46,74,60,35,20,20,26,26,35,24,10,12,6,14,8,240
PS3755,Romania,175,72,25,FC Petrolul ,50,52,None,54,54,50,57,40,52,51,58,56,60,55,76,59,60,70,79,78,68,45,58,35,38,53,30,42,29,6,13,7,9,13,240
PS3756,Republic of Ireland,180,72,23,Bohemian FC ,55,52,None,23,14,41,56,59,20,57,55,34,50,35,75,55,63,74,77,55,69,52,60,58,52,48,34,60,49,8,6,11,12,8,240
PS3757,Ecuador,179,69,27,Barcelona SC ,57,64,None,59,57,61,51,40,55,34,39,63,54,48,62,64,67,57,66,58,63,49,56,39,36,51,43,42,35,40,66,65,40,49,240
PS3758,Finland,185,74,24,HJK Helsinki ,58,60,None,50,52,48,56,55,55,54,50,56,54,52,77,62,57,67,78,66,62,42,57,51,47,51,36,35,31,8,14,8,5,14,240
PS3759,Norway,185,74,33,Sarpsborg 08 ,14,12,None,13,23,13,55,20,19,48,13,20,13,13,22,34,65,31,28,27,59,16,47,12,13,20,21,22,10,63,64,61,62,65,240
PS3760,Romania,187,81,32,CS Mioveni ,58,65,None,20,15,43,62,52,46,63,47,66,48,40,67,66,80,60,66,62,77,44,64,52,62,47,43,43,41,7,11,9,13,11,240
PS3761,Korea Republic,185,78,33,Suwon FC ,18,12,None,14,16,16,56,18,24,54,56,16,23,17,56,33,62,56,50,37,54,13,43,11,18,11,17,24,19,60,63,64,57,64,240
PS3762,Italy,181,72,20,Ascoli ,62,53,None,51,57,65,68,39,63,56,61,49,67,59,72,60,62,69,76,66,71,52,58,44,53,60,57,53,52,14,10,12,6,11,240
PS3763,Portugal,185,75,20,Boavista FC ,41,33,,65,70,46,54,27,56,25,46,26,49,45,63,64,78,63,55,45,71,55,39,21,24,26,26,39,25,7,6,12,13,11,230
PS3764,Chile,173,67,19,Everton de Viña ,60,54,,57,59,62,57,57,54,31,53,56,49,26,73,62,61,77,74,70,64,39,34,27,21,43,26,35,27,8,8,14,7,8,230
PS3765,Indonesia,194,86,20,Cheltenham Town ,47,35,None,58,60,56,56,25,58,28,53,26,44,33,62,62,81,35,55,40,66,62,30,22,18,28,29,38,20,11,8,8,5,7,230
PS3766,Wales,179,69,22,Livingston ,58,56,None,59,60,57,58,48,60,47,44,55,55,53,70,60,66,80,61,70,64,52,45,31,35,51,42,50,34,10,6,5,7,6,230
PS3767,Republic of Ireland,185,76,25,UCD AFC ,42,38,None,57,60,64,54,25,53,38,59,22,54,50,34,70,78,52,39,34,77,61,40,20,21,24,23,33,28,10,13,6,7,6,230
PS3768,Republic of Ireland,188,85,34,AFC Wimbledon ,49,35,None,62,63,67,63,31,61,37,60,30,53,49,32,57,80,43,33,43,71,64,50,16,25,27,30,32,18,16,15,9,9,6,230
PS3769,France,179,83,37,Stade Lavallois ,63,62,None,63,65,63,71,65,62,63,64,63,68,65,36,91,83,76,54,70,81,36,55,48,53,55,64,60,30,11,9,12,15,6,230
PS3770,France,197,80,24,SC Bastia ,52,40,None,64,69,52,51,32,59,40,45,29,49,41,69,58,70,49,66,65,61,53,40,19,25,30,22,32,28,14,13,6,6,7,230
PS3771,Argentina,185,79,20,Rosario Central  ,41,35,None,68,65,54,48,30,59,31,43,32,37,40,57,65,72,57,61,42,74,57,43,24,22,31,29,47,27,14,8,12,11,14,230
PS3772,England,176,67,36,Accrington ,61,63,None,49,58,41,63,60,57,59,61,61,58,54,74,64,52,81,77,82,69,55,64,59,61,50,56,57,56,10,12,16,15,10,230
PS3773,Belgium,186,81,21,Lecce ,36,40,None,62,57,63,59,45,63,44,41,48,41,39,63,66,68,48,66,54,62,51,35,32,33,45,51,52,36,8,10,6,10,13,230
PS3774,England,179,63,19,Tranmere Rovers ,60,61,None,55,59,47,54,52,48,60,61,58,66,64,65,53,48,68,60,63,54,41,60,52,58,58,62,49,55,15,11,12,10,13,230
PS3775,France,183,83,34,SC Bastia ,54,33,None,56,61,72,60,39,60,38,57,56,62,58,66,71,74,61,60,68,80,63,34,30,29,48,22,37,12,6,7,9,10,8,230
PS3776,Spain,180,75,19,RC Celta ,63,65,None,28,24,29,50,52,25,53,50,60,52,55,64,44,54,58,66,60,43,40,65,62,55,45,36,52,42,9,14,9,7,15,230
PS3777,Switzerland,187,71,19,OM ,58,71,None,28,23,27,57,42,23,56,47,55,52,44,69,52,51,49,71,62,42,48,56,63,49,50,44,55,49,14,13,11,6,13,230
PS3778,Sweden,190,85,28,IFK Värnamo ,56,40,None,55,60,58,56,43,57,42,56,38,60,57,52,68,82,56,51,44,58,61,56,28,32,38,42,42,38,10,7,14,10,14,230
PS3779,Benin,173,70,22,Amiens SC ,53,40,None,55,60,54,54,45,51,39,40,53,55,50,77,64,60,82,72,63,64,49,37,26,32,29,33,34,26,9,10,11,8,13,230
PS3780,Germany,184,74,19,Hallescher FC ,54,55,None,53,55,54,55,49,56,50,52,53,54,55,74,70,59,60,73,70,65,52,56,46,49,53,44,43,47,8,12,8,12,9,230
PS3781,Denmark,181,74,22,Silkeborg IF ,64,58,None,55,59,55,56,53,54,53,58,50,64,61,58,62,59,63,61,65,62,51,55,45,44,43,43,35,43,12,15,11,7,14,230
PS3782,Republic of Ireland,185,74,29,Wrexham AFC ,58,57,None,31,38,40,56,57,34,43,58,47,50,40,70,66,72,57,71,59,65,58,58,58,56,34,44,60,57,13,15,9,13,14,230
PS3783,Belgium,175,76,21,KAS Eupen ,62,60,None,53,58,55,48,52,54,58,57,51,61,57,71,58,53,73,66,73,69,41,54,53,56,48,51,52,46,10,7,5,13,14,230
PS3784,England,187,79,20,SC Paderborn 07 ,43,47,None,67,70,57,53,29,58,37,50,43,48,44,67,56,60,72,61,59,61,59,45,23,32,39,36,43,32,13,13,7,12,14,230
PS3785,Uruguay,186,75,18,Liverpool ,15,7,None,10,10,26,63,8,14,25,38,11,17,35,22,22,49,35,30,22,52,14,51,7,7,13,13,14,8,59,63,57,68,58,230
PS3786,Ivory Coast,179,70,21,Parma ,63,57,None,52,56,58,56,49,47,57,51,35,63,60,60,57,56,61,64,58,65,49,63,31,56,51,54,39,34,15,8,6,12,7,230
PS3787,Ghana,178,71,21,Kristiansund BK ,56,58,None,58,58,54,48,48,52,46,52,56,54,52,78,60,56,74,77,78,56,45,54,42,45,55,45,45,44,15,13,10,12,9,230
PS3788,France,183,72,29,SC Bastia ,22,18,None,20,14,26,63,17,23,20,58,14,26,27,49,20,60,60,54,34,61,18,44,17,14,17,17,20,13,60,60,61,58,60,230
PS3789,Australia,173,68,19,Sydney FC ,63,65,None,36,30,55,54,54,36,53,55,45,54,51,75,48,43,86,74,68,54,31,50,54,49,49,39,41,39,12,12,15,15,11,230
PS3790,Mali,186,66,19,FC Nordsjælland ,66,58,None,40,41,38,50,51,41,58,61,44,64,54,72,51,48,73,70,76,53,39,49,45,43,45,40,35,40,6,6,7,6,7,230
PS3791,Belgium,185,80,34,Cercle Brugge ,33,16,None,9,10,24,61,14,15,43,41,18,37,36,30,26,57,35,34,41,51,16,49,14,18,17,9,29,17,70,63,63,65,63,230
PS3792,England,183,73,27,Stockport ,54,55,None,56,58,60,54,56,57,54,58,43,55,52,65,73,78,67,71,66,78,54,51,39,46,42,38,41,31,10,8,8,15,15,230
PS3793,Republic of Ireland,191,79,25,Bradford City ,50,52,None,58,60,59,53,24,57,34,57,51,56,53,38,63,75,38,35,44,70,61,46,34,28,42,26,31,22,5,10,11,11,12,230
PS3794,Germany,192,81,34,SV Meppen ,56,32,None,59,66,67,45,27,59,38,68,22,61,56,45,65,80,55,31,42,70,66,40,24,16,29,27,34,27,15,8,6,10,6,230
PS3795,Peru,181,79,35,Ayacucho ,60,61,None,23,24,44,65,66,30,45,75,42,54,68,74,65,71,65,72,65,73,51,63,67,64,52,51,50,45,11,10,8,14,11,230
PS3796,Estonia,185,79,27,Sligo Rovers ,57,59,None,21,19,49,55,59,24,58,57,53,53,47,60,59,59,58,64,53,61,58,56,60,58,49,45,52,45,13,6,10,9,14,230
PS3797,Sweden,185,81,24,IFK Värnamo ,52,45,None,59,60,56,57,34,57,39,46,25,50,48,62,63,68,57,64,49,72,59,33,22,27,25,27,37,28,9,10,9,11,6,230
PS3798,England,167,73,21,Wycombe ,53,58,None,46,51,42,61,57,47,60,55,55,54,52,80,73,71,84,82,82,56,42,56,48,50,51,51,45,49,9,12,11,9,14,230
PS3799,Korea Republic,186,76,22,FC Seoul ,49,42,None,57,61,44,50,27,58,36,44,25,54,56,69,58,73,56,66,52,78,58,38,34,26,22,23,39,30,11,12,14,9,10,230
PS3800,United States,184,75,21,New York City FC ,62,64,None,57,61,56,62,52,59,54,39,45,68,60,50,31,58,61,44,56,58,46,46,38,40,54,32,42,31,7,13,12,9,11,230
PS3801,Scotland,183,75,17,Aston Villa ,56,51,None,23,22,36,56,60,18,51,57,42,53,40,58,46,60,61,53,50,62,61,54,68,61,42,36,72,44,12,8,10,8,7,230
PS3802,Sweden,192,92,25,IK Sirius ,51,38,None,57,59,56,52,26,55,31,39,27,57,41,50,57,80,52,52,34,66,62,45,22,30,29,28,31,33,6,12,6,8,12,230
PS3803,Argentina,169,64,27,Patronato ,61,65,,35,32,37,49,49,22,50,53,56,51,45,70,55,34,72,69,68,48,47,60,55,48,45,41,57,64,11,7,6,10,8,220
PS3804,Sweden,184,77,20,Hammarby IF ,63,62,,54,56,58,54,45,56,55,50,46,64,60,64,63,66,60,61,62,58,50,52,42,42,46,44,40,41,7,15,11,5,6,220
PS3805,Germany,194,80,23,Hannover 96 ,16,10,None,12,14,19,53,6,8,40,33,11,24,25,22,23,35,24,29,23,30,12,46,8,9,13,14,10,9,58,61,59,61,62,220
PS3806,Germany,176,71,17,FC Bayern München ,66,62,None,28,23,48,45,61,24,59,48,55,57,46,63,41,48,70,56,71,46,57,65,60,61,64,55,60,65,10,12,12,10,8,220
PS3807,Korea Republic,184,85,23,Gangwon FC ,10,11,None,12,14,27,49,6,12,33,26,10,25,24,20,26,64,43,28,37,57,11,41,8,8,12,13,14,7,62,59,58,54,63,220
PS3808,China PR,187,80,33,Wuhan FC ,45,25,None,60,59,59,59,34,58,36,47,30,56,50,55,84,81,63,43,54,70,58,52,20,22,31,22,30,20,11,13,6,8,8,220
PS3809,Finland,184,78,20,SC Freiburg II ,60,58,None,48,54,56,55,57,53,58,49,42,61,58,68,59,58,62,61,59,62,51,47,49,48,37,34,37,30,14,5,7,14,10,220
PS3810,France,194,82,22,Grasshopper Club ,19,14,None,11,15,29,57,7,15,44,42,13,31,26,24,29,64,24,26,36,38,14,42,9,8,16,15,14,7,58,60,57,56,62,220
PS3811,Serbia,179,76,20,SC Austria ,63,66,None,41,35,47,50,42,23,55,60,44,58,52,70,53,58,68,72,67,60,36,53,54,38,48,45,48,43,14,12,12,13,8,220
PS3812,France,170,55,18,Montpellier ,67,63,None,26,27,55,45,51,22,49,53,54,50,44,74,49,50,91,75,72,58,48,62,58,41,48,42,61,53,6,11,7,10,6,220
PS3813,Spain,182,75,20,Rayo Vallecano ,59,32,None,62,64,54,50,43,56,42,46,38,58,54,63,55,65,62,68,55,68,60,38,21,25,28,27,34,21,13,7,7,5,9,220
PS3814,Chile,170,70,32,Ñublense ,30,24,None,62,67,60,56,29,57,27,43,31,55,40,30,31,78,32,34,31,70,63,35,21,27,24,18,20,25,8,10,10,13,13,220
PS3815,France,189,78,21,Sunderland ,57,57,None,56,57,62,53,45,55,59,58,37,59,58,62,69,75,55,65,41,69,53,58,43,56,48,50,47,33,12,14,14,15,8,220
PS3816,India,174,70,30,FC Goa ,49,48,None,60,62,68,45,44,53,42,46,50,49,44,71,90,66,73,73,67,70,40,50,24,30,49,31,32,35,8,14,5,10,14,220
PS3817,Saudi Arabia,187,85,26,Al Adalah ,39,27,None,59,60,71,50,28,50,32,46,31,48,43,65,60,81,34,73,44,73,59,41,16,21,31,22,31,29,7,9,10,9,13,220
PS3818,United States,168,60,20,Chicago Fire FC ,63,56,None,26,28,33,39,57,25,48,47,55,55,51,75,60,37,88,68,75,48,40,45,52,39,52,40,52,48,11,13,13,9,9,220
PS3819,Germany,171,70,18,Heidenheim ,62,62,None,37,38,41,53,54,35,56,54,59,58,57,67,64,46,72,67,73,74,53,56,60,59,58,55,56,53,6,9,12,15,6,220
PS3820,England,180,72,31,Tranmere Rovers ,61,59,None,57,59,66,57,53,55,59,60,53,61,60,56,59,53,75,63,78,69,46,60,54,62,64,52,51,59,4,5,4,14,9,220
PS3821,Kosovo,192,85,23,FC Winterthur ,10,6,None,14,14,17,41,6,12,30,38,14,24,24,16,27,61,32,25,35,32,10,45,5,9,11,14,17,5,57,63,61,60,62,220
PS3822,Belgium,184,78,22,RSC Anderlecht ,18,13,None,13,14,26,58,9,7,25,27,9,29,16,17,29,62,28,28,31,31,11,44,8,6,12,10,11,4,54,64,55,59,64,220
PS3823,Austria,173,67,20,SK Sturm Graz ,59,61,None,52,54,72,49,45,54,48,49,55,57,56,76,54,46,82,77,81,70,37,54,46,45,45,44,37,39,11,9,6,14,6,220
PS3824,Netherlands,199,95,23,FC Groningen ,18,9,None,10,10,27,61,5,13,26,30,14,29,28,18,21,75,27,19,22,38,13,44,7,9,12,10,13,9,60,59,58,58,56,220
PS3825,Germany,182,74,18,Düsseldorf ,56,54,None,55,57,54,56,49,57,47,56,57,56,50,68,64,59,61,68,64,59,49,44,39,35,46,49,55,30,10,6,13,11,13,220
PS3826,England,175,67,20,Colchester ,58,56,None,55,59,64,52,49,56,53,57,48,61,55,72,69,62,82,70,73,44,43,55,53,54,55,53,48,48,10,11,9,6,15,220
PS3827,Argentina,184,71,22,Banfield ,13,11,None,12,15,22,60,7,13,40,21,11,26,17,27,19,56,45,26,29,60,15,42,5,8,14,13,15,7,58,60,54,56,63,220
PS3828,Australia,182,72,23,Macarthur FC ,54,54,None,51,55,60,55,60,53,53,49,52,54,48,66,68,65,63,69,66,75,55,60,55,50,48,39,56,48,6,12,7,13,9,220
PS3829,Sweden,178,71,20,IFK Norrköping ,60,57,None,50,56,57,56,56,56,55,46,47,62,59,65,66,60,72,68,71,69,48,44,39,40,34,38,33,33,7,8,9,12,7,220
PS3830,Bolivia,178,74,35,Royal Pari ,65,70,None,35,42,44,67,70,22,70,62,52,72,62,49,49,50,73,65,68,49,51,52,58,61,73,77,60,44,17,13,17,17,17,220
PS3831,Venezuela,185,82,22,Caracas F.C. ,16,9,None,11,14,22,60,9,14,27,35,15,17,21,19,17,63,44,26,24,59,12,46,6,7,11,12,20,9,60,61,57,61,57,220
PS3832,Poland,187,82,22,Korona Kielce ,10,11,None,11,12,28,35,7,6,34,46,10,18,15,32,21,75,25,26,27,30,14,45,9,8,13,11,11,7,63,60,64,60,60,220
PS3833,Germany,172,69,20,Gaziantep ,58,63,None,60,63,49,55,49,52,38,43,52,58,57,61,57,45,61,64,59,61,53,54,32,45,44,33,48,33,8,6,7,12,11,220
PS3834,Estonia,185,78,30,CS Mioveni ,60,57,None,48,53,57,55,55,53,62,65,60,63,61,66,66,68,59,63,57,62,52,66,49,57,60,44,48,59,6,7,12,7,9,220
PS3835,Iran,198,92,32,Chennaiyin FC ,45,30,None,62,63,51,52,38,62,30,53,37,50,42,55,72,87,30,54,34,69,56,46,24,26,30,31,40,30,10,7,7,10,10,220
PS3836,Netherlands,195,82,23,Sparta Rotterdam ,13,14,None,10,13,19,57,8,9,31,25,14,29,24,15,25,49,46,27,25,62,13,41,6,6,14,14,18,5,58,60,59,55,59,220
PS3837,Spain,174,70,36,UD Ibiza ,62,55,None,61,64,65,65,53,62,46,56,60,53,48,71,80,61,78,67,72,71,40,54,41,33,59,46,48,30,14,15,9,14,8,220
PS3838,Korea Republic,176,69,29,Seongnam FC ,50,52,None,60,63,70,57,53,56,38,54,48,52,35,78,60,54,75,67,71,60,40,25,21,23,43,33,38,20,5,6,11,11,6,220
PS3839,Romania,187,81,39,FC Rapid 1923 ,62,55,None,61,67,87,67,65,65,66,61,63,65,65,47,68,79,57,40,50,73,66,76,60,70,69,65,73,53,12,8,13,16,8,220
PS3840,Germany,180,75,18,FC Augsburg ,57,60,None,58,60,57,54,48,58,40,45,61,58,52,60,55,55,65,63,65,55,54,33,34,42,63,42,47,28,10,12,14,12,15,220
PS3841,Korea Republic,180,76,23,Suwon FC ,50,53,None,56,55,53,55,36,54,40,47,54,46,40,61,66,57,64,60,58,75,52,36,35,39,43,23,33,33,14,7,8,14,13,220
PS3842,Saudi Arabia,173,76,30,Al Wehda ,49,52,None,57,55,66,52,49,53,40,46,54,53,51,78,85,62,73,74,73,71,45,51,37,35,44,27,37,30,11,14,13,6,12,220
PS3843,China PR,188,79,32,Cangzhou FC ,53,52,None,56,57,64,53,49,58,52,48,36,59,55,51,70,83,50,54,59,80,64,34,32,42,33,32,32,42,13,11,9,15,8,220
PS3844,Switzerland,184,80,22,Servette FC ,38,37,,60,62,46,50,30,56,32,44,42,46,47,66,65,70,59,67,55,75,60,43,21,28,28,23,38,27,13,13,8,12,11,210
PS3845,Ecuador,175,70,35,9 de Octubre FC ,64,63,,61,63,61,61,35,60,45,69,55,61,51,67,65,64,77,67,65,63,60,40,48,40,58,60,55,50,11,14,11,11,11,210
PS3846,Brazil,182,79,22,FC Dallas ,60,45,,56,58,55,48,48,55,37,50,52,31,45,73,64,64,63,57,52,57,65,65,21,63,27,38,37,23,8,7,12,8,11,210
PS3847,South Africa,181,81,36,Kaizer Chiefs ,30,29,None,15,16,32,60,14,24,70,41,20,31,50,35,25,70,48,35,58,71,14,68,16,20,19,38,49,13,68,70,68,90,75,210
PS3848,Switzerland,189,80,20,FC Lugano ,45,29,None,60,62,55,50,28,56,27,41,31,51,42,64,61,73,50,55,51,75,59,38,23,24,30,29,36,28,11,12,9,9,5,210
PS3849,Sweden,189,84,23,IFK Norrköping ,52,45,None,58,59,53,54,20,57,32,50,25,50,46,59,53,64,57,53,54,73,55,41,28,32,23,27,28,25,8,6,12,12,11,210
PS3850,Norway,178,64,22,Tromsø IL ,56,53,None,52,54,52,52,46,50,46,48,56,53,46,73,65,56,75,73,74,68,45,52,35,33,52,42,35,34,10,6,9,15,7,210
PS3851,Republic of Ireland,188,87,20,Crawley Town ,39,57,None,59,65,56,58,33,56,40,54,48,52,39,70,66,64,58,72,51,68,58,52,24,22,30,29,47,35,12,15,6,11,9,210
PS3852,Germany,186,81,25,Fürth  ,19,10,None,11,11,29,52,10,9,29,36,11,16,22,26,20,62,37,30,25,46,15,44,6,8,15,10,12,8,56,62,61,59,59,210
PS3853,England,193,97,36,Birmingham City ,23,11,None,11,11,24,70,15,22,39,53,14,25,23,38,36,71,22,43,23,68,12,54,7,15,13,13,18,11,71,70,68,72,72,210
PS3854,Germany,195,85,24,FC Augsburg ,17,13,None,13,12,18,54,3,3,26,20,12,16,22,19,18,38,28,24,34,38,14,44,6,6,14,11,19,9,56,64,55,59,62,210
PS3855,England,185,74,22,Spurs ,47,37,None,55,60,59,52,30,58,39,49,36,51,43,54,47,67,63,49,48,63,59,42,24,23,33,28,47,30,8,6,10,9,6,210
PS3856,France,175,68,22,Clermont Foot 63 ,57,54,None,56,60,60,56,59,56,62,60,40,63,58,69,46,35,73,63,71,63,42,50,45,42,48,50,48,42,9,11,10,14,12,210
PS3857,Netherlands,189,74,20,N.E.C. Nijmegen ,47,36,None,59,59,51,57,26,57,29,58,39,44,31,64,50,74,53,52,50,70,61,49,20,25,25,34,41,28,10,8,14,13,7,210
PS3858,England,185,73,20,Hibernian ,48,49,None,57,59,65,57,25,58,40,52,34,50,49,53,65,71,46,50,54,72,61,45,29,30,29,24,35,29,9,14,9,9,14,210
PS3859,Northern Ireland,175,64,21,Fleetwood Town ,57,57,None,52,55,41,53,53,51,54,55,51,58,53,74,66,68,81,72,79,51,43,47,45,49,48,38,52,39,14,15,15,10,14,210
PS3860,Croatia,186,80,20,FC Bayern München ,35,27,None,65,68,68,49,21,51,33,44,35,41,32,54,58,64,46,55,46,56,64,40,21,24,36,29,41,33,8,9,14,12,13,210
PS3861,England,180,82,23,Colchester ,54,57,None,58,58,57,52,54,54,54,51,47,58,52,70,70,69,66,71,59,54,49,49,46,48,34,39,37,39,13,12,6,14,11,210
PS3862,Republic of Ireland,190,70,30,Stockport ,47,42,None,58,59,68,56,28,58,32,54,26,47,45,48,70,73,56,43,52,66,60,35,22,23,31,26,40,25,8,10,7,13,11,210
PS3863,India,179,69,24,ATK Mohun Bagan ,51,49,None,57,58,64,49,34,55,46,47,37,57,55,68,76,74,57,68,67,77,53,48,33,40,39,38,30,32,12,5,10,8,13,210
PS3864,Republic of Ireland,191,76,26,Barrow ,54,53,None,53,55,58,54,39,53,48,49,54,52,51,52,72,70,45,66,50,61,62,42,35,36,51,45,52,43,8,10,9,13,16,210
PS3865,Saudi Arabia,179,75,30,Al Raed ,55,49,None,58,62,69,53,39,57,49,50,47,60,57,34,68,74,40,38,60,72,58,61,42,45,40,37,43,31,5,14,8,6,8,210
PS3866,Germany,178,69,19,1860 München ,66,39,None,59,62,49,51,43,51,48,57,54,63,55,66,68,59,52,63,64,49,44,49,42,41,36,39,49,31,11,13,11,13,14,210
PS3867,Denmark,179,67,19,Randers FC ,63,61,None,57,58,55,57,58,56,56,61,45,65,58,65,53,45,70,63,72,56,38,54,42,39,51,45,42,44,12,11,14,7,5,210
PS3868,Argentina,185,80,24,Gimnasia ,11,14,None,10,13,21,49,8,8,25,37,12,17,29,33,23,46,48,15,29,59,13,43,5,5,10,14,10,9,62,62,58,57,61,210
PS3869,Germany,196,91,19,TSG Hoffenheim ,40,36,None,64,66,50,51,22,61,35,44,34,50,45,60,62,79,35,66,41,60,61,40,21,24,29,29,30,29,15,13,15,9,8,210
PS3870,Spain,178,73,21,Getafe CF ,48,52,None,60,57,54,60,44,59,36,39,59,44,25,55,54,58,72,64,45,66,52,26,22,29,36,32,36,28,10,14,15,11,15,210
PS3871,Republic of Ireland,190,78,22,Walsall ,43,46,None,57,58,56,53,35,55,36,50,36,48,41,55,62,76,54,62,46,63,59,42,29,23,31,30,41,29,10,13,14,12,9,210
PS3872,China PR,193,80,22,China PR ,52,53,None,55,56,61,53,48,51,51,47,51,56,55,70,73,78,65,69,56,71,58,46,40,46,32,32,31,34,9,15,9,9,9,210
PS3873,Australia,178,72,23,Newcastle Jets ,60,57,None,51,56,39,55,53,53,48,52,46,65,60,66,61,60,66,69,59,70,45,52,54,45,38,34,42,40,6,6,14,15,10,210
PS3874,United States,180,77,22,Red Bulls ,52,63,None,51,46,54,46,41,45,35,43,57,59,51,85,75,61,74,85,78,72,41,46,27,25,37,33,37,27,14,6,15,11,6,210
PS3875,England,178,74,18,Southampton ,58,57,None,18,16,51,55,56,18,48,50,46,51,42,70,48,52,65,68,76,59,59,60,62,54,42,37,74,49,11,7,14,15,13,210
PS3876,Poland,181,78,21,Korona Kielce ,52,55,None,55,59,52,55,49,54,41,42,53,42,33,70,66,54,65,67,65,58,49,25,31,34,36,33,38,32,8,6,8,13,5,210
PS3877,France,189,78,20,ESTAC Troyes ,35,31,None,69,68,51,56,28,59,32,45,38,46,39,49,59,66,51,51,35,73,54,42,29,25,33,34,48,34,6,10,12,8,14,210
PS3878,France,168,59,21,AS Saint-Étienne ,54,57,None,59,57,67,54,48,53,35,38,51,52,40,66,59,46,86,62,51,62,45,34,32,25,42,37,43,25,9,7,6,14,15,210
PS3879,Belgium,187,71,21,Cercle Brugge ,48,28,None,61,67,45,54,18,58,51,45,34,56,60,51,31,66,57,54,53,55,54,35,16,25,28,21,32,27,7,11,10,5,5,210
PS3880,Italy,188,80,24,Fiorentina ,19,11,None,13,13,22,46,10,12,40,45,10,16,24,37,25,61,55,37,37,60,14,45,10,12,13,11,15,15,63,60,60,60,60,210
PS3881,Saudi Arabia,175,69,26,Al Fateh ,58,59,None,53,52,37,55,55,51,55,50,62,58,51,69,57,61,66,71,70,59,42,52,36,40,56,51,46,49,12,14,12,8,8,210
PS3882,Saudi Arabia,184,70,32,Ettifaq FC ,21,18,None,19,16,21,61,15,24,55,48,12,29,21,39,37,65,52,37,62,69,15,45,19,15,15,20,15,18,55,67,57,60,64,210
PS3883,Saudi Arabia,175,70,25,Al Khaleej ,54,53,None,56,54,80,50,49,53,33,41,52,47,41,72,61,64,74,79,75,66,42,21,21,23,32,30,35,20,8,13,8,15,15,210
PS3884,Spain,176,70,19,R. Racing Club ,46,60,None,64,61,57,61,48,61,37,41,53,34,28,63,59,46,72,59,50,63,56,29,33,28,39,34,44,31,8,10,6,5,15,210
PS3885,Australia,188,78,24,Finn Harps ,48,33,None,53,57,54,56,29,59,33,48,24,52,44,59,66,72,51,44,44,75,56,38,22,23,21,22,37,21,8,8,12,9,13,210
PS3886,Canada,188,81,22,Whitecaps FC ,35,34,None,57,57,64,50,20,54,34,40,29,44,43,59,46,80,46,76,39,79,60,36,16,22,27,25,33,25,6,14,6,6,7,210
PS3887,Romania,187,81,30,FC Hermannstadt ,32,29,None,59,62,77,59,29,58,30,44,26,25,24,55,68,74,52,54,47,72,64,34,17,19,24,27,32,29,15,10,11,8,13,210
PS3888,Republic of Ireland,175,61,31,Rochdale ,59,52,None,58,57,48,58,57,57,53,55,58,57,56,64,57,62,67,67,71,72,55,60,52,47,49,57,58,43,12,16,8,9,15,210
PS3889,Paraguay,188,83,24,Olimpia ,14,11,None,12,13,24,55,8,6,35,32,11,40,50,33,25,62,34,30,29,44,10,47,7,7,11,14,16,5,55,60,61,62,61,210
PS3890,Wales,185,76,20,Leyton Orient ,52,46,None,58,61,62,57,27,58,42,56,29,49,30,61,50,62,61,57,49,72,60,45,24,30,32,37,49,33,14,14,14,9,7,210
PS3891,Korea Republic,184,83,30,Suwon FC ,40,37,None,61,58,72,51,57,55,35,48,56,51,48,65,52,76,51,67,56,70,54,25,26,29,35,34,35,21,6,11,9,13,14,210
PS3892,Mali,188,79,22,Quevilly Rouen ,52,33,None,59,63,58,47,26,51,30,38,48,43,41,48,37,77,43,56,34,39,65,42,24,25,32,26,31,27,9,6,8,11,15,210
PS3893,Italy,170,68,19,Ascoli ,53,56,None,32,39,46,57,52,36,49,56,53,56,46,80,59,44,85,77,75,48,44,61,56,44,58,54,57,47,10,13,9,14,12,210
PS3894,Netherlands,175,65,20,N.E.C. Nijmegen ,62,61,None,41,47,42,57,47,24,59,58,48,63,61,69,53,45,74,69,64,52,50,55,47,39,59,47,57,53,7,13,9,11,6,210
PS3895,Wales,185,70,25,Forest Green ,20,15,None,10,13,30,50,19,21,40,35,14,35,43,59,20,45,60,55,40,54,14,44,10,14,13,12,26,14,59,60,59,58,63,210
PS3896,Norway,186,80,19,Aalesunds FK ,58,42,None,57,59,57,51,34,59,32,52,34,57,49,64,48,74,62,65,67,68,56,52,36,32,38,31,36,35,12,10,6,10,13,210
PS3897,Saudi Arabia,165,61,29,Al Tai ,62,61,None,45,48,49,51,55,48,47,50,56,55,52,78,36,58,80,75,74,34,41,54,50,52,51,45,46,48,14,8,13,6,14,210
PS3898,Netherlands,190,88,22,RKC Waalwijk ,12,11,,11,13,20,37,7,13,24,36,11,39,35,31,24,47,46,33,24,60,12,48,9,8,10,10,17,6,64,59,57,64,61,200
PS3899,Uruguay,188,80,20,River Plate ,49,49,,61,58,51,45,41,57,40,41,57,47,44,64,63,57,57,65,60,64,44,35,37,36,47,44,44,39,7,13,7,6,8,200
PS3900,Germany,186,75,21,M'gladbach ,15,12,None,10,11,20,44,8,12,44,23,14,15,19,32,18,42,39,33,33,49,11,44,6,9,14,12,11,7,60,60,61,58,62,200
PS3901,Norway,180,70,24,Tromsø IL ,61,62,None,25,25,52,50,50,20,46,58,46,46,36,86,48,64,82,83,76,58,47,57,55,48,42,41,44,49,8,8,8,7,8,200
PS3902,England,180,68,22,Birmingham City ,58,60,None,23,23,34,43,59,19,58,54,44,43,35,71,53,57,69,69,61,46,50,57,60,56,47,50,57,57,11,13,9,15,11,200
PS3903,France,187,72,22,Toulouse FC ,18,9,None,11,14,17,50,8,11,32,22,10,25,20,55,17,52,38,30,38,47,10,43,6,6,10,11,14,9,56,62,59,57,60,200
PS3904,China PR,178,72,30,Tianjin JMT FC ,57,57,None,59,57,64,51,57,53,62,60,52,59,49,68,65,60,71,68,63,78,60,58,58,67,49,52,59,48,9,8,12,6,6,200
PS3905,Canada,183,73,22,CF Montréal ,17,11,None,13,10,27,49,5,14,30,34,13,24,28,35,29,50,34,26,22,55,10,39,9,8,13,10,18,7,55,60,61,52,64,200
PS3906,Poland,185,83,34,Miedź Legnica ,56,49,None,61,62,70,63,50,63,45,60,32,58,55,33,70,74,54,32,46,72,62,59,32,52,52,28,45,50,7,14,11,6,8,200
PS3907,Ivory Coast,181,78,37,SV Elversberg ,68,66,None,30,36,59,64,70,29,63,63,51,51,43,71,58,78,75,66,67,82,53,60,65,52,32,45,49,56,6,6,6,9,14,200
PS3908,Uruguay,187,82,20,River Plate ,19,9,None,12,13,19,61,5,11,24,28,10,19,27,29,22,50,33,17,50,47,12,43,9,6,12,12,16,6,49,64,63,57,60,200
PS3909,Comoros,192,79,22,RC Lens ,19,6,None,11,15,26,54,9,12,28,24,10,22,14,19,23,51,41,22,26,57,16,41,6,7,14,10,11,8,57,61,58,54,58,200
PS3910,Algeria,188,78,21,Dijon FCO ,51,42,None,49,58,48,46,27,56,26,56,29,57,50,58,57,76,54,68,48,70,59,40,26,28,24,28,38,25,7,9,11,13,13,200
PS3911,Venezuela,187,83,39,Dep. La Guaira ,58,64,None,38,40,61,63,65,38,53,66,40,55,42,58,53,79,42,52,52,38,65,65,68,67,41,49,67,58,6,8,15,8,11,200
PS3912,England,187,81,22,Rochdale ,56,57,None,32,44,63,56,56,40,60,57,50,55,36,73,68,60,58,71,72,61,56,60,54,52,47,38,51,50,7,6,13,11,11,200
PS3913,Spain,187,75,21,Elche CF ,15,8,None,12,13,25,50,9,15,25,26,12,15,16,34,30,44,32,18,22,51,11,44,9,10,11,14,15,6,59,59,64,58,61,200
PS3914,France,174,67,23,Angers SCO ,56,65,None,15,22,32,60,49,11,57,47,41,59,46,78,51,34,73,74,74,56,45,63,60,59,53,38,62,56,10,15,9,14,15,200
PS3915,Republic of Ireland,180,73,34,Sligo Rovers ,57,53,None,59,60,75,58,52,59,56,58,54,63,58,46,58,70,49,44,46,54,46,58,41,51,54,56,58,58,15,8,12,8,15,200
PS3916,Republic of Ireland,169,70,34,Colchester ,64,63,None,46,56,68,59,61,50,62,61,64,64,62,51,58,35,77,48,77,66,40,66,59,64,65,65,58,62,12,15,16,6,7,200
PS3917,Morocco,177,67,18,Clermont Foot 63 ,68,67,None,46,33,43,57,46,31,60,58,50,55,59,55,48,41,63,60,56,56,47,65,52,40,60,49,59,45,12,5,9,10,9,200
PS3918,Germany,186,81,21,Düsseldorf ,50,39,None,55,61,55,57,30,54,37,46,32,54,49,55,63,70,60,55,57,72,55,38,35,30,29,31,40,31,6,12,8,6,9,200
PS3919,United States,175,64,18,New England ,67,70,None,38,31,44,54,47,26,57,55,41,57,52,75,54,42,77,71,72,70,36,47,39,37,44,38,42,42,5,15,13,5,11,200
PS3920,Netherlands,180,70,18,Go Ahead Eagles ,61,58,None,51,46,44,54,50,25,65,64,46,64,64,70,50,48,68,66,62,59,53,54,44,38,59,48,58,47,6,7,12,10,8,200
PS3921,Norway,175,65,18,Tromsø IL ,62,61,None,45,46,58,50,56,48,58,55,44,60,56,66,54,36,75,64,76,48,49,45,52,45,42,44,45,38,6,13,12,11,14,200
PS3922,Chile,178,78,39,Antofagasta ,66,68,None,30,33,52,58,56,23,60,73,58,61,42,63,47,69,72,65,43,58,63,66,69,65,59,53,75,64,12,11,14,15,13,200
PS3923,Gibraltar,175,74,23,Wycombe ,54,56,None,28,29,54,54,56,23,52,54,53,51,44,81,62,59,76,77,74,63,51,55,57,52,56,32,56,49,13,15,6,9,15,200
PS3924,Republic of Ireland,181,82,33,Shamrock Rovers ,59,59,None,40,41,65,53,60,38,56,54,50,57,51,77,70,73,63,76,71,51,58,63,56,53,57,50,58,51,8,7,11,7,16,200
PS3925,United States,185,82,22,Inter Miami CF ,60,56,None,31,35,58,53,55,43,49,50,47,52,45,69,51,60,55,68,70,56,55,56,55,62,50,49,51,52,12,10,15,13,9,200
PS3926,China PR,183,70,36,Shanghai Port ,65,65,None,61,62,66,61,60,64,62,66,65,63,63,70,62,70,68,68,66,80,67,59,56,57,69,63,53,55,15,12,15,14,14,190
PS3927,Ghana,170,67,37,Charlotte FC ,68,67,None,62,61,69,64,66,63,67,65,64,66,66,74,67,65,77,70,77,78,55,75,47,59,69,54,53,58,8,8,13,10,11,190
PS3928,France,179,74,19,Strasbourg ,58,61,None,59,55,62,58,43,54,54,41,40,65,56,55,50,53,66,55,67,56,56,54,33,39,41,46,51,35,7,8,12,7,8,190
PS3929,Cameroon,166,62,23,Niort ,57,60,None,20,29,36,42,57,21,46,55,48,54,42,84,48,32,90,79,81,36,39,49,53,41,56,34,56,60,11,13,10,7,13,190
PS3930,Netherlands,187,75,18,FC Groningen ,49,44,None,59,64,54,58,30,60,37,54,29,49,45,58,50,58,55,53,54,62,60,43,25,28,32,34,44,27,12,13,10,14,9,190
PS3931,England,178,74,35,Carlisle United ,62,58,None,38,48,84,61,65,36,56,68,49,55,57,54,37,70,76,50,74,89,63,66,61,64,49,43,69,63,12,10,15,15,15,190
PS3932,Austria,182,82,36,TSV Hartberg ,57,42,None,63,61,66,60,33,63,47,55,32,63,57,58,66,74,63,65,60,79,70,42,29,47,45,27,45,31,16,11,16,10,14,190
PS3933,England,185,73,23,QPR ,59,55,None,49,52,57,63,53,54,53,51,49,62,59,61,64,58,59,62,56,62,47,58,34,50,49,33,47,39,8,7,6,14,11,190
PS3934,Poland,183,82,36,Wisła Płock ,50,52,None,62,61,79,62,52,67,54,67,53,58,58,62,72,81,64,66,74,83,64,62,43,41,39,27,35,41,14,9,16,6,9,190
PS3935,Wales,186,72,20,Newport County ,39,31,None,58,64,62,52,27,56,32,49,25,34,33,51,54,64,53,62,40,68,59,36,21,24,31,27,33,26,13,7,10,13,9,190
PS3936,India,182,72,31,Mumbai City FC ,53,49,None,55,58,61,54,42,59,52,55,41,57,55,59,77,74,54,55,49,64,53,48,38,39,33,47,40,36,5,10,7,6,6,190
PS3937,Albania,173,68,24,IFK Värnamo ,67,70,None,22,29,33,41,42,26,41,46,40,44,38,81,60,53,72,77,84,51,31,51,53,46,64,36,45,43,10,11,7,11,10,190
PS3938,United States,195,81,23,Aberdeen ,57,56,None,45,54,61,58,54,54,56,42,36,64,62,65,65,67,65,54,55,64,45,54,48,47,35,37,41,36,6,11,6,9,15,190
PS3939,Saudi Arabia,172,65,24,Al Tai ,62,59,None,50,53,56,54,52,52,56,48,38,61,60,71,57,49,80,72,56,61,49,48,37,43,33,33,40,33,7,6,12,11,12,190
PS3940,Belgium,180,81,18,Standard Liège ,58,55,None,57,59,59,51,16,54,44,48,37,60,55,69,59,80,61,69,62,68,52,33,15,23,34,20,34,20,11,8,8,11,14,190
PS3941,Sweden,178,70,23,AIK ,62,61,None,29,26,45,45,51,28,52,54,50,57,54,69,52,52,73,64,72,71,31,53,52,48,44,43,48,43,9,14,10,8,8,190
PS3942,Brazil,187,82,38,RC Celta ,15,14,None,15,13,44,71,13,19,64,70,24,33,33,55,41,67,57,54,69,79,20,53,20,12,24,21,24,13,72,80,71,70,77,190
PS3943,Saudi Arabia,185,84,34,Al Fayha ,53,47,None,59,62,64,57,28,57,34,50,48,55,44,39,78,83,47,35,58,80,62,34,18,24,30,28,33,28,14,13,7,11,6,190
PS3944,Brazil,194,85,35,SV Meppen ,47,41,None,55,62,68,53,26,63,35,55,34,52,42,40,35,89,32,39,34,60,67,62,23,21,32,18,29,18,8,6,9,13,15,190
PS3945,England,182,78,19,Fulham ,55,51,None,58,57,71,58,56,64,46,48,44,49,38,63,53,63,52,55,56,57,55,39,32,35,40,38,36,33,5,12,13,13,6,190
PS3946,Poland,182,75,22,Stal Mielec ,60,59,None,36,32,48,55,51,24,56,61,52,58,54,65,48,56,66,64,62,51,39,54,48,48,49,41,46,41,14,10,9,14,12,190
PS3947,Iraq,187,76,21,AFC Wimbledon ,53,54,None,12,14,57,56,58,16,46,56,32,43,32,72,52,63,54,70,63,58,57,53,59,53,38,33,58,39,9,9,5,9,10,190
PS3948,England,184,72,23,Accrington ,56,59,None,41,46,42,46,49,41,48,55,56,48,36,83,53,60,73,82,76,50,41,59,52,48,57,48,42,40,10,6,8,12,11,190
PS3949,England,170,60,23,Grimsby Town ,60,60,None,53,54,44,55,53,50,57,58,42,60,59,64,51,33,83,61,85,52,39,56,53,55,48,39,45,39,6,9,12,6,9,190
PS3950,Spain,182,75,21,Villarreal CF B ,10,8,None,14,11,20,57,6,20,40,22,23,26,25,29,28,46,42,29,60,66,10,41,6,6,11,12,12,7,59,59,57,55,57,190
PS3951,Republic of Ireland,179,74,25,Drogheda United ,53,54,None,28,25,59,61,57,22,51,49,52,53,45,70,61,54,67,66,63,63,40,56,53,52,52,58,45,57,11,8,8,12,10,190
PS3952,France,192,72,18,Udinese ,53,40,None,55,62,55,55,27,59,28,39,33,56,35,65,53,68,57,63,45,68,57,43,24,20,34,26,31,18,14,13,8,5,15,190
PS3953,Republic of Ireland,176,66,33,Carlisle United ,59,58,None,42,47,55,59,58,39,61,61,61,60,58,62,34,43,71,64,72,65,30,62,54,58,63,65,58,61,9,10,14,9,9,190
PS3954,Austria,191,73,19,SK Rapid Wien ,60,57,None,58,56,58,53,34,56,47,44,43,60,57,58,55,59,51,55,53,55,59,51,31,31,36,40,48,31,5,13,9,7,10,190
PS3955,Colombia,182,80,21,Deportes Tolima ,56,51,None,11,19,31,59,53,10,41,41,31,48,31,55,55,68,59,57,53,67,58,53,65,56,38,34,60,46,14,11,14,9,12,190
PS3956,India,167,64,23,Kerala Blasters ,56,55,None,42,43,53,42,53,23,50,42,48,45,40,88,58,37,90,89,80,69,47,55,55,44,47,36,46,49,14,12,7,6,12,190
PS3957,United Arab Emirates,178,54,23,Al Ain FC ,59,58,None,27,29,45,48,46,31,49,55,50,49,49,91,42,42,71,85,78,58,39,45,45,41,47,46,43,41,8,14,13,9,13,190
PS3958,France,182,74,25,Valenciennes FC ,59,62,None,33,31,34,49,51,16,52,47,54,53,51,68,49,55,63,67,59,40,40,52,44,42,41,36,50,47,9,10,15,6,13,190
PS3959,Republic of Ireland,183,72,22,Shamrock Rovers ,57,56,None,51,54,64,57,59,55,59,56,52,56,53,55,65,63,55,57,54,61,55,56,55,54,53,48,52,48,8,5,11,7,13,190
PS3960,France,183,72,22,En Avant Guingamp ,53,56,None,17,22,30,54,59,18,47,48,35,51,37,60,46,56,61,59,61,70,59,58,61,50,44,36,62,48,9,13,9,12,13,190
PS3961,Moldova,191,76,21,FCU 1948 ,56,55,None,20,20,36,52,57,18,47,54,31,47,32,48,50,68,43,59,46,69,62,55,61,46,39,42,56,45,10,5,11,7,11,190
PS3962,Saudi Arabia,169,60,31,Al Khaleej ,61,62,None,51,58,50,55,53,57,55,45,47,60,57,61,60,56,60,58,57,62,43,46,47,50,42,44,43,35,8,6,14,15,7,190
PS3963,North Macedonia,171,65,20,Kasımpaşa ,60,65,None,27,35,28,39,51,21,45,45,56,51,45,76,46,30,77,77,71,34,44,61,54,46,56,47,56,58,6,14,12,7,11,180
PS3964,Republic of Ireland,180,80,17,St. Pats ,59,57,None,57,59,63,52,48,53,46,53,47,56,49,66,64,59,60,63,63,70,56,30,37,24,35,26,39,29,7,13,7,7,13,180
PS3965,Chile,186,78,23,Unión La Calera ,18,23,None,15,23,25,48,8,19,23,27,24,19,22,20,37,32,28,21,38,45,17,32,21,11,19,15,18,22,52,69,56,42,61,180
PS3966,Saudi Arabia,169,63,30,Al Adalah ,59,56,None,52,56,59,50,52,57,57,48,52,62,59,64,59,48,77,62,67,49,40,54,40,45,38,48,46,28,6,13,8,11,8,180
PS3967,Poland,173,70,20,Wisła Płock ,58,54,None,43,50,63,54,53,49,57,48,53,62,58,68,68,48,79,68,74,63,47,57,44,43,49,42,45,39,6,11,11,12,6,180
PS3968,Republic of Ireland,188,76,27,Morecambe ,56,55,None,24,24,49,53,55,22,55,54,36,49,39,71,54,72,61,65,59,50,55,61,55,50,60,38,57,49,6,9,11,10,10,180
PS3969,Italy,183,74,21,Cosenza ,61,63,None,41,37,41,61,56,27,61,49,44,61,57,53,58,57,63,54,50,58,36,53,45,52,43,56,45,41,6,11,14,13,6,180
PS3970,England,187,74,19,Doncaster ,42,44,None,56,58,60,54,31,57,42,51,35,46,38,63,62,75,67,67,61,67,58,45,28,27,33,30,39,25,7,11,12,15,14,180
PS3971,Serbia,183,71,21,Elche CF ,60,58,None,45,46,60,58,55,52,54,47,37,58,60,61,55,50,63,61,62,61,51,53,54,61,37,48,43,38,11,9,9,11,10,180
PS3972,United States,167,59,20,Minnesota United ,57,60,None,11,12,37,49,54,18,53,48,44,49,40,80,59,32,88,78,81,59,41,56,55,46,40,31,54,44,13,12,15,8,5,180
PS3973,Poland,194,79,22,Hartlepool ,12,10,None,13,13,18,42,8,9,30,35,14,22,16,31,20,60,27,40,27,34,13,41,5,6,10,13,10,9,56,59,56,55,63,180
PS3974,Korea Republic,178,76,22,Jeonbuk Hyundai ,38,54,None,60,57,48,56,40,59,43,42,57,34,30,69,67,59,67,63,72,64,37,29,25,26,39,30,34,28,5,11,13,7,6,180
PS3975,Spain,182,77,22,SD Eibar ,12,8,None,10,13,18,51,8,15,27,35,12,23,25,27,27,52,42,18,38,61,12,42,6,7,13,11,19,9,56,60,56,56,60,180
PS3976,England,178,78,21,Hull City ,60,55,None,53,54,41,54,47,52,59,56,53,62,62,60,59,58,59,60,68,66,47,55,46,51,65,62,41,48,15,14,6,11,10,180
PS3977,Venezuela,180,75,20,Dep. Táchira ,15,8,None,15,16,26,58,8,13,26,33,13,25,27,20,24,55,45,22,27,58,11,44,7,7,12,13,18,9,55,56,56,58,63,180
PS3978,China PR,181,73,33,Henan SSLM FC ,58,60,None,59,64,63,59,58,62,64,53,38,58,56,64,71,65,62,54,59,64,47,54,39,42,33,39,40,31,8,9,13,7,10,180
PS3979,England,188,76,38,Derby County ,60,38,None,68,70,63,66,40,70,38,67,24,60,57,38,40,68,48,36,46,70,70,48,30,32,24,25,32,32,15,7,9,10,10,180
PS3980,China PR,179,73,33,Zhejiang Pro ,54,55,None,38,42,60,63,58,44,54,55,34,46,36,70,65,73,67,74,62,65,58,61,57,54,52,54,43,54,9,6,11,16,11,180
PS3981,Belgium,190,77,20,KRC Genk ,11,9,None,14,14,28,46,6,11,28,37,11,16,27,32,26,38,45,22,33,60,10,44,5,8,10,11,15,6,57,63,58,58,62,180
PS3982,Saudi Arabia,186,83,23,Al Nassr ,25,8,None,12,11,19,57,4,10,29,37,15,31,22,30,23,46,44,32,38,65,14,43,7,8,14,10,14,9,58,62,59,57,51,180
PS3983,Netherlands,194,87,19,Excelsior ,11,13,None,12,10,24,48,4,14,29,36,10,23,15,24,20,56,22,27,27,35,13,43,9,9,14,13,13,7,59,65,58,57,62,180
PS3984,Romania,179,69,20,Coventry City ,60,62,None,37,31,38,53,53,29,57,60,49,56,51,77,51,39,70,74,57,52,40,52,52,46,53,43,46,40,13,7,12,14,13,180
PS3985,Colombia,182,63,26,Radomiak Radom ,54,52,None,20,24,33,53,60,16,49,62,33,48,35,71,53,58,53,70,71,70,57,55,58,52,35,38,64,43,8,7,8,12,5,180
PS3986,England,185,70,18,Arsenal ,55,57,None,58,57,45,52,48,55,55,59,56,55,49,63,51,59,57,67,60,50,51,55,33,35,57,37,35,36,10,14,8,7,9,180
PS3987,Germany,190,84,23,FC Erzgebirge Aue ,18,20,None,7,12,25,47,5,15,30,30,12,24,20,18,25,57,20,30,22,52,8,44,8,7,14,12,17,8,55,59,55,58,62,180
PS3988,France,187,80,19,ESTAC Troyes ,41,30,None,64,66,51,55,26,56,31,44,35,44,38,62,58,50,59,55,42,74,63,37,24,29,27,34,38,33,8,11,10,15,6,180
PS3989,Germany,182,78,28,SpVgg Bayreuth ,61,62,None,21,26,39,48,54,23,41,48,44,56,31,64,61,58,51,66,49,49,49,58,59,54,49,38,53,51,12,12,7,10,7,180
PS3990,Finland,171,65,20,HJK Helsinki ,58,56,None,28,29,36,50,51,19,50,52,50,56,50,78,56,42,82,75,84,46,31,56,52,47,42,34,42,44,12,12,9,13,11,180
PS3991,Turkey,187,83,32,MKE Ankaragücü ,54,55,None,57,58,61,59,37,54,33,50,54,47,44,62,59,71,50,67,65,58,50,25,22,22,52,33,37,21,12,15,7,14,9,180
PS3992,Paraguay,195,87,22,Gral. Caballero ,17,6,None,13,14,19,47,7,14,28,28,14,19,28,23,35,69,25,21,38,33,12,38,7,9,14,14,14,8,57,60,54,50,64,180
PS3993,Germany,175,72,26,VfB Oldenburg ,58,61,None,29,29,52,54,51,22,49,47,55,52,55,69,57,51,76,65,75,60,51,56,48,40,52,40,48,44,9,14,14,13,8,180
PS3994,France,170,59,19,Bordeaux ,63,62,,45,42,41,52,53,32,59,55,45,67,62,70,56,50,72,67,58,52,46,48,46,32,59,39,48,48,5,6,9,9,9,170
PS3995,England,196,80,25,Motherwell ,24,14,,13,20,23,55,15,26,41,26,18,29,30,44,33,57,49,42,41,65,12,42,10,17,16,14,21,20,56,58,59,56,57,170
PS3996,Poland,176,73,19,Widzew Łódź ,65,62,None,32,31,41,55,48,31,62,55,46,53,50,71,51,44,62,65,70,50,30,52,45,40,52,50,45,35,6,9,8,7,7,170
PS3997,Norway,179,70,19,Lillestrøm SK ,61,62,None,38,40,36,41,44,32,52,55,51,57,55,74,57,42,52,72,75,48,42,48,46,46,52,50,42,45,14,10,9,6,14,170
PS3998,Korea Republic,184,76,23,Jeju United ,53,61,None,41,51,59,62,56,45,54,41,48,53,51,66,72,70,56,71,61,63,42,46,48,38,33,39,41,28,12,11,9,10,7,170
PS3999,Republic of Ireland,182,76,24,Shelbourne ,53,53,None,56,57,58,50,53,50,50,49,54,55,46,55,62,59,57,55,55,68,53,48,41,34,50,41,46,29,13,6,9,11,7,170
PS4000,China PR,186,74,23,Hebei FC ,59,51,None,36,43,52,52,57,46,40,43,39,53,50,58,56,70,57,50,57,71,61,53,56,42,35,38,36,51,6,7,8,10,14,170
PS4001,Spain,186,74,25,Elche CF ,14,6,None,12,13,19,41,6,8,37,38,13,24,26,31,29,49,40,29,28,55,11,46,9,8,14,11,14,8,57,61,57,61,60,170
PS4002,United States,187,82,23,Austin FC ,32,25,None,59,60,61,50,23,53,34,43,23,34,30,61,61,74,51,58,45,74,54,50,22,20,22,29,45,27,12,13,13,11,10,170
PS4003,Czech Republic,189,67,21,RB Salzburg ,10,14,None,12,11,26,49,7,12,36,22,13,18,23,15,17,48,39,29,26,54,10,39,7,6,10,12,13,6,59,58,56,52,60,170
PS4004,France,178,70,26,FC Lorient ,17,5,None,13,11,19,39,5,12,33,23,14,20,19,19,30,51,46,38,37,60,15,42,7,5,13,11,15,5,55,62,57,56,63,170
PS4005,Spain,186,75,24,CD Lugo ,10,11,None,12,14,23,46,7,13,23,35,11,24,19,32,25,52,55,30,38,54,10,38,8,8,13,10,12,8,51,60,62,51,61,170
PS4006,Korea Republic,187,84,25,Gimcheon Sangmu ,36,40,None,52,55,49,52,52,54,30,37,43,45,39,78,61,80,39,82,60,75,61,51,48,36,26,26,38,26,7,12,11,5,8,170
PS4007,Germany,190,84,20,SC Verl ,54,53,None,19,16,51,56,57,21,47,41,29,53,38,52,56,77,46,51,51,62,63,56,57,46,33,24,59,44,14,13,6,10,12,170
PS4008,England,180,76,35,Stoke City ,23,12,None,14,12,38,68,11,21,36,41,18,33,29,42,31,64,45,39,44,63,22,44,11,13,12,15,22,13,65,65,65,59,69,170
PS4009,Slovenia,187,80,35,FC Nantes ,21,14,None,12,13,19,67,12,13,25,53,11,18,13,44,30,57,41,43,34,57,11,45,12,14,10,12,22,16,69,67,61,60,70,170
PS4010,Italy,193,83,32,Bergamo Calcio ,19,21,None,16,17,14,48,11,27,22,42,19,17,12,22,22,25,40,21,55,55,14,47,11,12,22,22,14,16,60,63,62,63,62,170
PS4011,Brazil,194,79,25,Venezia ,18,7,None,12,11,25,58,9,7,53,23,13,15,21,18,21,56,20,20,22,37,10,42,7,8,12,13,13,8,50,59,58,56,59,170
PS4012,United States,183,79,29,Sporting KC ,18,16,None,15,16,41,49,15,30,53,58,21,26,35,41,44,57,50,41,39,66,13,45,16,17,21,19,32,19,60,60,60,60,62,170
PS4013,England,186,74,25,Cambridge Utd ,19,14,None,11,11,17,53,9,14,22,30,13,21,22,36,18,44,54,39,32,52,12,41,13,11,13,11,22,13,58,58,56,55,57,170
PS4014,Italy,195,89,24,Frosinone ,21,12,None,19,22,21,49,11,15,25,31,14,26,25,23,15,68,30,29,38,39,17,41,11,11,12,13,11,9,59,57,58,55,58,170
PS4015,China PR,188,71,29,Zhejiang Pro ,13,8,None,15,13,18,46,12,13,38,31,13,16,22,21,26,53,33,16,32,50,13,40,9,7,12,13,15,9,58,60,57,53,67,170
PS4016,Ghana,170,63,22,Strømsgodset IF ,62,60,None,46,48,34,48,46,49,58,50,48,63,62,71,57,34,81,73,82,45,40,42,36,34,48,40,32,26,8,8,13,9,14,170
PS4017,Korea Republic,179,78,22,Gangwon FC ,58,57,None,50,54,69,57,58,53,52,56,41,58,56,58,61,70,64,62,66,63,42,56,30,49,56,55,41,33,12,11,13,9,11,170
PS4018,Saudi Arabia,172,60,33,Al Adalah ,57,56,None,58,57,61,53,50,55,49,46,55,54,51,74,60,57,72,72,63,65,44,47,42,50,56,62,55,28,6,10,12,8,8,170
PS4019,England,184,70,19,Grimsby Town ,60,62,None,18,20,33,50,49,26,53,49,41,54,50,69,50,58,70,65,70,43,40,65,58,54,51,52,54,52,14,11,11,13,12,170
PS4020,Australia,193,76,24,Brisbane Roar ,19,11,None,12,10,27,52,5,14,36,32,10,22,20,21,19,63,25,17,27,36,13,42,5,8,11,10,13,9,54,58,57,56,60,170
PS4021,India,179,66,29,Hyderabad FC ,56,57,None,21,38,31,45,51,43,50,52,57,50,50,76,71,63,71,77,70,65,45,55,56,49,53,52,48,43,13,7,12,11,8,170
PS4022,China PR,180,75,19,Guangzhou FC ,53,68,None,23,25,47,61,48,21,36,41,41,41,27,88,81,63,65,85,79,48,45,57,55,38,37,38,47,48,10,13,8,10,15,170
PS4023,England,183,76,25,Gillingham ,54,51,None,23,19,31,56,51,17,50,47,29,45,31,68,55,68,63,70,58,63,58,53,60,52,34,31,52,41,5,13,12,6,7,170
PS4024,Sweden,179,75,25,Sligo Rovers ,52,50,None,50,53,55,48,50,54,52,61,52,58,51,64,66,57,63,66,69,62,36,52,37,55,53,37,29,34,11,7,13,10,10,170
PS4025,Republic of Ireland,178,71,21,Motherwell ,50,54,None,57,55,55,55,36,55,26,52,55,52,51,70,50,50,63,65,60,63,42,36,25,32,38,31,29,25,10,12,8,9,14,170
PS4026,India,161,63,23,Jamshedpur FC ,53,55,None,52,54,48,47,50,50,52,48,53,50,47,70,63,36,87,76,72,62,45,47,50,44,49,42,45,37,6,11,14,10,6,170
PS4027,Australia,189,85,30,Newcastle Jets ,14,16,None,16,19,33,57,15,16,39,56,13,36,32,52,37,72,39,49,44,62,13,44,12,15,13,10,15,20,59,61,60,59,59,170
PS4028,Australia,178,72,22,WS Wanderers ,52,58,None,40,45,51,49,48,38,47,48,49,51,47,80,70,58,75,72,75,70,44,50,49,40,48,40,45,44,6,7,11,15,7,170
PS4029,Scotland,195,80,23,Harrogate Town ,48,48,None,54,58,63,50,26,51,32,45,31,52,46,55,59,75,44,51,34,64,55,37,28,24,31,26,33,29,10,6,13,9,9,170
PS4030,England,173,68,21,Leyton Orient ,52,49,None,51,54,51,51,45,51,44,45,53,51,41,74,61,67,79,72,76,58,45,38,35,36,41,40,37,32,12,8,7,11,8,170
PS4031,Australia,174,74,17,Adelaide United ,58,64,,20,27,40,52,54,18,46,48,40,44,36,90,38,46,82,89,83,48,34,72,53,47,45,60,53,44,7,8,10,12,8,160
PS4032,Republic of Ireland,175,74,21,Reading ,60,58,None,47,54,51,53,43,51,52,45,49,62,61,65,68,54,69,64,68,58,49,56,32,45,52,35,43,38,15,11,12,15,12,160
PS4033,Sweden,183,84,20,Hammarby IF ,57,56,None,22,24,51,53,57,23,56,54,34,55,39,69,59,67,58,71,56,58,47,54,55,52,35,30,56,44,15,8,12,7,10,160
PS4034,England,175,70,36,MK Dons ,64,63,None,60,61,83,60,61,61,61,64,62,63,64,48,68,73,70,48,54,77,63,75,59,70,58,65,59,66,15,11,6,7,11,160
PS4035,Republic of Ireland,188,82,34,Mansfield Town ,57,51,None,58,59,83,55,52,59,55,59,46,59,57,43,66,71,52,40,56,67,63,59,52,53,48,50,55,47,10,14,14,12,14,160
PS4036,England,183,83,29,Northampton ,23,15,None,14,13,21,48,12,15,32,38,16,28,24,35,22,69,62,37,34,47,20,44,16,12,19,17,20,13,58,60,59,59,61,160
PS4037,Germany,186,74,35,VfB Oldenburg ,58,52,None,63,65,59,62,39,59,39,60,51,52,50,64,63,75,65,71,60,72,63,60,23,33,38,22,40,29,9,9,14,14,8,160
PS4038,United States,188,76,21,Fürth  ,37,29,None,58,63,52,50,26,54,33,45,29,44,42,55,38,70,55,58,56,72,61,38,19,26,31,32,35,22,14,11,10,6,6,160
PS4039,Australia,180,70,21,Melb. Victory ,66,68,None,36,30,43,48,45,25,50,50,35,58,49,72,71,49,76,68,78,62,35,47,37,36,49,44,47,41,14,10,14,8,11,160
PS4040,Saudi Arabia,166,60,24,Al Ittihad ,50,57,None,29,29,40,49,57,17,47,46,59,46,45,74,58,32,84,68,72,42,39,59,53,42,39,32,59,48,13,8,7,6,5,160
PS4041,Norway,184,72,17,Vålerenga Fotball ,59,58,None,23,24,40,45,53,18,48,47,41,50,41,83,45,44,64,80,75,50,42,52,55,49,53,44,48,48,9,9,15,8,8,160
PS4042,India,175,73,28,Kerala Blasters ,51,44,None,57,58,49,47,32,51,30,43,45,49,44,69,67,73,70,65,69,82,45,51,28,30,40,30,28,23,9,12,8,6,10,160
PS4043,Morocco,176,65,25,SPAL ,56,54,None,48,52,56,60,50,59,59,37,34,62,55,62,54,50,75,60,66,55,46,42,52,42,37,36,43,29,11,7,11,6,12,160
PS4044,Australia,185,76,21,WS Wanderers ,63,60,None,38,30,39,56,51,27,52,59,36,52,51,68,66,49,64,71,78,49,38,59,54,42,47,56,39,39,5,9,6,12,15,160
PS4045,Republic of Ireland,180,68,21,Forest Green ,54,56,None,18,10,44,54,54,12,51,51,41,52,43,71,61,64,69,72,70,66,52,54,56,51,42,48,54,47,11,13,12,7,12,160
PS4046,China PR,180,75,26,Shanghai Shenhua ,57,56,None,50,56,63,61,55,50,55,59,51,54,54,71,71,70,70,72,73,51,48,63,55,57,54,59,50,47,12,11,13,10,11,160
PS4047,Paraguay,187,82,39,Gral. Caballero ,55,41,None,70,64,72,64,24,66,45,67,62,63,60,56,61,72,53,53,55,71,66,54,44,52,36,55,61,34,9,7,16,12,11,160
PS4048,Republic of Ireland,179,72,27,Sligo Rovers ,53,52,None,55,56,65,52,56,53,42,47,49,46,41,64,66,63,62,63,64,71,52,52,26,26,53,28,35,23,10,15,14,10,14,160
PS4049,England,187,75,32,Crewe Alexandra ,55,52,None,53,55,58,58,55,56,51,55,59,55,53,66,71,71,47,59,59,71,54,41,39,36,47,37,42,33,14,7,16,8,16,160
PS4050,England,178,74,21,Walsall ,55,55,None,19,24,64,49,53,20,51,53,36,50,32,73,63,68,65,75,68,72,55,56,57,49,47,38,57,45,13,15,10,11,9,160
PS4051,Republic of Ireland,175,70,26,St. Pats ,55,56,None,48,50,43,52,59,52,54,56,53,56,53,65,55,51,63,64,68,49,50,57,53,51,58,56,61,42,7,6,7,11,5,160
PS4052,England,180,70,20,West Brom ,51,55,None,52,58,46,46,50,49,39,42,51,52,40,77,63,46,71,74,64,60,48,38,30,27,48,33,26,33,14,11,9,9,10,160
PS4053,China PR,174,63,25,Shenzhen FC ,48,53,None,22,36,32,62,52,20,51,43,45,57,45,74,61,41,80,73,80,79,33,46,53,52,41,35,47,38,14,13,11,10,11,160
PS4054,France,170,61,34,FC Annecy ,49,41,None,59,64,69,66,21,51,51,57,21,63,66,52,56,64,56,53,45,62,66,35,29,25,24,23,35,21,9,11,14,7,15,160
PS4055,Austria,186,80,20,SC Austria ,42,32,None,56,62,43,51,21,55,32,39,27,44,38,61,59,73,54,52,45,68,50,38,24,19,25,29,33,26,8,10,12,12,5,160
PS4056,United States,188,94,34,Nashville SC ,17,15,None,13,17,41,54,13,17,13,41,18,39,36,41,39,77,41,53,43,61,13,48,17,13,16,14,21,12,54,65,60,64,64,160
PS4057,Australia,170,65,35,Melb. Victory ,54,55,None,61,63,76,55,51,63,49,65,48,57,54,44,91,81,71,35,50,88,55,56,47,51,52,49,61,48,7,16,7,16,10,160
PS4058,England,191,73,36,Derby County ,52,32,None,62,63,66,63,27,64,33,47,31,58,45,30,32,67,45,32,43,69,64,48,28,28,30,33,32,30,16,9,10,11,6,160
PS4059,Poland,197,81,20,Piast Gliwice ,50,51,None,22,24,54,54,56,22,45,48,33,41,33,46,55,80,32,51,33,62,64,58,60,42,37,22,55,43,10,5,8,8,8,160
PS4060,New Zealand,188,82,33,Colchester ,52,50,None,60,62,69,54,48,59,50,56,49,55,53,51,69,73,52,44,51,64,60,45,32,38,32,32,34,30,15,11,16,9,10,160
PS4061,England,178,73,21,Crawley Town ,57,56,None,29,30,34,53,51,29,48,49,52,49,41,78,52,41,82,81,74,48,33,53,49,39,48,38,47,49,9,9,13,7,12,160
PS4062,Saudi Arabia,185,83,29,Al Adalah ,10,8,None,14,10,16,48,5,8,30,36,11,25,30,30,32,35,46,29,38,60,13,42,9,5,13,12,18,7,57,60,55,56,59,160
PS4063,Finland,178,68,20,HJK Helsinki ,58,58,None,16,13,36,45,50,15,53,48,49,52,47,75,51,41,71,73,72,57,36,54,52,54,58,56,44,42,6,7,8,13,7,160
PS4064,Germany,178,67,18,Karlsruher SC ,56,57,None,49,55,53,50,52,54,56,44,42,67,59,69,50,50,77,59,81,72,47,49,47,48,51,38,44,46,11,13,13,8,5,160
PS4065,France,197,78,20,Clermont Foot 63 ,64,58,None,57,62,59,37,51,51,52,47,62,64,61,59,47,71,37,54,32,42,66,62,31,34,47,46,47,42,11,10,11,12,14,160
PS4066,Netherlands,189,82,19,AZ ,10,10,None,11,13,16,40,5,9,25,35,13,25,23,28,28,57,31,19,39,52,12,43,6,9,10,11,17,6,61,60,57,57,64,160
PS4067,Finland,186,87,35,HJK Helsinki ,56,47,None,57,64,66,58,35,60,42,58,55,57,56,46,62,80,43,54,53,80,63,77,42,56,64,64,59,35,8,10,14,6,13,160
PS4068,Serbia,184,77,37,Degerfors IF ,62,57,None,43,48,78,70,66,52,62,65,52,53,51,54,63,75,63,53,61,72,67,66,62,57,62,50,67,64,13,11,16,9,6,160
PS4069,Ukraine,165,77,21,St. Johnstone ,55,55,None,33,31,50,43,53,30,48,50,55,55,53,75,53,30,85,72,82,69,51,49,53,50,53,46,50,45,9,6,12,9,11,160
PS4070,China PR,181,73,26,Hebei FC ,57,60,None,12,12,28,54,55,14,49,45,50,37,28,70,62,65,66,79,71,67,62,57,55,55,41,43,61,42,15,10,11,12,9,160
PS4071,Belgium,178,65,20,Forest Green ,60,55,None,11,14,32,54,51,13,45,42,38,40,26,77,52,62,46,82,69,60,45,57,59,53,44,34,62,46,8,8,11,12,9,160
PS4072,India,171,67,29,Bengaluru FC ,54,51,,50,51,86,55,56,51,52,45,51,50,42,73,70,64,80,78,77,58,51,51,33,45,50,40,50,46,14,9,8,15,11,150
PS4073,Saudi Arabia,176,77,24,Al Raed ,55,56,,21,27,34,50,50,20,48,43,49,53,51,68,49,60,62,69,64,56,45,49,54,47,48,46,59,44,8,9,9,5,9,150
PS4074,Belgium,179,71,18,Royal Antwerp FC ,63,59,None,61,58,47,38,29,55,38,39,62,55,48,65,38,34,58,72,64,68,45,42,21,28,51,42,24,23,13,8,10,6,12,150
PS4075,Venezuela,184,70,19,Caracas F.C. ,15,9,None,14,14,28,35,5,10,29,30,14,17,16,34,30,54,53,29,32,58,10,47,12,13,12,11,16,11,54,62,62,63,59,150
PS4076,Korea Republic,176,70,37,Seongnam FC ,65,61,None,52,55,59,67,64,65,69,63,66,66,65,39,31,59,69,39,60,61,49,69,59,65,67,67,53,61,10,8,11,13,15,150
PS4077,France,189,78,19,FC Metz ,53,57,None,57,56,63,58,44,54,43,48,45,63,58,61,49,66,54,63,59,63,54,56,35,33,41,42,42,35,14,10,14,13,6,150
PS4078,Venezuela,180,79,19,Est. de Mérida ,35,25,None,58,66,56,50,27,51,26,44,30,37,23,62,59,68,62,55,49,69,62,38,24,25,31,25,36,29,11,5,13,11,6,150
PS4079,England,182,75,29,Bradford City ,52,50,None,54,56,62,57,56,55,53,58,50,50,50,64,62,73,64,60,66,78,58,56,43,41,44,35,48,41,12,15,7,15,12,150
PS4080,Netherlands,193,86,23,Cheltenham Town ,53,48,None,52,53,60,52,40,51,52,51,36,57,55,59,59,76,40,63,50,50,49,56,33,35,31,25,30,34,13,9,9,11,9,150
PS4081,Republic of Ireland,187,77,34,Finn Harps ,53,48,None,58,57,70,58,50,55,43,55,49,54,53,33,52,74,45,33,36,52,60,57,40,44,24,40,33,23,9,15,16,7,12,150
PS4082,Ukraine,180,78,20,Shakhtar Donetsk ,49,46,None,54,58,51,59,33,57,36,52,41,51,48,67,64,66,62,68,57,65,57,52,27,31,37,30,39,34,14,13,6,12,5,150
PS4083,England,183,75,19,West Ham ,45,39,None,56,59,55,53,26,55,39,50,36,51,48,57,52,67,48,65,48,69,54,40,28,30,31,33,35,31,13,11,14,13,7,150
PS4084,Ecuador,182,73,35,Mushuc Runa ,66,61,None,64,65,61,60,41,61,65,66,61,63,61,59,65,67,61,55,57,71,72,54,59,64,42,43,51,41,8,11,10,9,9,150
PS4085,Republic of Ireland,192,98,32,Derry City ,55,42,None,55,53,73,55,41,56,48,60,35,53,45,32,58,83,33,33,31,48,59,54,27,24,33,34,33,23,14,12,9,10,12,150
PS4086,Canada,168,68,19,Whitecaps FC ,60,62,None,33,34,30,49,53,17,55,58,49,56,42,72,33,51,80,67,81,42,37,53,50,58,48,38,54,53,14,14,11,8,14,150
PS4087,China PR,172,76,23,Cangzhou FC ,56,59,None,21,28,32,46,52,27,44,48,48,41,30,81,58,56,70,81,81,71,46,46,53,45,44,40,55,43,11,5,13,5,14,150
PS4088,Republic of Ireland,177,73,22,Bohemian FC ,50,53,None,54,54,61,47,38,51,55,39,56,53,51,62,62,57,72,61,64,55,42,60,37,40,56,54,31,40,14,7,7,6,7,150
PS4089,India,175,65,25,NorthEast United ,54,53,None,35,36,30,44,46,37,49,48,50,50,49,73,65,59,78,78,72,50,38,47,52,46,46,38,48,38,7,15,6,7,10,150
PS4090,Belgium,182,70,20,KV Oostende ,56,58,None,56,60,58,47,34,51,42,42,39,62,54,74,58,65,69,79,67,72,57,36,18,22,27,23,36,29,5,14,14,6,12,150
PS4091,Sweden,181,80,19,Malmö FF ,60,58,None,47,43,74,55,53,48,49,50,46,59,56,68,76,74,68,66,65,70,44,60,40,49,52,44,40,42,10,12,8,13,7,150
PS4092,South Africa,177,65,20,Exeter City ,59,61,None,37,50,48,56,52,44,57,51,44,61,58,73,53,40,75,70,71,45,37,57,47,51,52,49,54,49,9,15,5,6,8,150
PS4093,Paraguay,180,74,19,Club Nacional ,52,50,None,21,19,49,60,60,18,49,50,22,49,38,67,59,62,59,64,64,56,61,52,58,42,31,28,56,36,12,12,10,13,9,150
PS4094,Poland,168,61,19,Lech Poznań ,52,55,None,31,27,63,42,51,23,51,45,54,54,51,75,58,34,87,75,74,44,37,55,48,39,42,39,52,46,9,9,15,14,7,150
PS4095,Saudi Arabia,180,60,28,Al Wehda ,47,33,None,57,59,43,56,23,58,46,46,33,54,40,65,57,67,74,63,54,72,54,37,20,26,23,24,35,19,12,13,12,7,11,150
PS4096,Spain,185,75,28,Finn Harps ,44,44,None,57,57,58,56,33,57,40,50,21,55,30,51,53,63,39,57,37,67,55,30,15,16,23,27,35,28,9,14,11,13,15,150
PS4097,Paraguay,186,81,39,Gral. Caballero ,67,61,None,59,71,74,62,56,64,46,74,51,65,68,57,84,81,51,54,60,57,56,60,46,51,52,48,66,41,9,8,13,8,10,150
PS4098,Belgium,188,79,17,KV Mechelen ,61,53,None,33,28,58,53,46,26,43,47,38,59,51,66,58,63,58,65,69,67,62,52,59,46,29,36,56,43,13,14,7,11,8,150
PS4099,China PR,178,70,28,Guangzhou City ,56,54,None,50,53,53,61,55,58,55,57,50,58,55,63,65,59,59,65,72,73,57,53,46,52,57,56,64,47,13,14,12,14,11,150
PS4100,Bolivia,188,86,35,The Strongest ,38,17,None,10,7,24,63,10,11,68,20,13,34,37,40,36,66,27,30,35,40,14,50,10,9,14,14,17,12,69,65,63,67,62,150
PS4101,France,180,64,22,Quevilly Rouen ,54,56,None,39,42,41,52,50,31,49,57,49,53,52,65,56,42,66,63,63,56,42,53,50,43,52,46,48,41,5,11,7,6,7,150
PS4102,Jamaica,194,85,38,Karlsruher SC ,51,49,None,63,68,64,61,44,61,57,68,52,55,57,36,33,83,39,58,32,85,74,63,46,50,57,48,49,39,15,15,15,15,14,150
PS4103,United States,170,68,23,Austin FC ,52,50,None,50,47,52,55,54,47,52,55,70,48,49,63,55,50,64,62,61,63,30,24,29,49,69,74,32,25,9,7,9,12,12,150
PS4104,Saudi Arabia,176,76,29,Ettifaq FC ,55,49,None,54,58,60,57,40,55,36,45,48,49,46,67,57,67,56,63,65,59,41,40,21,19,45,29,37,22,6,5,6,5,11,150
PS4105,Belgium,184,74,18,SM Caen ,49,46,None,11,17,35,55,60,19,43,45,30,46,30,70,63,59,67,66,58,66,58,52,59,48,41,30,65,48,9,9,6,9,13,150
PS4106,India,184,79,22,Odisha FC ,40,38,None,55,58,54,48,42,54,46,50,42,45,42,65,72,74,59,67,58,83,56,38,36,39,34,25,34,31,12,6,14,13,9,150
PS4107,Australia,178,72,19,Adelaide United ,56,59,None,54,47,47,44,51,46,55,58,51,57,55,74,68,50,69,76,75,53,44,43,45,42,48,35,40,39,15,11,5,14,7,150
PS4108,China PR,182,70,33,Henan SSLM FC ,52,56,None,56,58,66,52,60,56,60,55,56,53,52,52,72,71,64,63,70,67,54,40,48,42,36,35,40,43,11,6,11,6,14,150
PS4109,Belgium,188,78,19,Sp. Charleroi ,50,45,None,59,61,56,53,16,59,22,47,24,50,37,62,58,52,66,64,57,70,58,35,19,25,23,17,44,20,14,14,6,14,14,150
PS4110,Poland,177,68,22,Barrow ,43,52,None,55,51,56,48,38,52,36,45,50,47,23,76,60,53,73,72,62,57,47,26,31,23,47,29,41,28,7,7,14,13,9,150
PS4111,China PR,178,70,28,Wuhan 3 Towns ,53,45,None,20,21,28,56,54,13,49,48,41,49,37,67,56,65,69,75,67,67,52,53,63,48,58,48,67,42,7,9,12,15,7,150
PS4112,Senegal,183,76,23,FC Metz ,40,27,None,65,66,51,49,29,55,31,49,34,38,27,55,49,59,68,53,32,75,55,46,29,21,32,30,40,34,15,6,10,14,14,150
PS4113,Poland,190,78,20,Cracovia ,39,36,None,57,58,62,49,30,55,37,42,29,49,51,60,62,63,60,59,50,71,59,33,22,24,25,31,37,28,8,5,7,6,7,150
PS4114,Saudi Arabia,168,62,22,Abha Club ,57,59,None,26,27,43,48,50,27,53,51,47,54,51,67,42,39,72,69,71,55,30,45,48,42,46,50,45,33,5,11,12,14,11,150
PS4115,Germany,192,75,19,Lecce ,44,39,None,59,61,55,52,24,54,31,39,27,44,33,33,45,62,53,47,47,68,58,43,22,21,24,22,25,20,9,7,6,15,9,150
PS4116,Ecuador,187,85,35,LDU Quito ,17,16,None,13,7,19,60,5,6,27,56,7,19,23,12,14,58,32,13,24,23,6,58,8,11,8,13,26,13,63,57,74,77,68,150
PS4117,England,180,73,23,Dundalk ,56,57,None,39,41,47,51,51,45,53,52,57,57,51,66,58,55,71,68,57,56,40,63,52,50,43,50,55,45,9,14,8,13,6,150
PS4118,China PR,176,70,23,China PR ,53,57,None,47,42,57,48,63,42,46,42,48,58,51,64,56,54,73,57,61,65,48,46,43,42,37,35,39,35,9,5,6,7,6,150
PS4119,Burkina Faso,180,79,23,SJ Earthquakes ,56,60,None,19,20,26,37,49,17,49,52,47,54,51,74,47,60,78,72,70,50,36,51,53,44,42,52,33,49,8,5,9,14,6,150
PS4120,China PR,185,71,23,Dalian Pro ,51,42,None,47,56,77,62,37,58,52,38,33,62,40,62,48,59,61,70,73,59,40,49,34,32,31,32,39,34,14,13,14,6,9,150
PS4121,Ecuador,180,78,19,Barcelona SC ,13,9,None,11,15,19,55,9,15,35,33,13,16,30,22,20,42,48,22,38,65,13,44,9,8,11,11,20,9,55,61,60,58,53,150
PS4122,Republic of Ireland,186,76,18,Wolves ,53,51,None,21,20,59,49,50,21,47,52,41,48,44,75,55,70,59,76,69,64,51,66,53,51,53,49,50,51,10,14,6,7,14,150
PS4123,Scotland,187,80,23,Hartlepool ,54,49,None,15,16,26,48,50,18,45,46,28,46,28,68,55,72,60,67,55,68,57,58,56,50,41,32,55,38,7,11,13,6,13,150
PS4124,Italy,187,76,19,Cittadella ,55,56,None,25,26,49,49,59,24,47,50,28,49,29,55,62,65,56,60,53,70,67,49,58,49,27,26,54,48,13,6,12,6,14,150
PS4125,Germany,179,67,19,1860 München ,59,59,None,39,36,54,49,51,39,48,46,51,59,49,69,53,58,73,66,70,34,51,53,54,41,43,41,52,41,6,11,6,12,7,150
PS4126,France,185,67,22,Quevilly Rouen ,62,58,None,45,40,39,48,40,23,54,53,51,64,63,68,46,49,51,63,62,57,39,51,38,34,53,43,51,51,10,8,10,6,7,150
PS4127,Wales,186,74,19,AFC Bournemouth ,53,39,None,57,60,50,52,24,59,32,57,37,48,41,66,48,60,57,54,40,73,52,49,28,28,36,32,41,33,13,14,7,15,10,150
PS4128,Switzerland,186,83,22,FC Zürich ,48,44,None,57,58,55,53,39,50,46,55,47,48,52,74,64,73,58,77,68,70,54,47,35,40,36,28,25,26,10,11,9,8,13,150
PS4129,Poland,186,73,23,Jagiellonia ,57,59,None,48,46,50,51,52,48,54,60,52,58,53,67,53,69,54,72,57,51,39,58,55,59,49,41,49,42,9,15,11,10,7,150
PS4130,Republic of Ireland,185,74,22,Northampton ,54,55,None,46,52,54,56,46,51,58,44,42,60,58,65,57,58,63,66,68,61,47,56,44,49,40,35,40,31,7,13,8,8,13,150
PS4131,Italy,185,78,21,Cittadella ,41,27,None,57,63,67,51,28,51,25,66,28,37,34,67,54,57,49,68,49,66,62,35,22,22,33,25,38,28,9,10,14,9,12,140
PS4132,Australia,180,75,22,Perth Glory ,48,56,None,50,48,50,56,56,46,43,46,47,44,34,93,55,63,68,92,72,65,49,52,49,48,41,37,40,44,11,11,11,12,11,140
PS4133,United States,179,79,27,Finn Harps ,49,57,None,18,14,62,46,53,17,46,40,32,40,26,76,58,70,64,77,67,76,56,55,55,52,32,29,62,44,13,13,7,9,8,140
PS4134,Republic of Ireland,188,76,25,Shelbourne ,25,7,None,13,14,25,50,6,7,51,52,10,39,36,30,36,51,34,31,33,48,10,41,9,5,13,13,18,6,57,59,51,54,59,140
PS4135,Korea Republic,187,74,27,Gangwon FC ,44,30,None,53,56,63,59,30,55,31,56,37,49,30,32,58,64,54,44,51,73,61,35,22,19,21,21,35,26,9,7,14,12,13,140
PS4136,Australia,188,79,22,Perth Glory ,16,10,None,13,10,30,52,7,11,25,22,12,27,16,28,29,54,50,34,37,57,10,47,9,7,12,10,16,9,57,56,55,62,58,140
PS4137,England,194,85,21,Middlesbrough ,57,58,None,44,50,37,54,48,40,55,59,50,59,59,69,55,79,41,55,47,44,39,51,55,39,52,47,44,47,7,8,9,12,10,140
PS4138,China PR,183,72,21,China PR ,52,53,None,16,12,38,59,57,16,49,45,32,38,30,74,62,60,56,68,67,65,46,49,61,48,41,30,52,42,6,7,12,8,11,140
PS4139,Chile,172,77,21,Unión Española ,57,55,None,40,48,37,53,53,47,55,52,44,62,55,55,59,47,75,66,72,59,38,44,52,49,44,36,40,36,14,14,13,12,9,140
PS4140,Australia,179,78,21,Sydney FC ,46,34,None,56,56,52,51,28,54,36,43,27,46,40,55,63,66,50,58,49,66,58,49,22,24,23,22,36,29,8,11,9,6,7,140
PS4141,Norway,180,74,24,FK Jerv ,56,57,None,55,55,64,52,53,54,53,55,44,60,54,64,57,56,63,61,63,55,50,54,43,42,41,40,41,40,14,12,7,5,9,140
PS4142,Republic of Ireland,183,80,36,Gillingham ,58,55,None,64,65,67,61,57,59,61,66,66,64,63,33,55,69,65,33,51,74,62,68,54,60,69,61,64,56,9,12,14,8,8,140
PS4143,Korea Republic,175,66,31,Seongnam FC ,59,60,None,48,46,54,55,58,47,56,57,49,62,61,68,39,40,77,68,69,55,40,55,57,56,54,53,49,60,12,15,7,15,12,140
PS4144,Republic of Ireland,185,78,26,Drogheda United ,59,57,None,51,52,42,55,51,50,56,52,47,58,55,52,62,54,56,56,53,53,52,47,50,50,48,46,42,38,6,13,9,10,7,140
PS4145,Saudi Arabia,170,68,20,Al Taawoun ,47,50,None,47,54,65,42,47,50,34,37,50,52,40,80,64,72,72,88,57,65,40,45,25,30,32,27,25,21,10,12,6,6,10,140
PS4146,Wales,183,75,20,Burton Albion ,52,51,None,53,55,50,49,53,54,50,41,49,50,44,67,60,62,68,66,60,63,42,65,40,40,51,37,36,50,15,12,5,9,9,140
PS4147,Germany,184,70,20,Kaiserslautern ,60,53,None,51,54,54,49,35,51,50,37,37,58,60,70,60,55,65,75,70,60,50,49,50,44,34,33,40,30,6,13,13,13,8,140
PS4148,Korea Republic,176,74,38,Daegu FC ,66,65,None,31,32,60,58,68,48,67,68,57,62,59,66,36,60,71,64,59,61,55,64,59,62,60,56,62,62,15,6,15,13,6,140
PS4149,Poland,192,92,30,Piast Gliwice ,23,9,None,14,15,26,51,10,18,41,47,18,25,14,20,23,68,25,30,31,39,16,44,11,8,14,12,17,7,56,61,59,58,57,140
PS4150,England,185,80,23,Brighton ,19,12,None,12,12,27,43,7,13,30,34,14,16,21,20,23,46,49,17,29,57,10,44,5,9,13,10,10,8,57,58,56,59,59,140
PS4151,Korea Republic,185,77,25,Gangwon FC ,12,12,None,16,12,26,45,10,7,29,34,15,13,12,19,29,52,48,33,22,57,15,38,6,9,12,11,16,10,54,58,58,51,59,140
PS4152,France,188,78,21,Pau FC ,18,10,None,14,14,17,41,8,10,29,36,11,24,24,15,24,37,34,16,37,51,13,41,9,6,10,11,16,6,56,58,60,55,58,140
PS4153,Syria,187,83,20,AIK ,57,55,None,56,58,49,46,31,55,28,50,21,54,48,59,62,58,64,61,53,74,55,36,28,30,25,20,35,23,7,9,8,12,6,140
PS4154,Poland,180,72,20,Wisła Płock ,57,58,None,51,52,56,48,52,50,51,56,54,53,38,66,62,57,62,67,64,52,49,55,50,52,52,55,41,42,10,10,13,8,10,140
PS4155,South Africa,182,62,21,Kaizer Chiefs ,55,65,None,48,40,31,52,58,30,56,48,41,64,61,73,65,35,75,70,58,56,38,51,25,40,36,38,35,40,8,10,10,6,10,140
PS4156,Sweden,187,86,30,Mjällby AIF ,16,14,None,20,20,22,54,10,16,24,20,13,20,21,29,40,74,32,19,40,60,11,42,12,13,14,17,18,17,58,56,58,56,57,140
PS4157,Cameroon,184,76,22,Stoke City ,11,8,None,14,10,19,42,7,9,34,30,13,26,18,18,19,47,41,15,32,60,11,41,7,9,10,12,19,5,52,59,55,54,64,140
PS4158,Switzerland,183,84,22,FC Basel 1893 ,13,9,None,12,11,24,53,5,14,34,36,12,22,23,31,26,66,46,33,26,62,12,42,7,8,10,12,16,6,54,58,56,56,59,140
PS4159,Romania,166,60,21,FC Voluntari ,57,52,None,44,49,62,49,46,51,56,45,42,59,55,49,72,55,71,63,61,62,48,46,41,45,38,36,38,32,8,8,7,10,11,140
PS4160,France,191,78,22,Grenoble Foot 38 ,18,9,None,14,12,25,53,4,8,21,36,14,26,17,54,17,61,25,50,58,35,14,38,8,9,11,10,10,6,57,55,57,50,59,140
PS4161,Sierra Leone,178,72,20,SC Bastia ,47,46,None,60,60,56,55,38,52,46,49,41,57,50,65,62,61,69,64,58,64,62,58,28,58,48,46,47,32,15,9,12,8,9,140
PS4162,Korea Republic,177,60,21,Gimcheon Sangmu ,55,60,None,30,24,55,54,55,20,48,58,47,49,46,62,58,45,76,73,74,55,32,53,42,37,39,36,48,35,11,6,9,8,12,140
PS4163,China PR,184,77,24,Guangzhou City ,41,46,None,58,56,47,53,27,58,27,38,39,42,38,53,56,66,67,55,40,71,57,36,17,29,24,22,36,22,12,15,13,13,6,140
PS4164,Norway,183,75,20,Odds BK ,57,55,None,51,55,36,50,52,55,56,45,46,57,55,64,60,51,65,59,58,62,45,38,42,40,42,23,35,27,10,5,8,10,12,140
PS4165,Sweden,188,72,20,Kalmar FF ,44,37,None,57,59,56,45,27,50,27,37,23,55,42,53,34,70,50,67,58,71,58,33,21,16,23,29,39,27,11,11,12,8,6,140
PS4166,Greece,194,88,24,FC Sion ,13,8,None,14,15,24,52,10,12,52,35,15,20,21,20,28,66,26,28,32,34,14,48,7,7,13,12,11,10,56,55,55,64,57,140
PS4167,England,182,70,20,Fleetwood Town ,54,56,None,21,22,33,54,50,16,54,55,43,55,41,80,54,58,70,79,62,53,42,52,57,51,55,64,59,50,11,10,13,5,12,140
PS4168,China PR,184,74,26,Meizhou Hakka ,50,56,None,43,36,41,51,56,30,53,56,43,58,60,63,57,76,67,73,61,57,42,57,54,40,50,38,43,44,14,8,11,7,11,140
PS4169,England,172,65,19,Charlton Ath ,55,57,,24,29,31,46,44,21,48,46,49,44,39,77,53,40,82,79,81,42,27,50,51,45,35,35,48,41,12,8,9,8,12,130
PS4170,Morocco,178,72,19,CF Montréal ,59,64,,43,52,61,53,53,46,53,61,46,63,59,63,60,69,69,69,58,70,48,60,40,42,31,39,54,48,15,9,8,9,8,130
PS4171,England,190,73,32,Harrogate Town ,23,15,None,13,13,40,56,14,26,43,46,13,35,38,31,30,65,52,28,55,44,11,47,12,14,16,11,13,15,60,59,60,62,59,130
PS4172,England,180,62,21,Middlesbrough ,37,54,None,57,63,54,54,51,47,34,37,49,28,25,64,64,38,73,64,51,57,48,24,28,30,32,28,34,30,10,10,12,7,12,130
PS4173,Nigeria,188,77,23,Minnesota United ,48,52,None,26,29,40,52,47,20,45,44,35,46,31,65,50,57,54,64,69,57,59,55,60,54,36,31,60,38,8,7,13,11,11,130
PS4174,France,185,76,25,Finn Harps ,50,48,None,52,55,64,52,31,52,40,50,40,56,53,54,59,71,54,58,59,61,50,45,28,28,32,38,43,27,15,12,9,12,9,130
PS4175,Germany,190,84,24,Saarbrücken ,17,7,None,11,10,16,42,8,6,32,30,14,22,20,32,24,57,28,19,21,34,13,38,8,7,14,12,12,7,53,58,56,51,59,130
PS4176,Republic of Ireland,184,77,23,Drogheda United ,51,55,None,51,50,52,46,49,49,48,51,54,51,40,64,55,59,59,65,61,60,37,30,50,31,53,31,34,29,9,14,9,12,15,130
PS4177,China PR,183,71,34,Guangzhou City ,57,53,None,57,60,66,56,58,61,49,58,47,59,63,68,76,71,76,66,63,73,57,73,38,65,33,48,38,31,10,12,15,13,11,130
PS4178,Republic of Ireland,191,78,33,Drogheda United ,56,55,None,36,38,57,58,60,39,52,58,49,54,42,61,60,72,41,63,38,57,52,61,59,45,50,33,43,33,7,13,10,10,11,130
PS4179,Romania,177,73,23,FCU 1948 ,54,52,None,51,54,50,54,49,54,51,44,38,60,54,62,61,56,72,54,59,64,46,43,48,44,32,36,39,30,7,15,15,6,14,130
PS4180,China PR,192,80,32,Meizhou Hakka ,16,7,None,12,13,28,46,8,11,34,26,12,19,29,15,18,64,24,27,24,33,11,37,8,5,13,10,10,5,58,64,59,49,63,130
PS4181,Romania,183,72,17,Farul Constanța ,44,45,None,56,55,50,57,30,49,29,48,50,52,50,68,55,58,65,75,70,65,45,55,30,36,45,32,35,21,7,9,7,8,11,130
PS4182,France,180,70,19,Havre AC ,56,54,None,23,26,28,38,51,17,49,44,52,54,46,69,49,40,62,68,57,47,42,57,53,37,52,37,53,56,10,9,6,6,10,130
PS4183,Scotland,185,77,23,Norwich ,11,7,None,14,12,28,35,6,10,41,40,11,22,25,39,23,45,49,30,44,69,13,43,7,5,10,14,19,9,56,58,58,57,60,130
PS4184,Korea Republic,175,65,21,Suwon Samsung ,52,54,None,54,54,53,49,54,54,35,41,55,50,48,62,55,52,78,55,61,62,38,50,49,46,51,48,37,34,15,7,11,13,13,130
PS4185,Germany,170,60,19,Düsseldorf ,58,57,None,28,30,39,48,48,25,58,51,51,62,57,60,49,31,76,64,61,46,37,46,41,47,50,46,42,43,13,7,7,6,14,130
PS4186,India,171,65,22,NorthEast United ,57,55,None,49,46,43,42,46,42,56,54,47,58,60,68,71,49,83,70,69,55,43,47,45,42,51,45,48,35,14,15,11,10,5,130
PS4187,Norway,177,72,19,Kristiansund BK ,55,57,None,30,28,34,50,57,26,50,54,45,52,42,83,43,34,80,79,84,34,46,55,54,46,46,38,52,48,12,13,5,12,6,130
PS4188,France,176,73,18,Amiens SC ,52,48,None,51,56,52,54,43,47,38,39,56,52,37,64,61,54,70,64,56,62,47,34,34,28,36,32,34,27,8,9,10,5,11,130
PS4189,United States,193,79,22,Columbus Crew ,14,10,None,10,11,22,50,5,6,24,36,14,27,28,15,19,63,27,18,29,36,13,40,5,6,12,14,16,6,59,54,54,53,54,130
PS4190,Denmark,176,68,21,FC Nordsjælland ,58,51,None,51,49,49,53,45,46,43,52,49,49,35,77,58,50,78,74,69,58,38,35,34,30,44,35,35,26,13,11,12,5,14,130
PS4191,Poland,195,86,23,Śląsk Wrocław ,13,6,None,13,13,28,46,6,10,41,22,13,16,16,22,22,72,22,31,38,32,10,41,8,9,10,14,18,5,56,58,54,54,57,130
PS4192,Germany,176,73,21,SV Waldhof ,52,51,None,54,56,47,51,52,48,40,39,59,52,43,69,50,39,79,68,73,52,39,36,37,38,45,30,38,32,5,11,12,12,14,130
PS4193,Republic of Ireland,177,73,22,Shelbourne ,50,53,None,54,55,70,60,34,49,39,50,43,53,44,69,62,50,63,69,68,66,52,42,27,26,41,34,41,20,13,9,9,6,11,130
PS4194,Romania,179,68,20,FC Botoșani ,51,55,None,45,36,54,49,48,41,45,45,56,54,40,76,51,40,55,82,71,58,48,48,45,35,38,35,54,38,6,7,12,11,10,130
PS4195,Republic of Ireland,196,89,25,Drogheda United ,34,35,None,55,58,58,43,29,46,26,35,30,40,36,43,61,74,34,45,39,67,65,51,37,38,32,31,39,21,6,13,13,8,7,130
PS4196,England,178,66,19,Crewe Alexandra ,56,58,None,47,51,54,53,46,44,57,53,48,59,55,70,52,51,73,70,77,59,40,48,50,54,50,45,45,48,9,6,7,5,6,130
PS4197,Saudi Arabia,175,70,19,Al Taawoun ,60,58,None,51,52,57,53,50,52,52,53,47,55,53,79,73,60,67,83,65,68,46,44,30,37,39,35,37,36,9,15,10,11,9,130
PS4198,Sweden,175,70,18,AIK ,61,61,None,33,29,31,36,46,19,47,48,50,52,46,76,46,38,77,74,83,42,38,48,46,48,45,35,44,45,5,13,15,10,13,130
PS4199,Denmark,169,63,19,Brøndby IF ,69,59,None,50,47,53,55,48,26,56,56,44,60,56,69,51,46,86,68,74,58,47,56,46,37,53,50,48,50,13,10,6,10,7,130
PS4200,France,187,73,23,Stade Lavallois ,41,28,None,60,58,53,47,25,54,32,42,28,42,34,59,58,63,55,54,46,63,51,36,17,24,27,30,37,20,10,5,5,10,13,130
PS4201,Republic of Ireland,193,84,19,Crewe Alexandra ,42,36,None,54,57,56,48,25,54,34,42,29,43,41,61,54,77,47,58,49,54,57,36,19,20,26,21,29,24,6,13,8,9,6,130
PS4202,Korea Republic,185,80,23,Seongnam FC ,51,55,None,16,10,40,51,57,12,43,51,31,39,34,58,50,69,52,66,62,60,51,50,56,48,32,30,64,33,8,12,8,7,6,130
PS4203,England,197,78,19,Everton ,35,22,None,55,60,59,41,25,52,25,42,20,42,30,44,52,74,43,70,39,73,59,39,17,22,24,21,36,23,7,10,6,10,15,130
PS4204,Sweden,178,67,19,GIF Sundsvall ,57,58,None,15,23,30,53,50,15,56,49,39,47,41,68,60,46,73,61,57,54,46,58,59,54,46,33,61,49,12,14,13,6,11,130
PS4205,Germany,182,75,20,FC Ingolstadt 04 ,56,52,None,54,55,44,47,31,49,37,39,49,54,42,69,52,59,51,66,48,53,41,39,33,33,26,31,33,29,10,6,14,9,7,130
PS4206,Germany,187,86,37,Wehen Wiesbaden ,60,59,None,63,61,70,64,49,64,54,62,59,61,58,62,70,81,59,67,58,73,61,64,29,56,57,49,50,31,6,11,15,11,6,130
PS4207,Australia,172,74,23,Newcastle Jets ,53,33,None,54,55,43,48,44,54,50,52,44,58,54,55,59,67,64,53,58,73,44,42,42,28,22,27,35,22,13,12,12,10,6,130
PS4208,England,189,78,19,Drogheda United ,51,48,None,17,16,48,54,53,27,48,54,33,39,28,62,51,72,62,70,57,65,53,59,57,48,33,32,50,49,15,10,10,12,14,130
PS4209,England,181,68,21,Cambridge Utd ,57,55,None,49,53,56,55,49,51,56,57,45,58,57,75,56,52,66,59,63,52,45,55,43,53,49,37,41,36,6,9,10,9,6,130
PS4210,Saudi Arabia,170,60,21,Al Wehda ,50,52,None,50,52,53,53,47,52,40,39,49,51,47,70,59,44,71,69,58,58,46,26,25,30,33,35,32,23,14,10,12,13,9,130
PS4211,Saudi Arabia,173,69,22,Al Fateh ,58,55,None,21,20,36,41,50,22,53,54,48,51,44,68,48,51,71,73,75,44,31,50,43,38,48,42,46,37,13,5,9,11,6,130
PS4212,China PR,175,70,22,Guangzhou FC ,52,53,None,33,45,39,51,51,43,55,45,56,61,60,61,68,44,51,62,71,48,46,42,45,41,54,58,44,45,6,12,11,5,11,130
PS4213,Denmark,182,74,19,FC Midtjylland ,50,48,None,56,57,40,45,34,53,39,47,46,48,41,64,56,58,63,66,60,71,55,35,20,24,40,21,30,23,11,8,14,6,10,130
PS4214,Italy,190,86,23,Cremonese ,12,8,None,13,10,28,44,6,7,22,26,11,26,15,18,27,58,22,26,22,36,13,44,6,7,13,11,18,6,51,56,62,59,58,130
PS4215,England,178,69,19,Crewe Alexandra ,52,59,None,44,49,62,54,52,51,51,48,47,61,60,64,53,52,67,52,66,49,47,65,41,49,48,49,52,42,12,11,14,14,7,130
PS4216,Romania,181,75,22,FC Univ. Cluj ,18,11,None,11,13,25,44,17,15,43,36,14,28,30,32,25,53,44,22,28,57,12,42,19,17,13,11,16,16,56,58,52,56,58,130
PS4217,India,174,65,22,ATK Mohun Bagan ,55,56,None,15,17,30,48,49,19,47,49,37,50,37,59,53,47,76,66,71,62,53,50,59,49,37,37,55,49,10,7,12,14,13,130
PS4218,India,170,57,23,Chennaiyin FC ,53,55,None,26,25,38,40,46,17,47,45,49,52,46,71,44,52,67,82,75,45,33,47,47,39,47,36,50,40,11,9,15,7,9,130
PS4219,India,167,65,27,NorthEast United ,46,40,None,55,56,73,45,44,48,38,40,44,41,38,72,80,66,72,67,60,71,38,46,29,39,39,33,27,42,14,13,5,15,5,130
PS4220,Bolivia,177,73,39,Always Ready ,66,43,None,61,63,62,63,51,62,45,68,63,64,63,57,60,60,75,60,60,69,61,65,46,64,43,68,63,42,12,7,8,10,7,130
PS4221,Norway,185,80,37,Odds BK ,57,32,None,65,67,61,68,34,65,46,67,40,62,63,33,51,72,44,33,32,73,65,45,31,40,30,23,36,16,6,8,11,14,13,130
PS4222,Saudi Arabia,175,64,22,Al Nassr ,54,47,None,12,16,38,50,53,15,49,47,29,42,32,62,58,58,73,65,72,75,54,53,57,47,36,28,55,49,6,6,14,14,11,130
PS4223,Germany,178,74,20,Austria Klagenfurt ,58,54,None,50,55,53,53,41,53,58,46,41,62,55,60,47,47,76,63,55,55,49,46,51,41,35,36,46,31,10,14,13,8,13,130
PS4224,Australia,197,87,23,Macarthur FC ,10,10,None,11,10,24,48,7,13,32,34,11,28,21,23,29,37,29,19,31,33,12,41,7,7,11,12,15,8,55,57,57,54,54,130
PS4225,China PR,188,81,34,Beijing Guoan ,33,28,None,13,12,29,60,14,25,50,49,20,26,42,37,28,57,56,51,58,65,24,42,12,12,25,24,15,15,62,62,60,56,63,130
PS4226,Poland,190,83,34,Lechia Gdańsk ,21,14,None,22,24,23,47,15,23,42,56,21,35,32,28,26,66,51,37,36,52,13,47,12,12,12,12,23,11,67,61,63,62,60,130
PS4227,Saudi Arabia,165,61,23,Al Khaleej ,51,57,None,30,29,45,44,45,24,59,49,55,52,58,69,41,30,86,67,75,57,39,49,38,35,51,49,31,35,7,14,5,6,12,130
PS4228,Venezuela,156,55,19,Dep. Táchira ,52,50,None,56,58,61,62,39,55,53,39,39,63,61,61,46,41,80,60,58,57,49,46,42,41,38,37,46,32,8,13,9,14,13,130
PS4229,Australia,186,82,20,Melbourne City ,45,40,None,53,56,58,48,22,48,36,48,39,50,48,55,62,75,52,60,53,69,48,38,21,17,34,28,32,19,12,9,12,10,11,120
PS4230,Mexico,167,61,20,LA Galaxy ,52,55,None,25,27,32,48,48,20,51,47,47,50,42,75,56,31,89,71,84,48,35,54,51,47,48,36,52,39,12,13,8,12,9,120
PS4231,Turkey,180,75,18,Başakşehir ,44,30,None,62,61,60,53,30,53,29,45,30,40,42,54,58,57,54,53,58,65,52,46,28,25,26,27,39,28,6,14,14,14,9,120
PS4232,Finland,188,84,20,HJK Helsinki ,45,29,None,53,55,48,51,22,56,35,44,26,50,45,59,62,70,53,64,52,67,52,36,24,20,28,27,32,33,7,9,13,11,14,120
PS4233,Serbia,191,83,21,Karlsruher SC ,43,22,None,56,57,48,51,22,55,28,43,26,37,35,55,53,66,56,55,43,65,56,21,20,19,26,24,20,23,7,6,7,14,8,120
PS4234,China PR,179,75,28,Tianjin JMT FC ,53,61,None,48,43,38,57,57,43,60,43,55,48,29,71,57,61,71,75,77,74,62,45,51,47,38,34,65,45,10,13,9,10,11,120
PS4235,Korea Republic,184,74,28,Gimcheon Sangmu ,37,21,None,59,61,44,48,27,51,36,39,25,37,33,60,54,64,60,52,33,69,54,30,19,19,24,25,30,26,6,9,13,13,10,120
PS4236,Italy,190,75,21,AJ Auxerre ,18,8,None,11,11,17,36,4,8,38,37,11,18,17,21,23,53,27,20,29,36,13,39,5,7,10,12,15,7,56,59,57,52,57,120
PS4237,China PR,175,74,32,Changchun Yatai ,56,52,None,56,58,65,61,49,58,60,39,47,55,53,67,74,58,74,52,77,76,35,54,31,54,31,46,33,28,6,7,7,12,15,120
PS4238,Romania,176,70,20,UTA Arad ,51,58,None,38,35,68,45,53,31,41,38,53,45,38,73,67,31,48,67,61,41,29,53,41,38,41,34,28,55,14,8,12,9,12,120
PS4239,Senegal,182,68,21,LAFC ,35,34,None,53,57,54,51,24,57,31,43,27,49,39,55,60,67,65,55,50,66,55,40,24,22,20,20,32,24,7,9,11,8,14,120
PS4240,India,175,70,31,Jamshedpur FC ,44,47,None,54,55,53,50,35,54,38,49,44,42,35,69,74,64,65,67,64,75,41,33,21,26,35,29,28,25,13,9,5,6,10,120
PS4241,Spain,182,78,17,FC Andorra ,50,44,None,54,63,57,45,32,56,35,45,34,41,28,58,62,58,66,57,60,68,56,45,23,21,31,35,41,32,9,5,9,5,6,120
PS4242,China PR,182,70,28,Zhejiang Pro ,52,49,None,53,54,60,50,39,52,48,50,41,55,49,43,78,61,63,63,68,62,56,45,26,26,32,30,39,25,5,14,6,15,11,120
PS4243,China PR,188,72,27,Changchun Yatai ,51,51,None,21,33,29,54,50,26,51,44,34,49,38,80,57,56,72,71,82,73,53,47,55,51,35,34,61,43,12,11,13,7,5,120
PS4244,China PR,180,72,36,Guangzhou FC ,58,59,None,56,57,60,65,60,58,60,58,59,56,54,68,64,65,62,70,69,59,58,58,52,48,62,63,45,44,12,8,15,13,13,120
PS4245,Sweden,183,75,20,IFK Norrköping ,50,52,None,17,19,30,48,59,16,47,55,34,46,37,61,55,59,58,61,62,61,53,55,56,52,33,29,61,41,9,9,14,11,13,120
PS4246,Korea Republic,185,76,29,Incheon United ,26,20,None,62,62,52,51,29,60,30,44,24,35,24,54,59,67,55,51,37,74,51,32,21,15,20,20,32,21,7,13,10,13,13,120
PS4247,Canada,191,90,33,Tromsø IL ,23,14,None,15,17,34,52,12,18,42,40,14,35,35,42,28,68,52,36,37,54,14,43,14,14,14,14,20,17,59,61,60,57,61,120
PS4248,Norway,175,70,21,Lillestrøm SK ,57,56,None,52,53,53,48,49,51,52,48,42,58,56,61,58,47,75,63,56,57,53,50,38,39,39,38,44,30,9,11,8,6,7,120
PS4249,England,180,79,22,Hull City ,49,58,None,56,51,51,48,51,55,36,37,51,39,30,65,53,61,65,59,57,61,48,22,24,22,33,31,34,25,9,10,10,6,11,120
PS4250,China PR,183,76,36,Guangzhou FC ,60,57,None,64,66,60,60,44,56,36,65,58,58,52,67,58,72,67,54,61,60,63,33,39,39,33,37,37,42,9,13,7,15,14,120
PS4251,Switzerland,186,82,21,VfB Stuttgart ,17,7,None,14,13,22,50,5,9,32,30,12,20,22,15,19,56,34,29,37,48,12,41,9,9,13,13,17,8,52,58,52,54,59,120
PS4252,Sweden,167,57,21,IFK Göteborg ,57,57,None,30,29,34,42,49,28,53,48,48,51,46,74,51,33,80,72,83,36,35,40,45,41,46,37,34,36,11,5,15,12,9,120
PS4253,Romania,194,84,20,FC Rapid 1923 ,37,33,None,55,57,46,41,34,50,29,38,29,45,40,73,65,73,62,81,63,60,60,35,29,31,30,34,34,27,5,7,8,6,5,120
PS4254,Germany,188,77,33,Viktoria Köln ,20,14,None,10,12,25,49,5,12,28,44,14,21,37,29,20,43,31,35,33,48,10,47,9,7,12,12,19,7,57,62,59,63,62,120
PS4255,China PR,188,75,28,Rongcheng FC ,45,51,None,54,53,50,47,53,49,43,46,31,41,31,65,53,76,64,71,61,72,54,52,56,46,31,31,55,41,7,13,5,11,13,120
PS4256,Poland,182,70,18,Miedź Legnica ,56,51,,23,25,35,44,42,23,45,53,49,54,51,72,54,53,58,74,68,51,39,52,52,35,39,40,49,45,9,8,6,9,7,110
PS4257,Australia,183,75,22,Central Coast ,40,34,None,58,61,45,48,24,52,31,46,28,38,35,54,54,63,60,53,39,76,49,32,21,16,23,21,36,28,7,14,8,8,5,110
PS4258,Poland,184,75,19,Miedź Legnica ,51,48,None,53,56,56,56,40,55,40,45,34,52,48,60,59,59,60,61,61,62,50,38,23,26,23,27,41,24,8,13,8,13,11,110
PS4259,France,185,75,18,Havre AC ,54,48,None,14,18,33,48,57,11,49,45,29,48,31,57,55,56,57,53,58,62,55,48,60,51,35,30,62,45,10,8,8,11,6,110
PS4260,England,182,70,21,Colchester ,47,45,None,54,55,50,55,41,52,39,45,50,48,39,67,58,69,54,59,55,71,49,37,30,30,48,39,40,31,14,9,6,10,6,110
PS4261,Italy,185,75,19,SPAL ,54,53,None,52,52,54,52,51,48,48,43,34,58,57,64,64,63,58,66,50,57,49,57,37,56,39,32,41,41,6,15,13,12,9,110
PS4262,England,170,64,21,Swansea City ,42,52,None,53,54,49,49,43,50,37,37,56,35,31,71,63,37,68,68,68,57,40,27,29,25,33,30,30,27,9,12,12,13,7,110
PS4263,Germany,190,84,19,Karlsruher SC ,13,5,None,10,13,17,39,4,11,34,31,10,30,29,27,16,62,40,25,29,51,11,44,6,6,11,14,13,8,48,60,57,58,64,110
PS4264,Romania,192,88,33,FC Rapid 1923 ,16,18,None,12,13,36,57,11,13,47,44,12,27,27,40,37,62,47,39,46,49,11,44,14,10,16,15,11,15,58,55,60,58,57,110
PS4265,Saudi Arabia,171,60,21,Al Batin ,51,56,None,24,19,34,41,43,23,41,40,40,43,32,91,49,34,87,77,83,43,29,50,48,43,40,31,40,32,7,14,5,10,14,110
PS4266,Germany,165,56,18,SV Darmstadt 98 ,56,54,None,47,45,51,55,54,42,54,50,40,61,59,69,55,38,84,55,80,60,49,51,33,40,45,35,38,38,13,14,8,7,14,110
PS4267,Sweden,182,77,19,Hammarby IF ,49,50,None,55,56,52,52,26,54,25,40,25,52,54,68,55,60,63,70,55,72,52,30,23,19,25,27,33,22,8,13,10,14,11,110
PS4268,Saudi Arabia,166,59,24,Abha Club ,57,57,None,49,54,49,52,50,54,52,51,48,57,53,63,50,48,70,62,57,56,45,43,45,35,46,44,47,30,14,11,8,10,11,110
PS4269,United States,183,72,20,Orlando City ,48,46,None,50,51,46,49,44,45,39,34,41,52,38,66,66,60,61,67,58,70,41,28,29,27,32,34,30,22,6,9,12,9,5,110
PS4270,China PR,183,79,22,Guangzhou FC ,48,55,None,13,18,26,51,53,16,41,46,29,42,29,61,58,71,58,57,63,62,45,47,62,48,30,34,53,34,10,9,7,7,15,110
PS4271,Saudi Arabia,174,70,22,Al Taawoun ,50,53,None,21,14,53,43,51,12,34,38,33,43,30,74,60,56,66,83,68,63,51,49,54,42,31,32,47,43,15,7,14,9,5,110
PS4272,United States,180,71,22,Inter Miami CF ,53,55,None,26,23,35,44,46,22,45,47,44,45,38,77,47,50,67,78,72,44,37,60,61,37,41,34,48,40,8,6,12,8,8,110
PS4273,United States,185,81,30,Austin FC ,15,16,None,19,18,29,60,14,10,41,38,20,31,38,35,36,51,40,38,52,62,16,45,12,11,20,18,25,17,54,60,51,60,58,110
PS4274,Germany,190,83,19,Arminia Bielefeld ,16,10,None,11,12,24,53,7,8,24,34,10,18,23,30,22,56,27,30,22,40,12,39,5,8,12,10,12,9,52,56,56,52,60,110
PS4275,England,178,69,22,Salford City ,48,48,None,53,52,54,47,46,50,37,38,45,33,21,75,58,64,52,80,73,63,37,27,30,20,25,32,31,20,8,9,7,7,13,110
PS4276,France,187,75,23,Stade Lavallois ,16,9,None,14,12,28,41,5,7,36,24,11,19,25,23,16,41,49,15,31,64,12,40,7,7,14,11,19,5,57,56,54,53,55,110
PS4277,England,187,68,35,Grimsby Town ,57,56,None,24,28,66,55,60,34,54,66,43,55,46,47,70,80,57,52,61,74,63,61,62,54,52,45,58,57,10,9,7,6,11,110
PS4278,Ivory Coast,177,67,19,FC Nordsjælland ,63,59,None,40,42,41,50,53,42,48,48,52,60,59,72,58,35,78,73,71,64,39,52,45,40,39,34,35,34,8,6,14,10,11,110
PS4279,India,165,59,26,FC Goa ,49,52,None,48,50,53,49,39,48,40,38,47,47,42,75,78,44,87,69,73,52,35,40,42,48,44,35,25,38,13,10,10,10,12,110
PS4280,Republic of Ireland,180,80,23,UCD AFC ,22,21,None,14,10,41,55,8,33,46,35,14,33,44,50,42,65,56,55,55,65,10,44,22,9,10,38,43,5,50,53,59,58,51,110
PS4281,Turkey,190,79,25,Hatayspor ,16,9,None,14,10,19,40,6,14,31,33,14,20,29,30,28,63,26,15,25,32,11,41,8,8,13,14,16,5,56,54,53,55,62,110
PS4282,Poland,183,70,19,Widzew Łódź ,60,49,None,54,57,52,56,50,52,59,60,40,60,58,60,55,55,60,61,62,59,55,38,36,40,42,40,40,30,9,6,10,14,12,110
PS4283,Italy,176,73,38,Ternana ,64,65,None,55,59,58,63,65,54,59,69,59,66,65,78,74,58,75,71,78,86,58,64,50,64,68,61,62,50,10,13,8,6,7,110
PS4284,Brazil,190,89,39,Atlético-GO ,16,10,None,15,18,21,67,9,13,70,54,18,36,26,25,31,65,59,48,25,68,9,54,8,12,11,13,41,9,78,68,71,72,77,110
PS4285,Poland,190,85,19,Korona Kielce ,17,7,None,14,14,23,37,6,7,28,39,12,20,15,18,23,61,27,27,37,30,14,42,6,5,14,13,18,5,55,57,61,56,57,110
PS4286,Romania,181,73,21,FC Rapid 1923 ,58,38,None,51,55,47,37,23,53,54,40,32,55,48,73,58,56,53,70,67,66,41,54,36,33,30,31,27,53,5,12,8,14,12,110
PS4287,Saudi Arabia,180,73,25,Al Tai ,20,9,None,12,14,27,46,5,9,39,35,12,35,27,33,23,54,42,30,37,64,14,39,6,6,12,13,11,8,51,57,54,52,58,110
PS4288,Romania,186,75,22,CFR 1907 Cluj ,19,6,None,10,12,17,40,7,6,22,26,10,30,20,26,23,51,33,20,29,46,11,41,5,6,10,13,16,8,52,53,56,54,63,110
PS4289,Uruguay,185,85,40,Junior ,23,8,None,8,9,31,64,16,22,55,61,44,14,18,40,28,60,51,37,45,69,10,53,7,8,69,74,22,14,75,71,73,71,76,110
PS4290,Poland,183,78,19,Wisła Płock ,33,28,None,56,55,51,49,29,53,30,38,27,41,33,55,64,71,62,60,41,74,51,37,23,26,29,33,36,30,12,7,9,15,15,110
PS4291,China PR,182,67,24,China PR ,38,38,None,50,56,48,47,31,53,30,37,39,37,35,64,65,58,62,65,52,74,48,35,24,23,26,23,32,21,6,15,10,14,8,110
PS4292,Republic of Ireland,172,70,21,UCD AFC ,43,39,None,50,52,51,59,43,48,40,41,44,45,39,66,65,51,67,61,65,63,44,36,36,40,44,41,45,43,12,13,14,14,10,110
PS4293,England,188,83,33,St. Johnstone ,16,14,None,13,12,26,54,8,14,26,43,12,25,33,34,22,52,37,34,39,57,12,44,15,16,12,13,13,15,58,59,58,59,60,110
PS4294,Brazil,183,77,39,Stal Mielec ,55,53,None,59,61,63,63,54,61,56,62,57,56,55,71,63,74,60,74,65,82,57,46,39,33,58,52,58,39,13,13,6,14,6,110
PS4295,Netherlands,185,70,18,FC Groningen ,41,30,None,58,60,54,51,26,58,29,47,32,46,35,62,57,45,61,61,47,70,59,40,24,29,35,32,34,32,10,9,10,10,12,110
PS4296,Denmark,188,75,19,AaB ,43,37,None,54,57,60,52,30,53,36,43,31,44,41,61,62,68,50,64,47,59,49,44,33,28,30,26,38,26,12,10,6,12,8,110
PS4297,Argentina,194,86,40,Estudiantes ,20,16,None,19,18,39,68,13,20,45,60,14,23,23,45,38,70,40,45,40,73,10,50,11,10,13,16,23,11,77,71,73,67,74,110
PS4298,Korea Republic,186,80,37,Suwon FC ,63,54,None,21,22,38,55,70,24,55,70,50,54,41,37,34,72,54,40,43,62,61,71,61,59,46,48,70,63,10,11,13,9,9,110
PS4299,Australia,173,67,19,Melbourne City ,51,55,None,38,29,44,48,51,25,52,49,44,50,43,69,56,56,75,74,74,62,39,53,49,45,45,39,42,46,9,13,11,5,6,110
PS4300,France,185,79,21,AC Ajaccio ,12,7,None,10,10,16,39,4,13,24,28,11,26,25,29,25,30,43,20,23,40,10,44,6,8,11,13,12,7,59,54,52,58,63,110
PS4301,Norway,181,70,18,Strømsgodset IF ,52,52,None,50,53,43,46,42,52,34,40,50,51,38,71,58,51,66,69,66,64,39,26,28,31,36,32,34,24,10,14,9,6,10,110
PS4302,Denmark,180,69,21,Silkeborg IF ,53,56,None,25,25,32,42,52,19,49,50,48,49,42,68,45,48,62,69,73,55,39,58,51,35,39,38,49,42,10,12,11,12,6,110
PS4303,United States,178,75,24,New York City FC ,49,64,None,46,48,34,38,40,49,47,53,49,50,40,65,55,57,67,65,65,46,38,57,58,37,37,32,48,49,14,10,8,8,9,110
PS4304,Australia,188,78,22,Central Coast ,47,45,None,18,13,25,51,51,10,42,46,29,48,45,72,54,66,52,74,64,63,54,52,50,52,37,48,56,42,7,9,8,14,10,110
PS4305,England,180,71,21,Bristol City ,51,53,None,46,51,55,47,44,50,50,46,53,42,34,69,62,61,67,72,69,64,50,44,33,35,41,38,36,29,5,12,13,14,6,110
PS4306,Germany,195,88,36,Jahn Regensburg ,21,19,None,9,13,31,64,8,7,29,49,11,32,39,23,30,68,39,28,26,60,13,50,13,9,18,10,20,11,65,69,64,67,68,110
PS4307,Republic of Ireland,177,69,19,Luton Town ,60,61,None,33,31,40,56,44,28,52,55,43,53,49,60,45,42,74,64,58,53,45,58,46,39,49,45,51,40,9,14,9,15,7,110
PS4308,Belgium,180,70,17,Sp. Charleroi ,40,52,None,55,58,52,54,44,51,37,36,49,32,27,73,65,55,62,75,67,73,35,43,23,27,33,20,26,36,5,7,14,13,9,110
PS4309,Germany,177,70,19,SV Elversberg ,55,56,None,33,37,60,61,49,33,48,47,44,56,51,64,42,47,72,66,61,48,40,50,50,48,45,39,45,43,9,8,14,8,14,110
PS4310,Finland,198,84,20,Fürth  ,18,11,None,12,11,18,38,5,12,39,29,14,20,20,21,15,63,24,18,22,33,14,43,8,7,12,9,11,7,54,57,60,57,56,110
PS4311,England,172,67,19,Preston ,59,52,None,45,39,75,51,53,42,55,57,43,60,57,67,63,32,83,65,62,34,33,51,31,42,41,45,40,37,7,9,10,14,8,110
PS4312,Italy,196,76,18,Palermo ,17,6,None,12,14,22,56,4,7,31,22,12,22,18,20,17,57,29,32,33,31,10,43,6,8,12,13,18,8,54,58,54,57,60,110
PS4313,Turkey,192,86,23,Karagümrük SK ,16,9,None,14,14,24,55,6,10,22,33,13,19,20,32,19,60,28,25,25,35,14,38,7,9,14,12,15,9,53,53,54,50,58,110
PS4314,India,163,66,30,NorthEast United ,53,55,None,31,26,60,47,50,19,40,49,46,42,40,81,67,65,90,78,78,80,50,56,53,52,48,36,53,54,8,13,13,8,12,110
PS4315,Turkey,193,75,19,Galatasaray ,13,10,None,11,10,20,50,6,13,25,22,10,22,21,27,21,61,24,24,24,33,12,35,6,6,12,13,17,5,54,62,53,46,60,110
PS4316,India,170,66,26,NorthEast United ,47,47,None,52,52,77,46,42,45,35,37,44,43,40,71,68,67,70,72,69,69,44,29,24,38,45,32,32,21,5,6,10,6,5,110
PS4317,Saudi Arabia,181,62,21,Ettifaq FC ,50,38,None,50,54,53,48,30,52,30,44,42,46,34,62,66,70,79,57,45,77,49,34,20,21,29,22,34,27,13,6,14,14,12,110
PS4318,China PR,180,80,32,Changchun Yatai ,48,51,None,20,25,57,49,53,28,51,55,33,40,33,55,60,75,65,55,47,66,66,62,57,47,31,32,55,44,10,7,15,8,8,110
PS4319,India,180,70,25,East Bengal ,50,47,None,49,52,55,54,45,52,35,42,42,33,31,73,84,70,57,72,64,72,48,34,31,24,42,27,35,29,14,13,6,12,10,110
PS4320,Norway,183,75,19,Strømsgodset IF ,50,48,,51,55,51,43,32,55,33,45,25,50,46,55,35,58,61,62,52,84,55,38,23,22,42,26,38,28,7,14,15,14,12,100
PS4321,Egypt,177,73,19,Al Ittihad ,54,53,,22,31,37,47,43,28,59,64,56,54,59,55,51,57,74,47,63,48,33,56,48,55,63,57,46,37,7,7,15,12,7,100
PS4322,France,191,74,21,Angers SCO ,17,5,,14,11,27,48,7,7,21,21,14,21,29,31,20,42,27,32,33,36,12,37,8,9,14,11,11,5,53,52,58,49,59,100
PS4323,Denmark,180,70,19,FC Midtjylland ,46,61,None,50,50,51,54,49,47,40,47,54,41,30,65,67,51,68,68,55,56,44,25,28,21,35,37,38,34,8,13,5,10,9,100
PS4324,Romania,175,68,20,FC Voluntari ,58,51,None,49,37,35,48,61,40,48,58,55,62,62,63,43,43,60,62,60,55,40,46,39,42,59,39,49,40,6,15,11,5,12,100
PS4325,Jamaica,186,79,19,Stoke City ,42,38,None,53,55,52,49,35,54,40,47,40,44,34,65,56,59,50,62,58,67,51,31,30,21,35,20,35,32,13,12,8,14,9,100
PS4326,Republic of Ireland,184,72,21,Drogheda United ,38,47,None,53,54,53,49,42,51,39,40,41,43,41,59,64,56,57,63,54,63,52,37,39,38,50,54,40,26,14,6,12,11,8,100
PS4327,England,188,86,21,AFC Wimbledon ,19,9,None,10,11,32,48,7,8,40,26,10,25,20,35,32,48,44,38,42,60,9,41,6,7,11,11,14,8,53,53,58,54,57,100
PS4328,England,178,76,21,Sunderland ,55,56,None,50,47,55,49,41,54,58,49,44,56,54,66,52,56,56,63,62,61,42,46,37,38,42,48,43,32,14,12,7,14,5,100
PS4329,China PR,175,61,20,Zhejiang Pro ,46,53,None,35,43,53,63,56,46,49,42,43,56,51,58,62,37,79,53,68,71,40,45,33,38,38,32,42,33,10,6,6,10,10,100
PS4330,China PR,185,78,28,Wuhan FC ,34,31,None,57,58,53,56,21,45,32,40,28,39,29,60,60,62,56,56,56,70,54,34,18,15,21,20,30,24,7,11,11,12,11,100
PS4331,China PR,182,75,29,Changchun Yatai ,36,35,None,63,63,61,45,32,54,26,36,39,38,36,64,71,70,61,60,46,72,42,33,18,20,24,27,32,23,9,8,13,15,14,100
PS4332,Belgium,180,65,18,KV Mechelen ,19,7,None,14,14,26,47,6,14,30,39,12,15,19,41,28,56,50,38,49,67,14,43,7,9,13,12,14,5,54,58,52,57,60,100
PS4333,Sweden,184,79,19,IFK Göteborg ,50,51,None,18,24,45,48,54,14,46,45,31,48,32,66,51,65,53,67,63,59,47,50,58,48,31,34,54,40,10,6,6,11,11,100
PS4334,United States,183,74,23,Philadelphia ,52,49,None,30,34,50,42,59,29,43,44,35,42,39,54,53,56,54,53,52,59,59,49,53,46,38,34,54,49,11,6,7,12,8,100
PS4335,United States,193,84,27,Bohemian FC ,19,12,None,11,10,16,36,7,6,49,33,10,26,17,19,23,64,26,23,21,36,13,41,8,8,12,14,18,8,53,57,56,54,58,100
PS4336,Saudi Arabia,168,58,28,Al Batin ,54,57,None,31,32,48,45,41,35,52,50,51,58,49,72,64,39,83,65,71,43,34,41,42,46,50,44,38,33,12,7,6,12,15,100
PS4337,Norway,186,75,19,Tromsø IL ,52,52,None,15,17,30,40,54,12,48,48,28,45,28,72,34,62,63,75,60,62,48,52,55,50,35,30,54,45,13,14,6,14,9,100
PS4338,England,178,73,19,Sheffield Utd ,47,48,None,47,49,57,58,55,41,52,40,44,63,58,67,61,56,67,65,58,56,48,56,30,45,40,38,48,41,13,8,9,14,8,100
PS4339,England,185,75,20,Fleetwood Town ,46,39,None,55,57,52,52,22,50,31,47,34,55,48,63,60,62,59,66,57,68,53,33,14,22,37,25,33,18,6,13,8,7,14,100
PS4340,England,196,85,23,Sutton United ,34,22,None,54,56,48,42,32,52,23,45,19,34,26,47,59,78,34,52,33,52,52,38,17,18,27,22,34,22,13,7,11,8,14,100
PS4341,Wales,180,73,19,Crewe Alexandra ,54,50,None,18,24,47,48,54,28,39,44,35,42,34,77,51,47,70,76,71,53,47,48,55,45,44,34,48,49,11,10,11,8,10,100
PS4342,Chile,187,76,18,Colo-Colo ,14,6,None,14,13,19,34,6,9,57,22,13,18,25,17,20,54,34,32,28,62,11,42,5,9,12,13,11,9,58,57,58,56,58,100
PS4343,United States,188,82,20,LA Galaxy ,33,25,None,51,57,50,48,25,55,27,45,28,49,43,54,47,72,54,48,47,48,41,27,17,22,23,21,29,20,6,15,12,7,12,100
PS4344,United States,178,68,18,FC Dallas ,53,56,None,55,58,57,46,63,40,36,64,42,54,37,68,58,44,71,67,59,59,48,53,60,61,57,58,38,47,5,15,10,9,5,100
PS4345,Albania,196,88,26,Perugia ,15,11,None,12,13,31,48,5,13,35,38,12,27,26,20,28,51,31,22,32,43,14,41,9,7,12,9,11,9,55,55,53,54,56,100
PS4346,England,185,82,26,Nashville SC ,41,29,None,58,56,60,45,21,52,29,38,23,39,22,60,57,65,54,58,44,69,52,34,18,24,21,24,37,22,6,14,12,8,11,100
PS4347,Republic of Ireland,177,65,20,UCD AFC ,50,55,None,44,48,41,50,48,29,48,41,49,48,43,63,54,49,68,64,69,52,43,50,53,44,45,45,48,44,13,14,12,12,6,100
PS4348,India,172,65,32,Chennaiyin FC ,51,48,None,50,52,56,52,46,48,53,46,52,55,50,68,73,52,78,67,75,57,42,52,45,43,39,48,46,53,5,13,13,13,7,100
PS4349,Scotland,169,66,20,Dundee United ,53,52,None,38,40,39,45,48,32,55,53,41,57,54,64,52,42,68,67,65,50,45,49,43,46,54,44,49,46,9,13,12,5,12,100
PS4350,Ivory Coast,178,73,21,FC Petrolul ,44,51,None,49,51,60,49,44,46,38,39,44,46,37,74,56,62,72,74,66,60,42,60,28,48,33,27,36,46,15,11,13,11,8,100
PS4351,Poland,173,70,19,Piast Gliwice ,52,62,None,10,13,33,52,50,22,48,52,31,51,45,81,52,41,75,70,78,52,43,47,58,47,49,25,58,49,14,6,10,5,7,100
PS4352,Wales,182,74,20,Newport County ,43,31,None,52,55,47,46,29,52,26,45,25,40,26,62,57,73,67,65,63,77,51,36,23,17,21,21,30,21,9,12,6,10,8,100
PS4353,Sweden,188,77,20,Pisa ,26,19,None,18,17,18,52,10,12,38,38,15,35,35,48,25,45,42,48,52,67,12,41,9,9,15,14,14,12,52,54,55,55,55,100
PS4354,Ghana,177,76,19,IFK Värnamo ,57,55,None,27,26,34,35,49,22,48,52,48,46,40,67,50,56,66,69,62,48,38,58,52,38,40,40,52,42,12,5,6,5,9,100
PS4355,Turkey,190,84,35,Kayserispor ,16,13,None,15,14,32,55,9,20,43,47,12,30,24,34,26,64,42,36,42,72,16,48,18,12,12,14,12,15,63,67,60,64,67,100
PS4356,Ecuador,191,93,39,Delfín S.C. ,50,42,None,62,63,68,39,52,63,41,72,48,56,50,55,55,88,41,45,42,63,72,56,38,43,41,51,51,43,10,12,9,11,11,100
PS4357,Norway,176,69,18,Rosenborg BK ,57,55,None,55,54,52,43,46,50,50,53,48,61,56,62,54,42,67,64,69,66,44,56,46,44,47,44,45,40,8,7,13,5,14,90
PS4358,Republic of Ireland,175,68,18,Shamrock Rovers ,48,54,None,32,33,36,45,49,35,52,45,48,53,41,68,59,39,60,66,69,63,45,47,55,47,42,25,51,40,7,13,12,14,13,90
PS4359,England,185,72,37,Colchester ,60,53,None,61,63,63,61,54,61,54,64,56,62,61,35,71,69,65,35,61,67,61,60,49,52,64,50,53,45,9,13,12,9,10,90
PS4360,Korea Republic,181,70,20,Seongnam FC ,45,60,None,21,25,40,48,52,19,41,41,44,41,39,68,44,44,56,77,74,45,38,49,47,42,45,42,45,42,13,7,13,7,12,90
PS4361,China PR,175,71,26,Hebei FC ,34,52,None,54,58,63,48,40,53,30,48,44,44,52,70,58,57,76,62,72,63,39,28,24,28,30,26,32,20,9,13,8,10,9,90
PS4362,Saudi Arabia,186,76,19,Al Fateh ,49,50,None,53,49,71,41,35,53,44,39,37,50,49,72,60,70,61,79,52,59,49,44,31,36,36,36,41,32,15,9,12,7,15,90
PS4363,Norway,181,75,19,FK Haugesund ,56,54,None,53,53,43,50,45,53,46,47,40,60,56,71,53,58,74,74,73,66,50,45,36,39,37,40,36,34,10,14,5,8,7,90
PS4364,India,174,83,30,NorthEast United ,45,46,None,47,50,82,47,47,48,51,42,39,50,47,48,80,79,50,34,55,79,46,58,29,46,35,49,43,43,13,14,12,15,9,90
PS4365,Norway,183,72,17,Vålerenga Fotball ,42,36,None,54,56,51,45,30,56,40,45,26,45,28,70,51,58,62,68,57,71,50,38,22,24,26,23,33,29,8,8,6,9,14,90
PS4366,India,179,73,30,NorthEast United ,45,46,None,50,52,58,51,40,50,40,41,44,50,48,62,83,70,71,71,71,67,57,50,40,38,32,38,40,34,7,8,14,9,7,90
PS4367,India,170,68,32,Hyderabad FC ,42,45,None,52,51,54,47,41,55,38,38,43,44,30,70,81,63,74,67,66,67,42,22,25,28,28,32,38,22,10,13,12,13,13,90
PS4368,Australia,170,75,21,Melb. Victory ,45,40,None,49,42,54,65,50,36,44,38,35,59,54,73,57,54,78,71,78,56,43,51,45,57,36,35,39,45,12,7,6,10,7,90
PS4369,China PR,173,63,22,Guangzhou City ,49,53,None,50,55,50,51,32,53,53,46,44,58,53,51,63,44,61,57,53,56,43,45,33,39,42,36,46,38,12,13,13,10,13,90
PS4370,India,185,80,27,East Bengal ,13,5,None,13,12,28,54,7,10,34,29,10,20,23,35,28,56,44,32,24,58,13,40,9,6,12,12,12,5,51,54,50,53,56,90
PS4371,Romania,185,80,22,FC Argeș ,14,9,None,8,12,30,43,8,8,32,30,8,32,25,25,30,56,45,22,30,66,8,47,8,7,11,12,15,6,55,52,50,63,58,90
PS4372,Switzerland,183,80,20,FC Luzern ,29,55,None,61,61,49,55,44,49,32,33,36,25,31,66,60,67,58,57,52,57,45,22,24,24,29,32,42,29,13,9,7,13,10,90
PS4373,Iceland,180,72,18,IFK Norrköping ,58,56,None,45,48,53,45,50,49,50,45,43,57,55,65,57,45,71,64,72,52,43,48,45,38,37,37,40,33,9,15,11,12,10,90
PS4374,Romania,175,67,20,FC Petrolul ,53,52,None,19,22,52,53,48,15,49,54,29,46,35,64,64,62,64,66,60,48,45,51,53,45,42,38,52,44,10,6,8,7,10,90
PS4375,United States,172,68,19,Colorado Rapids ,56,62,None,50,49,51,43,45,49,38,40,47,40,36,72,57,43,75,68,72,66,39,33,31,24,33,28,31,31,7,9,12,9,8,90
PS4376,Greece,186,74,19,SV Darmstadt 98 ,14,9,None,8,11,22,35,3,6,40,31,11,31,25,18,17,51,37,31,34,51,10,41,6,5,10,10,14,6,56,59,56,55,55,90
PS4377,France,182,75,20,Valenciennes FC ,14,11,None,11,13,23,47,5,13,32,37,12,26,24,17,20,43,43,22,21,56,12,40,8,8,11,10,13,7,51,55,56,53,59,90
PS4378,Germany,178,70,20,FC Ingolstadt 04 ,58,46,None,48,46,39,42,39,44,51,41,49,59,56,63,59,51,42,66,54,44,46,52,31,49,37,41,45,29,15,9,5,8,7,90
PS4379,China PR,179,67,26,Zhejiang Pro ,35,57,None,59,54,48,50,48,49,32,37,45,28,24,64,64,43,71,63,57,61,41,28,20,28,35,26,34,29,9,6,8,5,5,90
PS4380,Switzerland,195,90,21,Servette FC ,12,14,None,11,13,21,39,6,13,34,38,15,23,17,29,19,62,26,24,28,36,11,40,7,9,13,14,12,6,55,60,50,53,55,90
PS4381,England,182,72,20,Sunderland ,52,52,None,42,47,33,32,46,40,50,46,49,50,45,72,50,41,60,70,72,40,33,48,41,42,36,37,42,44,8,13,7,5,5,90
PS4382,Saudi Arabia,168,59,22,Damac FC ,54,53,None,38,40,39,51,46,37,47,50,47,50,46,66,48,33,70,68,64,50,36,43,47,38,41,43,42,43,12,13,14,10,9,90
PS4383,Sweden,190,80,22,IFK Värnamo ,17,13,None,13,13,24,39,10,17,36,37,13,30,28,42,25,54,36,40,44,51,14,40,10,10,14,13,15,11,53,56,53,53,55,90
PS4384,England,185,70,20,West Brom ,58,51,None,47,48,46,54,43,28,51,57,50,57,65,60,44,51,60,59,62,58,45,55,47,34,51,47,44,46,14,9,14,9,12,90
PS4385,Italy,174,72,21,Cosenza ,50,50,None,51,56,52,58,48,52,44,56,47,61,54,65,64,57,64,68,61,60,44,41,31,34,41,39,39,37,11,9,10,11,13,90
PS4386,Germany,182,73,20,FSV Zwickau ,55,55,None,55,59,62,49,39,56,51,45,41,57,55,59,51,55,63,55,60,62,51,57,36,33,40,42,42,35,10,7,10,6,6,90
PS4387,Denmark,181,75,20,FC Nordsjælland ,20,15,None,14,12,21,45,6,10,25,25,14,26,29,42,20,48,47,44,45,65,10,38,10,10,15,11,18,9,52,55,52,51,56,90
PS4388,India,179,73,28,East Bengal ,43,51,None,31,34,39,51,57,43,43,45,35,38,33,66,33,62,58,68,58,56,47,50,52,47,37,33,58,47,9,8,6,13,10,90
PS4389,Italy,184,82,24,SPAL ,42,33,None,49,50,51,44,26,49,36,38,26,44,31,63,60,70,56,62,47,67,50,43,24,18,31,28,38,23,12,8,14,5,15,90
PS4390,India,188,80,33,Jamshedpur FC ,42,39,None,54,56,71,48,26,52,36,45,29,35,31,52,68,76,49,58,46,75,50,35,21,19,24,25,31,28,13,14,11,9,6,90
PS4391,England,176,64,18,Walsall ,53,54,None,24,31,43,48,45,23,46,51,49,46,40,75,58,63,77,74,74,48,40,57,46,48,51,42,47,42,12,14,14,10,15,90
PS4392,Saudi Arabia,169,62,22,Abha Club ,50,53,None,35,41,38,48,46,43,50,48,46,51,49,66,50,58,60,64,52,58,44,46,47,45,42,44,51,39,13,15,7,13,6,90
PS4393,England,196,82,21,Cambridge Utd ,11,8,None,14,10,18,52,5,12,46,30,14,27,19,32,19,57,28,27,27,43,11,38,5,8,10,12,16,6,52,53,54,50,55,90
PS4394,Switzerland,182,73,19,FC Luzern ,39,55,None,52,55,48,54,48,49,36,48,50,32,31,63,62,53,63,58,58,56,46,30,27,23,32,28,38,29,10,11,6,7,11,90
PS4395,Wales,178,65,20,Newport County ,51,52,None,47,49,36,47,46,44,39,48,50,51,40,73,52,44,73,71,68,53,42,45,47,42,46,33,45,38,12,6,7,13,7,90
PS4396,Sweden,177,75,20,Kalmar FF ,45,42,None,54,55,49,42,36,52,30,42,42,42,39,64,57,48,69,65,63,64,52,32,21,15,26,27,35,23,6,11,9,15,11,90
PS4397,United States,175,66,20,Sporting KC ,46,51,None,49,48,51,48,47,45,40,42,50,43,32,79,58,49,69,77,62,65,36,28,24,23,38,26,37,25,11,8,11,9,13,90
PS4398,Denmark,185,81,37,NorthEast United ,57,52,None,60,62,65,58,46,61,45,58,54,59,56,50,72,83,47,45,61,80,63,57,40,52,37,50,56,39,10,6,11,10,9,90
PS4399,United States,178,68,20,D.C. United ,40,44,None,46,46,49,54,42,51,34,38,46,32,30,73,59,42,61,75,64,68,42,30,28,24,33,29,33,22,13,14,10,13,15,80
PS4400,Germany,175,67,20,Hallescher FC ,46,49,None,55,52,55,58,41,54,35,42,36,50,49,62,47,50,73,57,53,60,48,40,29,30,30,36,38,30,7,6,5,11,8,80
PS4401,England,185,68,23,Charlton Ath ,15,11,None,15,11,20,49,9,15,40,26,15,19,30,23,21,43,20,17,35,62,12,38,8,5,12,15,14,10,50,56,52,50,50,80
PS4402,Saudi Arabia,175,65,21,Al Hilal ,51,46,None,57,48,64,45,33,50,51,40,38,52,50,61,50,57,74,57,58,57,38,39,32,36,40,41,35,31,13,9,9,7,12,80
PS4403,Denmark,188,75,19,Randers FC ,20,10,None,11,13,15,35,6,7,36,37,14,25,19,31,26,42,34,30,28,46,12,39,7,9,14,14,17,5,55,58,52,52,56,80
PS4404,Croatia,186,80,36,Dinamo Zagreb ,16,18,None,12,13,21,64,17,16,54,24,11,19,29,46,21,56,32,39,47,47,11,46,10,8,10,15,17,9,60,67,64,61,67,80
PS4405,United States,188,78,24,Philadelphia ,13,11,None,11,13,26,43,5,9,22,35,10,17,18,32,20,57,34,30,31,50,13,35,6,7,14,13,15,7,51,49,58,46,58,80
PS4406,China PR,185,76,24,Henan SSLM FC ,36,17,None,25,23,21,45,11,7,53,32,31,27,31,22,45,57,42,28,35,62,19,41,20,12,13,16,26,19,52,54,54,55,53,80
PS4407,England,178,67,38,Rochdale ,60,59,None,28,31,61,63,65,33,59,64,55,57,52,39,53,67,72,47,57,67,58,63,62,59,56,55,64,60,9,8,13,11,14,80
PS4408,England,173,70,19,Mansfield Town ,53,51,None,40,42,47,48,48,40,53,48,45,55,53,65,68,55,70,64,65,55,40,50,42,46,45,42,45,46,8,10,12,15,6,80
PS4409,Australia,170,70,18,WS Wanderers ,49,43,None,14,14,28,50,53,12,48,47,32,36,32,73,71,47,82,74,68,66,53,45,58,44,37,32,58,34,14,13,8,13,13,80
PS4410,Poland,186,76,18,Miedź Legnica ,18,5,None,14,14,22,38,4,9,27,36,14,25,17,15,28,53,34,21,33,50,13,38,7,8,14,13,17,8,57,55,50,50,58,80
PS4411,England,183,78,19,MK Dons ,49,52,None,16,22,31,50,51,27,46,47,45,47,35,72,58,60,60,67,67,60,50,48,52,44,43,36,49,41,7,12,14,11,6,80
PS4412,Norway,182,74,19,Viking FK ,14,11,None,13,14,25,47,4,9,28,39,14,17,27,27,22,47,49,16,23,57,14,43,5,6,14,12,17,5,52,55,54,57,52,80
PS4413,Saudi Arabia,170,65,21,Al Tai ,53,49,None,48,50,52,51,44,49,50,45,45,51,50,60,57,60,70,58,53,53,46,43,31,37,38,37,43,28,13,8,6,6,14,80
PS4414,Romania,175,70,18,Farul Constanța ,50,49,None,52,56,48,56,35,49,49,51,38,54,52,51,50,52,64,53,58,64,49,42,38,41,42,41,40,39,12,15,14,12,12,80
PS4415,Italy,170,65,17,Brescia ,53,49,None,49,53,57,53,40,49,51,58,42,62,53,59,53,49,63,65,60,78,44,49,40,38,51,50,42,45,14,6,12,9,5,80
PS4416,China PR,178,73,34,Meizhou Hakka ,57,55,None,52,53,62,59,54,59,54,58,45,53,50,61,70,62,71,55,67,68,55,52,48,56,49,48,44,53,14,9,10,13,15,80
PS4417,United States,181,73,18,Sounders FC ,55,54,None,49,53,50,49,51,49,50,55,43,56,51,65,56,56,61,62,62,56,42,46,44,42,47,39,40,35,6,6,7,6,9,80
PS4418,India,178,75,24,NorthEast United ,54,49,None,46,47,51,49,47,46,45,40,43,55,53,65,64,68,68,49,57,65,46,49,35,37,39,37,38,39,10,12,13,14,13,80
PS4419,England,190,70,19,Mansfield Town ,35,32,None,50,51,58,46,33,49,31,47,31,44,36,63,65,71,59,62,58,70,51,38,29,26,27,27,35,24,5,12,8,8,10,80
PS4420,Italy,186,75,24,Bari ,29,29,None,59,64,43,48,26,49,33,45,24,32,29,57,62,57,57,55,48,66,47,36,21,20,29,26,34,29,7,10,12,8,5,80
PS4421,United States,178,64,18,FC Dallas ,53,51,None,33,38,39,40,48,28,44,43,45,49,42,73,49,44,66,73,72,47,39,49,44,38,40,35,47,39,8,7,7,13,14,80
PS4422,England,195,80,21,Cardiff City ,10,8,None,10,14,16,47,4,11,29,21,12,20,26,20,25,60,25,31,32,42,10,35,6,6,13,12,12,7,53,50,49,47,59,80
PS4423,Norway,176,73,18,Sandefjord ,55,53,None,49,50,55,44,50,48,51,37,40,58,56,60,50,43,75,64,66,54,46,45,40,36,42,40,34,40,10,9,14,8,7,80
PS4424,DR Congo,172,73,19,Bohemian FC ,51,50,None,25,26,40,40,46,23,49,48,50,49,42,68,49,47,65,72,66,52,41,49,49,38,48,42,47,42,6,12,8,13,15,80
PS4425,United States,170,66,20,Sounders FC ,56,52,None,48,49,50,59,51,48,51,55,61,52,49,63,54,50,73,64,63,57,40,44,41,33,53,38,39,32,14,14,9,12,15,80
PS4426,Finland,183,72,19,Kalmar FF ,46,45,None,54,55,45,43,22,55,42,42,35,50,45,64,55,59,61,63,50,64,50,28,20,24,29,30,35,23,10,11,11,13,14,80
PS4427,England,185,75,19,Northampton ,49,40,None,31,33,60,49,52,32,44,47,32,37,34,60,59,68,49,60,49,65,53,49,59,49,45,42,55,50,14,14,8,8,11,80
PS4428,Saudi Arabia,176,79,21,Al Adalah ,39,45,None,51,52,53,46,39,51,38,39,45,40,37,67,57,59,67,66,72,34,45,36,28,30,50,35,37,25,8,7,6,5,9,80
PS4429,Republic of Ireland,196,86,27,Carlisle United ,14,15,None,16,17,18,46,19,16,36,32,13,15,19,30,37,54,40,27,28,52,14,37,11,11,19,13,22,19,52,54,53,49,51,80
PS4430,India,178,75,35,Hyderabad FC ,49,46,None,54,51,71,46,53,53,45,48,41,49,48,64,81,80,63,53,72,85,56,52,42,47,39,32,42,56,10,10,11,12,8,80
PS4431,Romania,184,67,19,FC Botoșani ,32,29,None,54,56,53,53,26,51,30,42,32,42,34,32,52,65,48,53,31,64,45,40,28,25,28,28,33,32,11,12,13,5,10,80
PS4432,Australia,186,75,19,WS Wanderers ,42,40,None,23,21,54,49,54,22,41,42,23,40,29,53,60,78,68,63,56,63,60,56,51,42,27,25,51,44,9,10,15,12,8,80
PS4433,England,180,71,18,Oxford United ,51,49,None,48,47,51,52,47,51,53,53,40,54,52,66,59,61,68,67,65,50,40,54,39,49,47,40,47,36,6,10,6,12,13,80
PS4434,Italy,190,78,18,Ascoli ,13,14,None,12,10,24,45,4,6,38,34,14,25,21,40,40,52,43,44,38,61,12,40,9,5,14,10,16,5,53,51,54,53,57,80
PS4435,Austria,185,75,19,Austria Klagenfurt ,15,8,None,12,11,17,36,5,8,21,23,10,17,15,26,24,58,41,17,32,59,10,38,7,5,12,10,13,6,54,57,51,51,60,80
PS4436,England,183,79,20,Shrewsbury ,39,42,None,52,53,53,45,40,54,39,33,39,36,28,64,62,70,64,63,58,70,41,21,29,23,33,27,31,21,8,13,14,10,14,80
PS4437,India,180,75,19,Chennaiyin FC ,35,25,None,56,57,48,49,30,52,32,43,42,43,46,57,62,70,65,57,57,70,40,40,36,24,33,21,36,30,15,13,7,11,10,80
PS4438,Albania,178,70,19,AC Horsens ,56,54,None,12,13,41,47,52,17,45,46,36,43,37,67,34,33,64,68,73,55,48,49,57,50,36,34,48,44,14,12,11,13,5,80
PS4439,Scotland,185,67,19,Aberdeen ,53,51,None,33,37,39,50,46,30,53,49,41,54,52,66,36,51,72,68,64,53,35,53,42,41,49,40,45,41,6,8,10,9,6,80
PS4440,India,176,70,22,ATK Mohun Bagan ,42,42,None,47,48,57,47,37,50,36,43,37,36,34,66,68,69,70,76,72,73,49,32,21,24,33,22,34,22,6,10,9,8,10,80
PS4441,Saudi Arabia,178,61,20,Al Fateh ,48,42,None,51,50,56,46,38,48,34,39,42,39,31,66,53,60,64,64,56,73,54,26,22,25,27,32,30,22,13,11,7,14,12,80
PS4442,Italy,192,80,22,Lecce ,11,5,None,11,10,27,45,8,8,38,25,14,29,27,21,22,59,26,32,30,37,10,45,7,7,14,11,18,8,55,48,54,60,51,80
PS4443,Norway,175,70,18,Tromsø IL ,53,53,None,46,46,48,46,48,46,48,49,48,51,44,75,52,32,73,71,74,63,38,50,47,44,45,40,40,40,12,6,11,9,13,80
PS4444,Poland,173,68,19,Warta Poznań ,53,55,None,51,48,56,48,54,37,47,44,37,56,55,64,63,55,68,64,72,57,48,52,53,44,40,42,43,38,14,5,13,14,10,80
PS4445,Germany,188,77,18,Wehen Wiesbaden ,34,22,,50,56,45,41,26,47,24,36,27,51,47,52,53,63,50,54,41,67,58,31,17,22,29,27,31,27,11,10,10,9,6,70
PS4446,China PR,193,75,23,Changchun Yatai ,16,12,,15,13,13,45,10,12,23,21,12,16,22,32,20,55,22,26,31,37,13,39,10,9,13,15,11,9,53,49,53,52,54,70
PS4447,Germany,185,80,19,SC Freiburg II ,16,13,,12,14,26,45,9,11,28,27,13,20,21,31,25,57,29,34,32,65,11,40,8,10,12,15,17,9,50,55,52,53,56,70
PS4448,Romania,182,73,19,Sepsi OSK ,48,40,None,51,53,58,53,30,48,39,39,30,55,50,59,52,56,62,63,56,64,50,54,25,46,36,38,31,37,7,14,8,7,7,70
PS4449,China PR,183,77,22,Henan SSLM FC ,46,50,None,51,52,60,49,53,42,51,46,39,58,52,60,58,56,77,60,56,58,48,46,32,38,37,32,39,35,8,12,8,7,12,70
PS4450,China PR,176,69,25,Guangzhou City ,52,47,None,50,46,46,46,41,37,53,54,41,56,58,65,57,50,70,68,73,55,39,51,39,45,49,44,40,43,11,11,15,10,14,70
PS4451,Italy,187,75,24,Bari ,19,7,None,11,14,18,37,5,14,35,39,10,17,16,33,16,46,32,24,21,53,12,41,7,5,13,14,17,8,43,58,53,55,55,70
PS4452,Australia,168,65,21,Central Coast ,54,44,None,20,28,25,35,41,24,50,49,46,50,48,74,51,50,85,75,54,39,32,50,44,39,37,34,46,42,15,7,7,7,9,70
PS4453,India,167,61,21,NorthEast United ,45,50,None,37,31,55,54,52,47,52,36,42,54,52,70,58,41,85,67,68,62,46,50,39,36,41,32,35,37,9,8,13,13,14,70
PS4454,Germany,193,82,20,Frankfurt ,14,8,None,10,12,24,45,4,8,26,30,10,21,24,26,17,55,28,20,31,41,11,38,5,5,11,9,16,7,51,52,54,51,57,70
PS4455,Poland,193,78,20,Radomiak Radom ,42,28,None,56,55,52,44,33,53,38,42,40,44,38,61,63,64,45,60,45,72,54,44,25,37,29,34,38,32,10,13,13,10,5,70
PS4456,Korea Republic,173,64,24,Daegu FC ,52,56,None,45,43,46,50,57,29,52,56,45,55,61,53,52,34,80,68,49,53,45,51,48,46,45,42,39,38,6,12,7,9,12,70
PS4457,Chile,181,80,39,Antofagasta ,49,51,None,64,66,63,62,30,60,40,64,57,55,60,53,55,64,50,55,51,67,65,51,41,56,48,45,45,54,8,14,16,9,7,70
PS4458,Saudi Arabia,167,57,22,Al Fateh ,52,51,None,27,25,31,42,42,15,44,46,49,48,44,70,43,33,69,71,73,41,35,43,45,39,51,43,38,36,11,9,10,6,7,70
PS4459,India,169,65,22,Hyderabad FC ,48,50,None,44,46,40,40,45,42,45,40,52,45,45,72,60,38,76,76,74,60,36,51,42,39,49,39,44,45,9,8,12,10,6,70
PS4460,Hungary,193,85,20,West Ham ,10,13,None,13,10,15,49,4,6,31,21,14,20,16,25,15,51,31,25,30,42,14,38,7,8,14,13,16,8,49,53,52,50,55,70
PS4461,England,183,74,19,Carlisle United ,15,12,None,16,12,28,43,4,8,31,38,11,31,29,31,20,53,33,34,38,48,18,41,8,9,17,12,19,10,52,52,53,55,55,70
PS4462,Korea Republic,188,79,28,Seongnam FC ,30,20,None,55,55,42,44,22,57,28,44,21,32,27,52,56,65,55,54,45,72,45,35,16,22,22,20,38,25,14,8,11,6,14,70
PS4463,China PR,178,75,36,Wuhan FC ,46,35,None,65,58,56,62,28,60,30,56,30,58,56,55,54,60,68,64,48,76,50,46,27,29,21,28,33,25,15,12,11,11,9,70
PS4464,Korea Republic,182,80,40,Suwon Samsung ,64,59,None,22,45,48,42,66,42,71,70,64,66,63,34,34,56,56,33,38,44,60,63,54,61,68,65,69,60,12,7,6,7,11,70
PS4465,Denmark,191,77,18,AaB ,18,5,None,10,10,28,45,4,14,39,36,13,23,29,27,24,63,23,25,23,35,13,38,7,6,14,13,11,7,53,54,50,50,55,70
PS4466,Norway,180,73,18,HamKam Fotball ,40,38,None,52,53,46,42,27,50,35,47,43,52,50,62,33,58,52,65,66,79,48,35,30,26,38,24,33,29,7,13,15,15,11,70
PS4467,Scotland,182,83,23,Ross County ,11,14,None,11,11,27,39,4,14,26,34,13,21,28,30,26,55,59,30,34,55,14,39,5,5,14,12,14,6,51,53,56,52,52,70
PS4468,England,184,76,21,Luton Town ,38,49,None,53,51,51,51,36,46,29,34,46,33,27,65,61,57,60,58,56,56,45,25,20,21,28,24,32,23,5,13,7,9,14,60
PS4469,China PR,181,76,22,Cangzhou FC ,49,45,None,52,49,60,53,45,46,52,43,36,50,51,66,55,57,61,60,56,60,46,45,33,38,40,36,45,35,11,10,12,9,7,60
PS4470,Saudi Arabia,173,64,20,Al Fateh ,45,51,None,18,16,39,39,47,19,41,44,43,47,38,87,33,30,72,72,81,54,24,41,44,49,48,31,45,36,11,8,12,9,13,60
PS4471,China PR,185,78,33,Meizhou Hakka ,34,24,None,57,64,42,50,23,47,35,39,27,29,25,62,57,79,57,48,34,74,41,35,19,16,30,29,32,21,12,14,14,13,10,60
PS4472,Romania,178,66,19,AFC Chindia ,56,56,None,38,42,42,51,46,33,49,58,48,56,58,75,43,41,72,69,78,41,33,54,37,38,44,39,40,44,12,11,6,11,9,60
PS4473,China PR,195,82,27,Rongcheng FC ,18,5,None,10,11,26,38,5,6,32,37,10,24,26,22,20,59,24,21,25,35,10,37,5,6,10,12,19,9,48,57,46,49,59,60
PS4474,Scotland,191,82,20,Manchester City ,18,8,None,11,12,27,41,4,10,37,36,12,17,29,30,24,51,22,22,21,33,10,40,8,8,10,12,19,9,45,48,60,53,56,60
PS4475,Denmark,182,78,19,AC Horsens ,32,18,None,19,21,25,42,7,16,40,37,14,31,30,25,28,52,49,26,44,63,24,41,7,9,25,20,17,11,50,54,52,55,53,60
PS4476,England,185,69,38,Leyton Orient ,57,54,None,59,61,68,62,56,61,57,62,60,61,58,34,61,65,50,32,55,78,59,60,56,56,61,52,59,59,16,8,12,11,12,60
PS4477,Netherlands,196,78,36,SC Cambuur ,18,17,None,16,16,35,68,17,22,39,49,16,36,34,40,37,65,34,40,38,55,12,48,12,16,14,13,24,14,65,64,60,64,62,60
PS4478,England,185,87,37,Colchester ,53,51,None,60,60,66,57,21,60,47,52,50,55,55,36,65,76,53,36,48,67,62,40,23,24,34,17,25,17,14,16,10,8,7,60
PS4479,Saudi Arabia,168,61,21,Al Hilal ,52,60,None,32,34,30,44,47,15,46,41,47,46,46,69,51,46,85,66,73,45,36,53,37,36,39,36,48,45,10,14,15,14,9,60
PS4480,England,181,71,20,Wycombe ,17,8,None,9,12,21,40,6,10,24,27,13,22,28,43,24,49,51,46,48,65,13,40,6,9,11,10,15,8,50,54,52,53,51,60
PS4481,India,182,64,36,FC Goa ,58,52,None,53,55,65,52,42,55,55,53,44,61,57,69,75,69,66,68,66,52,41,60,39,51,46,42,45,43,9,9,7,13,9,60
PS4482,China PR,174,72,20,Wuhan FC ,39,46,None,53,53,45,53,47,45,34,36,43,30,20,70,45,49,75,70,59,58,37,27,23,22,32,30,39,22,9,13,10,7,14,60
PS4483,India,174,69,23,East Bengal ,49,45,None,43,41,53,40,42,42,43,42,46,50,49,68,61,59,58,71,65,64,44,42,31,35,41,35,30,31,9,15,8,7,13,60
PS4484,China PR,180,78,22,Rongcheng FC ,49,45,None,12,15,32,45,46,16,42,44,26,42,32,60,49,59,53,60,57,72,49,51,53,46,36,26,53,33,14,7,10,9,8,60
PS4485,England,183,71,18,Stevenage ,49,38,None,17,18,52,45,53,24,44,45,29,41,27,61,58,69,65,64,54,64,56,53,50,46,30,26,56,44,14,10,8,11,14,60
PS4486,Saudi Arabia,182,80,26,Al Batin ,10,13,None,13,12,19,43,6,7,38,33,11,16,22,34,25,64,52,31,39,63,13,38,9,7,11,11,11,8,51,50,52,51,53,60
PS4487,India,183,75,26,Bengaluru FC ,51,48,None,45,48,61,48,39,48,44,46,42,48,47,39,61,71,59,47,62,70,49,51,33,45,42,30,40,39,7,8,14,6,5,60
PS4488,China PR,182,70,21,Hebei FC ,33,24,None,50,53,48,49,20,54,26,36,21,33,25,55,57,56,58,48,39,80,48,36,19,21,20,21,32,22,5,5,13,12,15,60
PS4489,Saudi Arabia,181,79,21,Al Fateh ,32,28,None,55,51,45,46,29,47,32,43,24,35,25,53,51,72,49,51,43,74,49,39,28,23,24,22,46,24,14,6,8,5,14,60
PS4490,England,185,82,18,Harrogate Town ,13,12,None,13,10,16,39,5,11,15,31,10,23,22,25,24,48,51,25,39,60,11,39,9,7,11,11,18,5,49,58,49,52,54,60
PS4491,Poland,177,68,20,Stal Mielec ,54,52,None,45,50,43,54,51,28,47,53,44,58,55,63,51,54,68,66,58,68,43,52,38,40,49,45,49,43,13,14,13,8,6,60
PS4492,Romania,192,75,20,FC Hermannstadt ,16,14,None,12,10,25,33,8,7,24,29,13,28,28,28,19,31,44,22,35,56,11,40,7,5,10,12,13,5,50,55,52,53,55,60
PS4493,Australia,177,72,22,Central Coast ,35,41,None,52,51,48,48,47,52,38,38,42,40,30,69,61,45,70,63,53,62,32,23,23,22,31,27,32,27,15,15,8,13,9,60
PS4494,Burkina Faso,187,79,19,FC Sion ,46,40,None,20,17,47,48,49,22,42,51,25,39,31,54,54,64,53,51,48,61,67,45,51,47,32,22,61,44,5,12,10,10,11,50
PS4495,China PR,185,84,31,Tianjin JMT FC ,43,46,None,45,48,60,44,48,43,44,35,44,56,56,67,60,71,55,64,60,59,47,49,33,34,37,33,36,35,5,8,5,11,7,50
PS4496,Scotland,185,80,21,Rotherham Utd ,19,13,None,12,14,23,38,7,12,33,27,10,21,18,26,23,47,44,27,22,59,11,38,5,7,12,13,12,8,48,50,57,51,49,50
PS4497,India,176,75,30,Odisha FC ,19,13,None,12,13,20,42,6,6,34,39,13,20,18,23,21,35,48,26,30,58,13,37,5,9,13,10,10,5,51,53,50,49,53,50
PS4498,China PR,170,65,24,Meizhou Hakka ,45,41,None,45,46,56,46,32,52,46,34,41,52,46,44,57,40,84,56,65,66,42,42,30,32,36,38,42,35,13,5,14,13,13,50
PS4499,India,176,75,22,FC Goa ,52,48,None,41,42,55,49,50,45,46,44,38,55,53,61,58,54,70,69,59,58,43,45,46,32,39,31,36,37,15,8,14,10,15,50
PS4500,Romania,174,63,18,FC Botoșani ,51,48,None,15,19,42,50,44,22,44,51,31,49,32,57,49,52,66,65,56,62,44,53,53,51,41,31,57,45,7,13,6,8,6,50
PS4501,Australia,170,65,20,WS Wanderers ,51,53,None,29,35,35,42,45,29,43,42,42,45,36,73,47,36,65,67,74,54,31,44,44,38,46,37,36,35,11,13,13,7,8,50
PS4502,England,185,75,21,Peterborough ,16,6,None,14,10,21,38,7,11,29,31,14,27,21,29,27,44,44,17,38,60,13,34,6,6,13,10,13,8,50,50,57,45,49,50
PS4503,Korea Republic,190,85,22,FC Seoul ,12,14,None,13,12,23,45,9,12,38,35,12,23,25,29,18,55,29,23,35,35,15,38,10,12,14,12,13,13,48,49,50,51,55,50
PS4504,Poland,191,80,22,Cremonese ,10,10,None,14,12,17,44,5,9,37,30,13,24,18,22,18,61,27,27,33,31,10,37,8,8,14,13,16,8,47,48,55,49,55,50
PS4505,Bosnia & Herzegovina,193,80,36,Zagłębie Lubin ,22,11,None,13,12,26,59,15,21,43,57,11,30,35,22,22,54,38,27,41,62,14,45,13,13,13,18,15,15,63,63,63,60,62,50
PS4506,Italy,186,75,24,Ternana ,12,6,None,13,12,28,51,5,11,35,32,11,19,26,32,29,44,31,28,24,43,14,43,7,8,13,13,12,8,50,46,51,57,49,50
PS4507,Poland,185,81,21,Piast Gliwice ,11,10,None,13,12,28,40,6,11,37,22,11,27,17,19,17,64,43,24,35,62,12,40,5,7,13,13,16,7,49,49,54,53,51,50
PS4508,England,175,78,19,Sunderland ,38,50,None,48,47,48,48,46,52,36,38,45,33,29,66,60,52,78,63,62,58,40,29,25,28,30,31,39,22,8,14,11,14,12,50
PS4509,Mexico,163,54,18,LAFC ,48,51,None,48,49,39,42,41,44,34,40,44,41,33,72,53,30,94,72,81,64,34,31,26,27,36,28,32,19,8,10,6,7,15,50
PS4510,Korea Republic,170,65,31,Seongnam FC ,44,44,None,51,44,49,51,25,47,45,39,30,50,52,61,90,37,65,55,50,52,42,50,27,28,33,35,44,32,12,10,12,14,8,50
PS4511,United States,173,69,26,Chicago Fire FC ,39,46,None,44,42,45,50,46,39,43,38,54,59,53,60,53,45,78,60,50,57,48,46,33,31,40,31,40,34,11,13,6,13,10,50
PS4512,Saudi Arabia,169,60,21,Al Nassr ,40,44,None,47,50,43,41,37,48,30,38,42,42,35,65,52,40,69,68,66,55,37,26,25,22,32,28,29,26,8,12,8,8,14,50
PS4513,China PR,175,65,23,Wuhan 3 Towns ,49,41,None,46,35,54,50,53,43,45,44,44,60,59,67,58,40,80,62,59,61,42,50,25,36,39,30,37,32,8,14,12,8,10,50
PS4514,Argentina,189,87,41,Defensa ,32,22,None,17,22,25,69,15,17,53,65,21,34,21,44,33,73,47,40,43,69,10,53,13,15,16,18,25,10,70,73,66,71,73,50
PS4515,Saudi Arabia,172,70,21,Al Raed ,44,47,None,17,14,50,44,50,10,35,40,31,40,28,64,50,59,70,70,58,60,49,48,54,37,35,27,57,39,10,6,11,6,7,50
PS4516,England,171,72,20,Bolton ,50,48,None,46,47,50,55,39,43,40,38,35,58,44,57,60,49,79,60,54,64,40,45,31,28,33,31,41,27,13,8,7,7,8,45
PS4517,England,188,78,19,Barnsley ,13,8,None,11,12,19,44,7,6,28,33,10,27,28,33,28,62,39,31,31,49,14,42,9,8,12,12,15,7,46,51,50,56,54,45
PS4518,Saudi Arabia,168,65,20,Al Taawoun ,49,48,None,51,53,55,48,38,48,38,40,35,52,49,59,53,46,87,60,59,61,45,48,31,31,35,32,35,29,12,5,10,9,10,45
PS4519,England,180,80,37,Mansfield Town ,60,49,None,59,60,72,59,52,58,51,59,54,59,57,42,47,65,57,40,51,66,57,51,44,50,47,37,50,43,9,10,7,9,8,45
PS4520,Poland,176,65,18,Piast Gliwice ,56,60,None,39,31,43,48,37,26,49,45,43,48,47,53,42,41,72,68,54,54,36,52,39,42,44,40,49,44,12,5,5,14,5,45
PS4521,Romania,175,65,18,FC Univ. Cluj ,57,59,None,44,45,37,51,44,20,48,48,40,58,52,70,40,39,68,74,69,42,31,53,37,38,47,38,45,40,15,14,8,6,10,45
PS4522,England,177,66,18,Crewe Alexandra ,47,49,None,46,45,56,52,45,40,53,47,33,55,52,64,54,40,70,61,57,55,46,50,36,38,32,29,38,29,9,11,14,11,15,45
PS4523,China PR,182,77,20,Guangzhou FC ,25,30,None,51,56,46,48,24,46,31,35,29,48,29,58,63,59,61,57,48,72,40,38,19,16,25,27,31,21,7,9,14,15,11,45
PS4524,Germany,188,87,21,SV Elversberg ,46,45,None,51,50,55,54,34,43,36,42,43,51,47,55,50,80,48,55,54,56,46,41,30,32,39,38,37,35,14,10,11,12,6,45
PS4525,United States,183,79,20,Minnesota United ,42,40,None,44,48,48,50,42,47,40,43,40,42,38,60,59,56,55,59,58,57,39,35,28,28,39,37,39,28,11,15,15,7,8,45
PS4526,China PR,178,67,38,Dalian Pro ,63,62,None,56,58,58,73,59,54,51,66,54,62,56,52,56,70,52,34,34,56,54,51,46,53,61,45,50,51,9,8,15,12,13,45
PS4527,China PR,186,79,34,Wuhan 3 Towns ,9,8,,12,10,15,45,7,14,30,22,10,23,27,16,20,43,33,21,23,45,16,38,11,10,9,6,12,7,47,56,50,51,52,40
PS4528,Italy,195,90,37,Karagümrük SK ,22,18,None,12,10,18,66,10,10,60,64,12,36,37,16,33,65,40,18,22,70,13,52,17,18,14,16,21,13,72,66,71,69,68,40
PS4529,China PR,188,72,24,Meizhou Hakka ,17,12,None,16,14,24,42,8,15,31,32,14,23,21,31,29,52,31,26,30,42,12,38,7,8,12,13,13,8,48,48,52,51,51,40
PS4530,China PR,185,78,38,Rongcheng FC ,45,43,None,56,62,51,49,38,59,45,46,38,53,51,50,61,70,57,55,51,65,61,45,35,32,32,36,37,26,9,14,13,7,13,40
PS4531,Germany,191,84,38,TSG Hoffenheim ,30,25,None,13,22,38,66,12,15,42,63,23,30,22,38,40,79,34,36,33,67,30,49,10,17,13,22,25,18,70,69,67,65,73,40
PS4532,Saudi Arabia,186,80,19,Ettifaq FC ,14,6,None,14,14,25,32,4,11,26,26,12,18,27,34,22,65,45,31,28,57,11,38,9,8,12,12,12,9,51,53,49,50,53,35
PS4533,England,180,60,17,Walsall ,13,5,None,14,12,20,45,6,9,31,31,12,29,25,32,27,35,48,23,32,61,10,34,6,7,14,10,16,6,49,51,49,45,52,35
PS4534,Norway,183,76,18,FK Haugesund ,16,6,None,11,10,15,40,5,13,30,21,12,16,15,43,21,47,42,46,45,58,10,37,5,9,10,11,16,7,48,51,47,49,53,35
PS4535,Finland,195,88,36,Bristol Rovers ,12,11,None,11,14,41,55,12,30,50,37,15,34,44,47,29,67,30,42,45,69,10,44,12,14,12,13,13,12,63,60,61,59,60,35
PS4536,China PR,192,70,20,Shenzhen FC ,15,8,None,13,12,15,45,10,12,35,36,13,20,16,16,23,45,28,17,35,35,15,39,9,6,12,11,12,5,46,49,51,52,51,35
PS4537,Canada,191,74,19,Whitecaps FC ,16,12,None,13,12,18,35,5,8,38,23,14,19,18,20,17,46,44,33,34,58,13,40,7,5,12,12,15,8,51,50,51,53,50,35
PS4538,Australia,187,95,38,Australia ,18,11,None,11,15,41,68,6,17,36,33,11,25,12,53,32,74,58,47,41,68,16,47,17,13,15,13,37,11,68,67,65,63,69,30
PS4539,Netherlands,188,83,39,PSV ,32,14,None,14,17,30,65,12,22,37,51,15,38,31,48,27,72,42,45,52,60,14,51,11,20,14,14,25,15,70,65,69,68,66,30
PS4540,Korea Republic,188,83,36,Ulsan Hyundai ,15,13,None,15,14,18,57,13,12,54,61,12,12,13,31,21,65,45,37,69,57,15,45,14,11,18,14,20,13,60,60,61,60,58,25
PS4541,Italy,188,83,40,La Spezia ,20,11,None,14,12,36,67,12,22,45,64,13,36,35,55,34,62,51,50,60,82,12,46,17,13,14,12,22,12,66,62,63,61,62,20
PS4542,Italy,185,82,38,Ascoli ,23,9,None,16,15,33,64,11,20,31,53,8,37,29,41,34,64,30,41,60,75,9,44,7,16,19,14,23,13,59,64,62,58,66,15
PS4543,Switzerland,191,85,38,LAFC ,22,11,None,11,12,45,58,11,24,52,62,11,39,34,25,30,57,45,30,36,63,12,47,12,11,11,14,22,15,65,61,65,62,58,10
PS4544,England,193,87,37,Mansfield Town ,18,11,None,15,13,28,58,11,27,48,50,13,40,41,39,36,66,45,29,42,65,14,47,16,16,16,11,23,14,58,61,58,62,60,6
PS4545,England,192,87,39,Everton ,24,11,None,14,15,28,54,8,12,32,30,12,29,27,40,28,56,42,41,50,66,15,38,14,13,12,14,16,15,64,59,62,50,57,6
PS4546,England,185,86,38,Sligo Rovers ,17,11,None,10,13,36,48,16,18,36,57,16,23,43,51,25,59,49,52,52,55,10,41,17,12,10,14,19,17,56,55,55,55,56,4
PS4547,Brazil,175,68,31,Paris SG,94,95,None,29,32,63,88,86,37,90,93,83,85,81,88,79,52,82,86,93,62,63,79,83,81,88,87,91,86,15,9,9,15,11,
PS4548,Italy,191,80,32,Udinese ,20,18,None,16,18,31,72,14,11,47,44,12,22,20,58,34,60,34,61,65,74,12,45,20,16,16,11,16,20,80,81,77,60,83,
PS4549,England,179,71,24,Newcastle Utd ,78,80,,62,75,70,78,79,74,76,75,63,79,70,78,82,66,74,80,79,67,68,75,74,68,67,46,62,66,8,11,6,12,9,
PS4550,France,173,73,31,Montpellier ,76,72,None,67,72,86,77,70,75,79,75,68,81,78,59,78,69,83,55,69,64,53,77,60,69,71,55,54,56,15,7,11,11,15,
PS4551,Argentina,179,73,25,Bologna ,78,74,None,77,78,86,73,63,73,74,60,63,80,77,74,89,67,80,75,82,88,68,72,65,69,49,45,51,51,10,6,11,9,5,
PS4552,France,189,70,21,Paris SG ,76,78,None,16,17,61,76,78,18,63,73,51,68,53,74,68,72,67,74,68,74,73,76,80,69,58,48,63,61,10,8,8,7,12,
PS4553,Denmark,181,74,34,Brøndby IF ,79,76,None,73,74,72,77,76,76,78,77,79,80,80,71,83,73,71,73,72,67,68,83,73,78,78,84,61,69,13,11,9,10,13,
PS4554,Albania,179,68,24,Sassuolo ,79,79,None,64,62,67,70,75,56,78,68,61,79,72,76,72,63,70,76,78,63,54,74,68,60,70,64,69,58,7,14,6,10,9,
PS4555,Nigeria,185,82,26,Leicester City ,80,78,None,32,36,71,76,78,30,72,68,59,75,69,70,66,73,69,73,73,57,67,81,77,76,74,64,70,75,11,8,7,7,15,
PS4556,Spain,183,75,27,Brentford ,40,17,None,13,14,29,72,15,11,66,64,12,53,60,64,29,38,45,46,68,77,20,60,19,14,18,15,26,20,76,76,75,80,78,
PS4557,Germany,180,73,21,Frankfurt ,76,80,None,44,48,54,72,72,52,71,65,71,75,58,88,72,53,75,85,79,64,48,66,64,62,68,43,41,61,14,8,13,13,7,
PS4558,Germany,184,81,28,TSG Hoffenheim ,76,74,None,72,76,79,78,73,76,70,75,61,76,74,65,93,76,66,66,67,75,77,77,71,71,55,51,51,65,10,8,14,7,6,
PS4559,Spain,182,67,28,Valencia CF ,80,80,None,30,43,51,71,73,52,73,70,73,74,69,82,65,49,82,78,90,60,43,72,65,69,75,69,59,58,8,13,16,15,14,
PS4560,Argentina,174,72,26,Inter ,86,84,None,44,31,90,89,87,45,80,86,58,76,73,86,80,84,89,80,86,89,84,80,88,76,78,54,74,90,8,11,8,8,13,
PS4561,Italy,165,60,30,Paris SG ,92,91,None,84,82,89,87,78,86,89,94,82,90,89,65,75,53,93,55,90,66,57,60,60,58,85,64,64,64,15,12,12,15,10,
PS4562,Portugal,182,74,29,FC Bayern München ,86,85,None,79,83,76,84,81,81,85,85,87,87,79,86,91,62,78,84,79,72,72,80,69,79,87,69,52,62,14,6,9,15,14,
PS4563,Switzerland,189,93,29,FC Lorient ,27,18,None,12,18,37,71,13,13,58,30,13,24,22,43,28,74,57,41,58,71,24,58,10,14,14,20,20,19,75,77,74,77,79,
PS4564,England,196,80,25,Fulham ,67,55,None,74,77,76,72,28,75,51,76,38,74,72,67,68,82,53,78,53,77,73,36,30,28,30,22,35,25,8,14,11,11,9,
PS4565,Denmark,182,76,29,Club Brugge ,76,72,None,71,73,80,72,73,74,76,77,74,78,77,72,90,73,78,72,75,50,60,82,65,78,70,74,55,67,11,12,12,12,13,
PS4566,Argentina,187,81,32,Real Betis ,65,54,None,76,79,83,69,47,77,22,72,40,70,57,51,51,77,43,51,32,82,80,54,48,50,46,32,35,40,10,7,9,13,15,
PS4567,Czech Republic,188,85,34,Huddersfield ,20,14,None,18,18,29,78,15,23,67,61,15,28,45,42,38,72,56,37,47,72,19,55,14,16,17,16,13,13,82,78,75,73,83,
PS4568,Brazil,174,68,28,VfL Wolfsburg ,75,78,None,76,70,74,70,59,78,64,68,76,70,61,89,69,45,83,87,86,72,41,66,51,57,65,46,41,52,15,8,7,6,13,
PS4569,Brazil,192,84,27,SC Braga ,68,58,None,76,78,78,75,44,77,39,74,66,72,63,59,70,85,41,61,39,38,77,56,28,32,43,25,41,26,8,8,5,12,6,
PS4570,England,171,69,23,Manchester City ,90,86,None,47,59,64,82,82,59,84,82,77,85,83,86,83,47,91,78,91,49,47,82,80,77,75,68,64,59,10,8,15,6,13,
PS4571,Norway,178,68,24,Arsenal ,87,86,None,51,49,63,77,81,65,89,78,84,89,84,78,81,56,83,71,85,46,52,80,76,78,83,85,63,76,8,14,15,15,10,
PS4572,Italy,180,71,31,Hellas Verona ,76,74,None,68,72,77,76,74,72,67,73,78,76,72,79,77,68,79,78,71,73,69,79,66,75,77,66,66,81,12,11,8,13,15,
PS4573,England,180,72,22,Aston Villa ,78,81,None,64,73,73,77,76,69,75,77,68,77,69,76,79,78,85,77,80,77,56,78,77,73,73,54,53,65,6,14,9,8,12,
PS4574,Netherlands,183,76,25,AZ ,74,68,None,71,73,91,79,82,68,76,76,61,78,75,66,94,83,68,61,58,85,83,79,76,72,55,52,66,67,14,14,8,7,11,
PS4575,Wales,171,76,25,Fulham ,75,72,None,34,45,79,75,74,42,63,58,71,68,58,96,76,54,82,95,83,74,50,74,71,66,73,54,64,58,15,7,6,11,9,
PS4576,United States,175,64,22,FC Dallas ,78,71,None,41,55,57,80,77,31,76,73,68,73,69,76,86,58,88,87,84,78,68,77,76,71,68,47,67,65,13,13,12,12,6,
PS4577,Germany,176,74,25,Hertha Berlin ,77,80,None,37,42,41,75,73,22,69,72,68,71,65,85,69,65,79,66,81,54,68,77,74,76,60,51,56,70,5,12,13,7,10,
PS4578,Spain,188,86,21,Valencia CF ,75,74,None,68,76,80,75,70,75,78,74,62,82,76,64,72,82,54,68,64,68,68,66,63,61,50,59,54,51,12,14,14,10,7,
PS4579,Italy,188,72,24,Sassuolo ,74,70,None,24,30,55,73,77,16,45,62,48,64,42,73,81,75,74,75,69,74,75,79,77,73,55,54,78,74,7,14,10,15,11,
PS4580,Belgium,173,77,21,Stade Rennais FC ,76,83,None,25,28,58,70,72,18,71,71,65,70,59,94,61,67,87,89,89,75,37,73,67,59,60,44,51,54,9,11,10,8,12,
PS4581,Portugal,173,70,28,SC Braga ,76,82,None,28,27,56,66,70,38,68,65,70,68,61,91,64,56,87,88,90,74,53,75,71,70,77,70,68,62,12,11,13,8,8,
PS4582,Spain,178,62,23,Valencia CF ,73,59,None,75,76,72,71,35,73,69,67,55,78,75,60,75,68,67,55,62,75,72,57,55,48,53,38,70,45,13,13,11,13,13,
PS4583,Senegal,189,79,24,Sevilla FC ,72,62,None,74,76,78,76,67,75,58,64,58,76,72,62,76,79,52,64,55,73,63,75,37,59,46,35,42,45,14,12,12,12,12,
PS4584,Portugal,190,82,23,LOSC Lille ,67,62,None,75,78,74,73,51,75,56,69,57,69,65,79,70,84,49,83,65,69,70,59,36,38,53,32,47,35,7,9,9,9,6,
PS4585,Italy,178,72,24,Latium ,77,76,None,73,75,75,70,68,68,47,69,77,75,65,82,67,54,70,74,71,58,61,65,46,60,63,39,49,57,6,6,9,11,5,
PS4586,Spain,175,71,27,R. Valladolid CF ,77,73,None,64,71,45,71,68,66,74,74,69,78,75,76,90,53,76,74,77,59,53,59,75,73,72,52,55,68,6,12,12,8,11,
PS4587,France,184,74,20,Montpellier ,76,77,None,23,29,57,74,77,28,66,72,61,70,57,84,70,69,71,81,79,76,64,76,78,74,63,58,64,73,12,13,7,5,14,
PS4588,DR Congo,176,74,26,Brentford ,76,77,None,18,23,61,70,75,31,68,73,71,65,60,83,71,68,73,87,82,76,58,75,76,72,56,53,71,70,8,14,7,6,15,
PS4589,France,173,68,25,Southampton ,74,75,None,69,73,85,76,76,75,71,69,72,75,72,74,77,64,80,67,73,56,62,84,65,78,70,71,60,70,11,6,7,10,13,
PS4590,England,170,66,26,Brentford ,74,69,None,71,73,76,73,65,72,52,65,66,67,50,91,80,65,90,89,89,92,48,43,40,34,48,39,43,33,6,13,12,12,12,
PS4591,Spain,174,61,20,FC Barcelona ,88,87,None,63,73,62,85,77,72,88,87,68,87,85,82,88,73,90,76,88,65,50,66,68,67,79,62,53,56,8,12,7,11,8,
PS4592,Ivory Coast,180,70,30,Empoli ,78,78,None,73,75,80,71,76,75,71,77,67,75,72,78,84,73,78,79,79,72,65,72,65,69,66,56,56,68,9,7,10,9,8,
PS4593,Norway,196,94,25,Brentford ,74,73,None,76,76,80,67,54,73,50,75,58,71,64,55,64,90,46,79,52,56,74,64,58,47,58,42,49,41,7,9,9,14,10,
PS4594,Denmark,193,91,30,F.C. København ,68,63,None,15,26,75,75,78,31,69,73,52,68,50,64,71,89,52,67,54,72,82,80,77,67,62,55,66,70,11,15,9,8,9,
PS4595,Tunisia,183,81,26,Union Berlin ,75,72,None,68,71,81,72,66,80,64,81,58,76,70,66,87,75,71,57,70,64,47,58,55,65,51,44,62,33,14,10,11,13,13,
PS4596,Cameroon,188,88,30,BSC Young Boys ,74,72,None,15,19,66,76,76,18,58,74,39,63,46,73,77,87,64,80,57,87,78,79,73,70,56,56,74,77,15,13,12,5,5,
PS4597,Ivory Coast,186,83,27,Trabzonspor ,74,74,None,72,76,83,73,65,76,71,72,68,75,72,66,48,80,63,76,64,77,72,80,40,71,62,60,40,53,14,11,13,8,10,
PS4598,Brazil,168,66,27,São Paulo ,71,68,None,74,76,72,74,52,74,60,72,68,70,64,68,78,67,71,77,72,68,64,70,41,58,70,54,54,46,14,8,13,15,7,
PS4599,Portugal,187,80,19,SL Benfica ,73,69,None,73,78,63,78,25,80,67,77,45,74,73,77,83,82,52,81,48,67,74,45,28,22,31,26,40,29,6,12,10,8,8,
PS4600,Portugal,170,70,29,Adana Demirspor ,78,72,None,77,76,75,73,72,66,70,65,79,80,76,76,58,59,80,70,70,61,74,82,69,79,70,72,50,42,15,11,14,11,16,
PS4601,Belgium,181,73,29,Atlético de Madrid ,85,89,None,61,64,65,79,80,47,80,84,80,80,74,87,75,61,70,88,86,71,55,84,81,82,86,80,79,74,10,9,11,9,10,
PS4602,Netherlands,189,76,24,Liverpool ,84,86,None,28,38,60,81,81,39,79,78,83,76,68,87,76,77,71,84,80,75,66,86,82,83,78,76,68,75,9,15,11,7,5,
PS4603,England,186,70,25,Manchester Utd ,82,85,None,33,38,69,83,81,39,78,79,75,77,71,85,75,73,74,91,81,76,70,92,84,79,83,77,85,73,7,11,6,15,14,
PS4604,Netherlands,179,71,22,Feyenoord ,78,81,None,70,73,78,76,66,70,72,75,61,76,72,81,81,79,79,77,80,80,56,69,58,61,68,43,57,47,11,5,8,12,8,
PS4605,Portugal,180,74,25,Monza ,79,77,None,28,28,42,70,74,22,70,70,54,74,59,79,75,69,75,81,73,69,72,72,76,68,68,51,68,72,6,13,10,14,7,
PS4606,Turkey,173,71,24,Galatasaray ,72,79,None,41,43,46,73,74,24,72,68,63,69,59,89,75,48,70,80,88,45,52,69,72,73,73,72,62,55,9,11,7,12,8,
PS4607,France,175,64,25,RC Lens ,79,80,None,66,72,69,72,69,69,73,72,64,76,69,79,70,68,79,81,88,70,60,75,70,76,79,69,65,61,14,11,13,15,15,
PS4608,Brazil,175,77,35,Fulham ,79,80,None,50,55,45,75,77,55,79,83,75,78,71,77,55,56,78,68,82,32,31,82,73,78,82,82,79,59,7,14,12,13,13,
PS4609,England,188,83,26,Preston ,22,17,None,20,21,34,76,12,26,45,54,14,26,26,45,34,46,37,50,42,52,20,53,16,14,15,13,20,16,74,76,72,71,76,
PS4610,Romania,165,68,28,Al Raed ,75,75,None,27,21,53,75,71,22,68,66,64,71,59,88,63,57,90,81,90,33,31,73,68,68,73,72,57,65,6,7,15,5,11,
PS4611,Mexico,175,71,25,Ajax ,68,71,None,69,71,76,70,60,71,64,66,64,66,62,85,87,78,84,86,82,79,64,67,44,45,65,40,50,40,12,10,10,12,7,
PS4612,Italy,178,72,22,Juventus ,81,78,None,71,72,62,70,62,66,80,72,69,83,77,75,79,65,77,77,77,53,58,76,52,72,79,68,68,68,10,7,10,8,13,
PS4613,Netherlands,173,72,25,Stade de Reims ,68,66,None,72,76,84,73,55,78,52,69,46,69,67,61,82,76,78,51,74,85,58,60,38,54,54,41,50,42,11,6,9,13,12,
PS4614,Germany,191,84,25,SV Werder Bremen ,60,46,None,75,79,66,75,31,75,48,72,37,68,58,60,76,77,49,69,48,64,75,50,27,23,30,35,52,26,9,12,12,10,11,
PS4615,Paraguay,182,76,25,River Plate ,67,64,None,73,75,80,71,51,75,72,75,58,72,74,75,75,80,68,81,67,82,71,80,43,54,73,64,52,46,7,8,14,11,7,
PS4616,Czech Republic,183,77,29,Viktoria Plzeň ,69,67,None,71,72,77,73,66,74,65,69,74,69,64,68,78,71,69,67,70,77,74,51,52,47,51,45,44,53,13,10,9,9,11,
PS4617,Spain,170,69,27,Rayo Vallecano ,78,72,None,59,70,72,75,68,71,74,73,73,82,76,73,78,62,88,69,84,77,51,76,71,70,75,79,54,55,13,9,13,12,15,
PS4618,Brazil,186,85,27,Flamengo ,71,59,None,76,78,74,62,49,75,62,65,62,64,51,79,72,78,66,71,60,71,75,75,41,72,48,63,55,57,15,15,15,15,15,
PS4619,Brazil,196,92,32,Antalyaspor ,20,10,None,8,9,22,79,8,11,15,41,11,27,21,54,42,79,25,51,57,57,12,53,10,13,12,8,19,9,75,75,73,70,78,
PS4620,Slovakia,173,70,31,KRC Genk ,76,74,None,69,73,68,72,66,72,69,75,72,78,76,69,81,57,82,64,76,76,57,75,68,74,68,68,66,75,6,13,14,9,12,
PS4621,Germany,183,83,27,Borussia Dortmund ,86,86,None,48,45,39,82,80,58,84,83,81,85,82,66,83,68,83,69,84,63,54,82,78,79,79,72,54,79,8,11,16,11,9,
PS4622,Uruguay,187,73,26,Spurs ,85,85,None,78,83,78,79,72,82,83,86,76,85,83,73,86,72,78,70,72,73,62,69,66,65,71,68,64,71,14,8,7,14,12,
PS4623,Germany,180,71,34,Borussia Dortmund ,86,86,None,59,47,51,86,84,56,86,86,84,85,79,74,72,66,81,63,82,68,44,86,84,81,88,85,79,87,13,12,12,13,11,
PS4624,Spain,180,79,28,Rayo Vallecano ,82,83,None,32,35,80,82,81,35,78,79,66,80,76,77,75,76,76,75,82,81,79,85,85,81,75,75,84,80,7,6,11,13,14,
PS4625,Argentina,170,69,35,River Plate ,82,79,None,74,71,86,74,78,69,80,80,75,76,75,88,85,74,80,79,85,74,65,78,62,69,80,59,66,66,12,15,8,13,6,
PS4626,Poland,183,77,29,PAOK FC ,63,63,None,75,74,72,68,66,67,64,59,74,68,64,74,80,71,67,79,71,73,69,56,38,51,58,37,38,39,10,16,8,11,9,
PS4627,Brazil,179,73,31,Fluminense ,62,71,None,71,75,72,74,42,71,45,73,74,68,52,65,79,65,68,79,70,71,67,46,52,42,54,46,67,43,12,16,13,10,8,
PS4628,Uruguay,178,71,23,Orlando City ,73,75,None,30,35,32,69,72,35,69,57,69,73,66,83,67,54,64,80,83,67,61,72,69,72,71,60,58,67,6,8,9,10,8,
PS4629,Netherlands,193,89,22,Bologna ,79,76,None,16,14,43,69,73,14,70,74,55,70,45,68,63,84,60,69,66,66,58,73,77,71,68,66,67,67,8,6,11,12,14,
PS4630,Argentina,184,84,35,Uni. Católica ,72,73,None,22,19,78,67,79,15,56,69,50,64,52,66,52,90,53,69,67,80,79,80,80,73,45,53,78,70,10,5,8,9,15,
PS4631,Mali,173,67,23,RB Salzburg ,73,74,None,27,37,73,70,71,32,58,71,63,67,52,92,68,72,89,92,90,90,59,75,72,73,70,58,71,73,8,8,11,11,7,
PS4632,Czech Republic,190,79,23,Sparta Praha ,73,70,None,19,20,72,72,78,17,61,67,44,68,45,72,64,83,47,75,66,61,76,68,74,64,52,43,72,71,8,10,15,12,13,
PS4633,Slovakia,181,72,25,Hamburger SV ,77,74,None,50,54,52,72,66,49,76,60,78,79,77,67,70,61,77,55,76,59,38,78,64,76,78,77,63,75,9,12,10,9,9,
PS4634,Argentina,177,84,34,Racing Club ,75,76,None,59,62,56,71,74,64,80,73,75,79,74,69,66,78,72,66,67,57,63,75,70,76,75,75,71,69,10,9,16,8,7,
PS4635,Spain,183,74,31,SD Eibar ,71,64,None,69,71,76,71,64,75,73,80,54,71,72,58,89,77,54,60,70,74,57,78,60,72,59,53,41,59,16,12,13,16,8,
PS4636,England,173,63,24,Nott'm Forest ,74,75,None,73,74,77,75,68,69,72,70,56,73,66,72,92,60,85,64,79,68,53,67,60,65,42,47,42,52,7,13,13,11,7,
PS4637,Romania,182,72,24,Rangers ,76,73,None,33,31,57,67,72,32,76,71,70,75,72,65,74,60,71,73,79,47,60,73,70,75,80,70,67,66,15,6,9,16,13,
PS4638,Peru,186,76,31,Girona FC ,60,49,None,76,79,77,70,25,71,35,70,23,71,68,69,78,82,53,70,71,76,71,79,48,23,28,26,73,43,10,13,9,9,15,
PS4639,Brazil,188,78,31,Atlético Mineiro ,55,45,None,77,75,80,77,42,72,44,75,61,67,75,50,69,75,51,61,38,86,73,71,41,45,54,48,77,52,7,7,15,13,11,
PS4640,Kosovo,182,73,25,FC Augsburg ,75,75,None,65,69,74,71,70,63,71,65,68,76,74,63,81,63,72,69,71,58,58,80,59,64,51,41,54,50,8,14,11,6,14,
PS4641,Japan,173,68,25,Celtic ,72,69,None,46,49,70,68,78,44,65,68,63,67,47,92,90,58,76,89,91,68,73,73,72,68,64,57,70,71,9,5,9,5,12,
PS4642,Italy,182,79,26,Salernitana ,74,74,None,29,22,43,72,76,26,48,66,49,63,55,71,55,69,54,69,70,60,70,76,75,68,60,53,70,75,8,8,13,10,7,
PS4643,Portugal,180,69,26,Stade Brestois 29 ,73,73,None,55,59,44,69,71,64,73,68,73,76,71,74,79,64,72,73,77,85,67,76,68,75,72,65,66,71,11,9,15,5,6,
PS4644,Belgium,183,78,20,Milan ,78,79,None,62,68,77,75,70,64,67,71,64,78,70,73,76,75,74,54,74,70,62,77,63,66,68,58,41,58,12,9,14,13,7,
PS4645,France,184,77,33,LOSC Lille ,76,73,None,68,73,73,78,69,72,76,79,72,76,74,55,71,68,68,55,68,61,59,69,64,69,75,66,76,63,15,8,8,14,11,
PS4646,Sweden,178,70,27,AEK Athens ,72,74,None,35,48,40,67,60,35,73,66,74,67,57,90,75,54,78,87,91,60,32,60,61,61,73,69,53,62,16,11,7,10,14,
PS4647,Italy,180,74,28,Empoli ,75,71,None,70,72,68,73,70,72,70,73,66,75,73,73,79,69,80,68,72,70,68,76,68,75,64,66,61,75,15,10,9,7,7,
PS4648,Germany,180,71,26,Hertha Berlin ,73,73,,67,73,64,69,64,74,60,65,74,70,67,79,74,63,78,75,77,81,66,73,56,68,73,44,42,43,13,13,10,7,13,
PS4649,England,175,67,32,Crystal Palace ,73,71,,74,74,76,72,66,74,66,73,76,73,66,71,62,60,68,60,70,69,67,73,54,67,64,49,46,45,15,10,11,13,7,
PS4650,Spain,181,73,26,Gil Vicente ,72,68,None,73,71,69,69,58,72,57,68,73,72,70,71,72,70,60,73,70,72,59,63,43,42,65,40,42,50,8,9,14,14,8,
PS4651,Colombia,187,82,25,Bologna ,68,58,None,73,74,73,70,33,74,36,71,61,72,71,67,71,84,60,69,63,71,71,38,23,28,39,31,36,23,8,6,11,10,7,
PS4652,Guinea,183,75,26,RSC Anderlecht ,75,73,None,72,74,73,72,54,71,70,75,62,76,72,60,68,68,69,54,75,54,54,66,48,56,60,37,52,46,11,11,14,5,11,
PS4653,England,180,78,32,AFC Bournemouth ,74,68,None,73,74,73,73,65,69,68,71,69,73,64,67,75,69,69,66,66,62,66,72,52,68,67,66,55,43,9,8,9,15,6,
PS4654,Chile,180,85,32,Ñublense ,71,68,,70,74,71,71,59,74,69,65,52,73,71,65,88,74,73,65,78,80,53,64,58,65,64,47,50,42,15,14,9,10,14,
PS4655,Argentina,167,66,30,Minnesota United ,72,76,None,23,28,27,67,64,50,67,74,63,71,67,89,74,53,89,87,91,68,43,69,64,66,73,63,69,69,12,9,11,10,10,
PS4656,England,178,62,27,AFC Bournemouth ,70,71,None,70,71,65,68,67,69,65,65,72,69,61,74,78,70,70,73,73,69,64,62,51,56,62,40,47,45,13,6,11,11,13,
PS4657,Portugal,185,82,32,PAOK FC ,74,72,None,29,40,74,73,76,36,65,72,64,69,59,64,68,78,68,72,66,66,72,77,73,69,63,56,80,74,7,8,7,7,10,
PS4658,Czech Republic,180,71,31,Viktoria Plzeň ,74,73,None,34,28,53,72,76,31,70,71,65,71,63,82,74,68,77,78,79,76,63,77,70,71,73,64,78,74,13,10,11,12,15,
PS4659,Morocco,177,77,27,Portimonense SC ,69,70,None,71,73,77,68,60,71,65,69,69,68,57,73,90,76,72,74,69,80,57,59,28,42,57,35,46,26,10,7,12,8,11,
PS4660,Netherlands,179,70,28,Leverkusen ,77,76,None,68,70,73,69,70,71,72,68,72,72,74,79,73,54,78,70,81,68,67,63,58,59,74,65,56,65,14,10,13,11,15,
PS4661,Brazil,179,73,31,Jeonbuk Hyundai ,74,77,None,35,26,62,62,74,25,74,65,65,72,62,82,70,71,70,88,71,68,65,71,78,70,59,53,71,64,16,11,8,13,7,
PS4662,France,178,74,30,Aston Villa ,82,78,None,80,78,76,81,73,80,75,81,88,81,73,78,85,69,78,76,74,90,72,83,60,76,83,83,60,68,6,6,12,9,13,
PS4663,Brazil,185,73,24,Roma ,75,45,None,87,83,83,85,32,86,34,74,34,63,40,85,83,77,62,82,69,69,79,45,27,25,32,35,46,29,6,12,7,10,12,
PS4664,Spain,176,67,36,RC Celta ,86,87,None,18,21,63,84,86,39,81,85,80,79,73,78,69,60,72,85,87,66,76,79,90,80,79,83,82,84,12,12,16,9,13,
PS4665,Brazil,171,63,23,Brazil ,82,82,None,23,13,41,80,82,31,80,77,73,79,80,87,67,35,89,75,85,43,44,67,72,75,56,75,74,67,14,9,7,8,10,
PS4666,Ukraine,178,72,25,Girona FC ,81,80,None,37,39,61,78,79,39,81,77,77,79,73,84,77,52,73,85,82,50,45,72,76,75,72,76,81,69,6,9,7,15,12,
PS4667,Germany,180,75,25,RB Leipzig ,77,79,None,74,75,69,78,59,76,78,75,86,73,71,86,87,76,77,85,77,63,59,64,57,65,81,63,49,52,12,11,8,14,6,
PS4668,Argentina,189,84,31,Ajax ,15,14,,17,13,26,79,12,21,62,61,12,36,30,56,42,73,50,52,58,65,12,60,15,17,19,20,24,16,81,82,79,80,83,
PS4669,England,178,72,27,Manchester City ,79,72,None,79,81,85,77,66,77,75,78,70,81,80,69,76,76,73,64,72,82,66,75,62,68,62,71,58,55,12,8,8,8,14,
PS4670,Libya,189,83,27,SC Braga ,76,71,None,77,81,79,76,60,82,72,81,60,78,79,59,82,87,45,64,56,64,65,74,56,64,43,41,48,55,8,15,6,8,8,
PS4671,Argentina,180,69,35,Juventus ,91,90,None,52,55,73,84,82,42,89,89,85,85,81,80,74,61,75,79,91,70,53,83,74,85,92,88,73,78,12,10,7,11,11,
PS4672,Scotland,189,80,26,Nott'm Forest ,58,45,None,68,72,85,68,16,70,31,60,41,58,57,53,65,88,61,54,42,82,74,59,22,32,28,31,36,26,6,11,7,11,9,
PS4673,Hungary,176,71,19,AZ ,68,69,None,69,66,75,69,60,66,67,65,72,69,59,85,87,64,80,84,82,64,62,52,45,50,54,42,46,52,13,8,13,10,13,
PS4674,Spain,180,72,22,FC Famalicão ,76,75,None,48,52,44,68,73,52,65,60,62,72,69,74,67,66,67,71,70,53,58,70,72,69,68,60,62,67,11,9,14,10,6,
PS4675,Brazil,178,70,23,Athletico-PR ,76,74,None,41,52,46,74,74,38,73,71,76,76,59,75,37,59,72,74,67,79,54,52,70,52,67,76,57,67,10,15,13,12,9,
PS4676,DR Congo,180,77,23,Beşiktaş ,69,74,None,23,36,65,65,75,26,62,73,58,61,45,82,71,70,73,81,82,81,73,72,73,67,63,53,66,68,14,7,15,6,11,
PS4677,Colombia,185,85,31,Indep. Medellín ,20,14,None,20,20,20,71,15,20,28,43,15,37,24,45,33,58,58,42,35,66,21,50,15,13,20,15,25,13,73,72,70,66,78,
PS4678,Colombia,170,70,24,Racing Club ,73,77,None,27,25,42,66,70,27,67,67,58,60,51,84,82,59,75,92,88,54,41,67,69,66,48,45,58,51,10,9,15,10,10,
PS4679,Brazil,174,69,23,RB Bragantino ,75,77,None,21,22,57,74,65,22,57,62,61,55,57,73,78,54,83,76,73,75,65,83,76,73,77,74,71,72,18,14,11,10,17,
PS4680,Netherlands,192,78,33,Suwon Samsung ,61,48,None,68,74,83,59,38,70,46,60,50,63,65,48,76,90,51,69,42,86,76,59,29,39,46,32,35,29,14,15,7,11,16,
PS4681,Montenegro,173,74,24,Celtic ,75,75,None,27,29,37,69,69,28,73,72,68,69,63,76,69,61,81,76,80,78,37,67,65,72,69,65,66,59,11,14,6,7,15,
PS4682,Uruguay,175,74,24,Cádiz CF ,70,79,None,47,43,62,61,65,62,65,70,76,66,67,85,69,59,77,82,82,56,49,71,64,71,78,74,61,61,9,7,14,9,14,
PS4683,Serbia,189,84,33,Getafe CF ,61,51,None,68,75,82,72,31,73,43,70,38,70,65,30,73,86,34,31,33,73,75,59,22,38,29,33,35,28,15,9,8,8,16,
PS4684,Kosovo,174,65,24,Hajduk Split ,72,74,None,37,42,73,70,71,34,65,63,70,64,63,84,73,56,86,84,86,52,52,75,69,68,71,62,59,62,13,14,12,14,5,
PS4685,Argentina,178,68,25,Lanús ,75,73,None,67,73,84,71,71,69,64,72,59,75,70,67,84,71,66,69,68,82,81,69,67,59,53,43,59,59,5,6,12,9,12,
PS4686,England,193,89,25,Luton Town ,71,69,None,34,43,71,71,74,42,55,64,43,55,42,69,77,85,59,78,67,71,72,72,74,66,54,46,65,63,11,6,11,9,11,
PS4687,France,189,78,25,Stade Brestois 29 ,73,73,None,41,48,69,70,73,51,68,65,68,69,56,69,71,76,57,68,63,66,71,75,72,68,58,48,56,51,8,12,12,6,10,
PS4688,France,182,81,24,FC Famalicão ,77,78,None,61,68,72,67,68,69,71,70,62,75,73,64,76,72,73,64,73,67,47,72,53,53,66,65,55,55,12,13,9,10,11,
PS4689,Republic of Ireland,188,74,24,Liverpool ,22,18,None,14,10,21,69,4,12,42,63,13,38,40,45,19,60,48,39,44,68,13,56,6,8,12,11,30,9,70,72,71,74,76,
PS4690,Spain,182,69,31,Elche CF ,71,70,None,67,68,62,70,70,68,68,73,73,69,63,79,79,69,73,83,76,72,62,64,56,59,72,56,50,48,10,7,14,11,14,
PS4691,Cameroon,183,79,26,SJ Earthquakes ,69,65,None,28,32,67,72,75,32,66,64,53,68,63,76,83,83,70,78,77,80,72,71,71,58,60,47,58,64,6,7,7,12,14,
PS4692,Turkey,188,77,38,Fortuna Sittard ,71,69,None,26,29,82,75,79,33,69,79,64,70,58,73,55,81,42,73,67,67,72,88,79,77,73,80,84,75,8,14,15,11,12,
PS4693,Sweden,183,73,21,Feyenoord ,74,75,None,23,29,50,63,70,35,70,65,67,68,60,76,73,63,69,77,84,45,36,68,70,67,73,64,49,55,14,8,10,12,5,
PS4694,Cape Verde,190,78,32,Trabzonspor ,74,73,None,21,29,59,70,75,40,72,73,68,67,63,77,79,81,66,81,77,74,67,76,71,64,64,53,77,68,10,11,8,16,8,
PS4695,Germany,182,75,31,Union Berlin ,69,67,None,71,73,73,73,65,69,62,71,77,73,72,68,76,75,67,60,67,83,67,68,55,62,67,69,54,56,14,10,13,10,7,
PS4696,Portugal,174,68,32,Legia Warszawa ,77,74,None,55,53,82,81,70,48,79,75,73,77,77,41,66,53,83,34,67,40,57,73,67,71,77,73,72,69,16,15,10,15,10,
PS4697,Spain,186,76,24,UD Las Palmas ,64,61,None,70,73,65,57,46,74,55,54,66,63,57,80,80,58,68,73,64,64,60,60,40,29,46,34,44,35,15,6,11,11,7,
PS4698,Korea Republic,183,79,33,Ulsan Hyundai ,74,65,None,39,50,60,67,75,54,58,71,33,65,52,67,80,88,79,66,70,78,75,75,80,66,54,48,74,71,12,14,10,11,16,
PS4699,Saudi Arabia,192,67,28,Al Hilal ,72,74,None,59,71,67,67,68,66,67,66,66,75,76,70,77,76,58,81,75,70,69,77,66,70,56,51,64,56,13,10,15,9,11,
PS4700,Peru,178,70,27,Malmö FF ,77,74,None,44,52,63,65,64,61,79,82,73,78,79,59,68,71,87,51,80,45,57,74,62,68,73,71,71,68,10,5,12,13,6,
PS4701,Italy,183,75,28,Empoli ,76,74,None,64,69,67,70,68,71,72,66,64,74,73,66,69,59,66,55,64,56,63,70,58,67,64,58,63,60,8,12,6,15,8,
PS4702,Italy,170,74,29,Ascoli ,75,68,None,29,36,49,66,70,38,73,71,67,74,70,80,63,45,82,81,83,33,43,70,67,71,73,68,60,66,12,13,6,9,6,
PS4703,Portugal,185,72,35,Sporting CP ,60,48,None,77,78,80,68,44,81,46,70,42,67,62,55,66,72,59,68,67,80,76,42,33,37,51,42,47,40,15,10,15,13,8,
PS4704,Argentina,186,85,27,San Lorenzo ,22,15,None,24,18,31,69,15,25,42,48,12,27,27,45,39,60,32,45,43,69,18,51,12,13,15,15,27,20,72,74,70,68,75,
PS4705,France,177,74,33,Valenciennes FC ,75,73,None,53,51,69,73,70,57,74,76,76,76,74,65,65,49,73,64,75,85,66,71,67,75,73,78,72,69,10,14,14,8,14,
PS4706,Scotland,189,75,26,Rangers ,70,60,,70,75,67,68,33,66,59,71,33,70,68,65,53,83,61,67,58,72,71,52,42,47,53,41,49,28,10,13,11,15,9,
PS4707,Canada,183,88,26,CF Montréal ,68,68,None,73,69,74,68,60,70,61,64,50,74,70,79,80,84,50,84,52,79,68,50,46,43,45,28,31,46,7,8,11,12,12,
PS4708,Colombia,176,83,30,Independiente ,71,76,None,24,25,33,65,61,19,60,63,76,62,59,90,75,69,63,90,75,61,53,77,64,71,72,65,54,64,12,15,12,16,14,
PS4709,Nigeria,179,72,26,FC Cincinnati ,66,71,None,73,77,76,65,60,76,59,66,57,67,64,82,90,65,73,82,81,71,58,75,56,67,69,48,46,61,12,13,12,8,5,
PS4710,South Africa,169,64,31,Orlando Pirates ,71,77,None,34,45,47,55,76,29,65,62,67,63,48,83,54,51,84,82,72,60,61,84,79,71,60,61,65,59,11,11,6,5,14,
PS4711,Italy,185,78,26,Brescia ,68,60,None,70,73,70,71,44,72,52,60,51,66,56,64,72,70,71,72,70,82,75,62,56,40,51,39,40,39,7,16,10,15,15,
PS4712,Argentina,184,80,22,Feyenoord ,76,76,None,25,33,44,65,69,27,69,58,55,70,59,73,71,72,71,83,70,55,59,74,70,69,66,47,48,60,6,11,6,14,6,
PS4713,Switzerland,192,88,28,SK Sturm Graz ,60,47,None,69,72,75,68,36,71,50,66,37,61,60,54,70,90,35,52,56,82,67,41,33,34,30,29,39,32,15,7,9,14,10,
PS4714,Argentina,181,71,24,Atlético Tucumán ,72,70,None,52,57,58,67,70,65,74,75,70,73,72,66,74,65,71,67,68,66,46,68,62,71,71,65,57,56,10,8,12,10,7,
PS4715,Turkey,176,83,30,Konyaspor ,68,71,,69,71,81,69,70,67,68,67,64,68,67,75,76,81,77,77,76,81,63,68,52,63,71,63,55,59,10,6,8,14,15,
PS4716,Brazil,189,76,22,Gil Vicente ,14,10,,17,8,24,68,4,8,62,34,9,41,37,47,37,47,32,41,34,44,11,50,4,12,10,8,21,14,68,73,70,66,74,
PS4717,Serbia,186,77,27,Union Berlin ,73,74,None,35,41,32,67,70,34,66,62,72,69,65,74,78,63,70,77,74,54,58,76,64,82,68,59,50,58,13,8,15,13,14,
PS4718,Portugal,186,78,32,Montpellier ,62,62,None,70,73,85,68,32,74,32,69,33,66,65,63,65,77,48,55,52,71,74,67,30,34,48,52,35,24,10,10,6,13,10,
PS4719,Greece,182,67,35,F.C. København ,70,67,None,72,74,78,72,64,76,64,76,62,73,73,71,85,62,72,73,72,69,58,67,56,59,66,57,55,62,13,10,10,9,6,
PS4720,Ivory Coast,186,80,34,Slavia Praha ,77,75,None,68,72,78,73,72,72,73,83,68,74,73,58,75,83,75,66,64,76,71,67,63,67,61,56,61,65,10,8,11,13,14,
PS4721,Scotland,188,81,27,Sunderland ,68,66,None,27,24,64,67,71,23,60,61,44,65,54,77,89,81,48,73,55,55,74,70,75,64,61,51,72,60,12,11,13,14,7,
PS4722,Austria,168,60,27,LASK ,71,73,None,49,48,37,63,62,47,72,65,69,67,62,87,79,51,95,85,92,90,42,73,69,70,65,65,70,64,11,8,15,13,16,
PS4723,Poland,182,81,31,Pogoń Szczecin ,69,61,,66,69,78,68,52,71,65,77,67,72,68,75,85,80,74,66,72,85,58,72,49,57,64,61,51,53,16,6,6,6,9,
PS4724,Spain,178,78,32,SD Huesca ,73,67,None,65,67,64,70,68,69,75,74,62,75,71,62,84,72,73,63,69,57,54,77,69,74,77,77,69,64,13,7,15,6,15,
PS4725,Brazil,167,66,27,Corinthians ,72,74,None,59,56,88,70,70,51,69,65,74,68,65,74,78,68,73,73,75,68,67,70,66,62,68,66,65,59,15,6,16,16,15,
PS4726,Brazil,176,73,27,América Mineiro ,75,75,None,21,23,48,71,60,30,76,73,73,76,71,53,65,64,73,69,74,72,42,72,58,72,68,74,75,70,7,11,13,7,15,
PS4727,Mexico,177,83,32,Sporting KC ,72,74,None,22,35,60,72,73,37,66,70,61,71,60,72,65,78,64,74,74,77,70,72,73,70,66,58,72,66,14,15,10,9,9,
PS4728,Venezuela,192,79,30,Vitória SC ,65,60,None,70,73,75,71,40,69,34,68,65,70,65,60,72,90,65,68,48,73,62,64,27,43,49,47,38,42,5,13,6,13,12,
PS4729,Bosnia & Herzegovina,180,75,30,Ferencvárosi TC ,75,70,None,74,73,84,68,59,68,66,76,49,73,70,53,64,73,73,51,72,77,67,59,55,53,52,55,48,41,7,14,7,13,12,
PS4730,France,181,72,21,FC Lorient ,74,73,None,52,57,47,69,68,50,73,72,67,74,70,69,64,63,68,68,74,65,54,70,62,65,71,67,55,48,8,8,9,14,7,
PS4731,Scotland,183,70,31,Norwich ,75,70,None,62,68,72,71,64,68,68,70,56,74,71,74,84,68,61,62,71,80,64,78,66,68,68,70,75,56,14,8,14,15,9,
PS4732,Venezuela,180,77,25,RC Lens ,25,14,None,21,16,23,67,15,17,66,45,18,25,29,51,41,51,65,54,69,75,17,49,19,20,22,18,23,15,72,72,69,65,74,
PS4733,Czech Republic,179,73,30,Slavia Praha ,68,66,None,71,72,80,66,32,73,66,70,48,70,69,64,33,74,58,66,61,79,68,59,29,46,54,46,36,34,10,8,11,12,7,
PS4734,Slovenia,185,81,30,Angers SCO ,59,31,None,72,77,65,71,25,72,58,55,28,68,69,57,59,79,55,64,58,71,72,48,30,33,26,32,38,29,12,6,11,13,11,
PS4735,Germany,173,71,28,Nashville SC ,82,79,None,44,44,42,79,80,45,78,79,72,82,75,82,87,60,85,82,87,73,45,75,78,74,73,77,73,55,9,15,10,9,12,
PS4736,Argentina,189,75,29,Inter ,87,86,None,26,37,48,76,76,36,80,73,74,75,71,79,72,74,67,84,83,63,67,79,74,71,81,63,57,75,8,11,10,7,8,
PS4737,Spain,175,67,28,Getafe CF ,79,72,None,74,81,70,79,79,80,78,79,72,81,77,74,85,70,77,66,70,71,48,76,70,75,71,73,73,51,10,12,13,8,10,
PS4738,Turkey,180,76,25,Borussia Dortmund ,76,77,None,74,76,84,76,68,81,74,76,62,78,76,78,83,80,84,74,78,76,72,65,66,53,59,53,57,51,9,13,7,9,11,
PS4739,Netherlands,197,84,31,Manchester Utd ,79,65,None,38,63,85,81,80,34,67,81,42,75,51,53,81,90,42,63,62,79,90,84,78,70,40,48,71,80,16,11,9,14,12,
PS4740,Denmark,182,79,31,TSG Hoffenheim ,75,71,None,82,80,85,77,75,82,72,78,68,77,79,73,84,77,72,71,72,91,82,78,68,73,71,68,60,67,14,8,12,11,15,
PS4741,Brazil,181,77,23,FC Porto ,78,77,None,19,20,45,78,84,16,67,74,43,74,62,75,74,81,68,73,66,64,75,75,79,70,67,46,69,76,14,13,11,6,7,
PS4742,Peru,185,80,28,RC Celta ,71,66,None,80,84,79,73,68,77,69,70,65,78,75,69,86,86,77,67,66,76,73,78,62,60,65,54,68,64,15,16,14,7,8,
PS4743,Argentina,181,79,31,Sevilla FC ,83,84,None,54,50,90,78,78,53,77,75,78,79,75,78,69,62,75,81,80,55,60,81,73,79,84,81,75,75,8,10,15,11,13,
PS4744,Brazil,170,60,23,Flamengo ,80,78,None,62,66,45,69,74,71,77,60,63,85,83,80,74,35,74,86,90,55,46,80,70,75,54,48,45,68,9,10,13,14,11,
PS4745,Brazil,179,62,25,FC Porto ,80,83,None,29,39,52,78,79,45,69,85,68,69,55,91,80,67,73,93,84,73,41,75,76,74,75,70,59,65,11,13,6,13,15,
PS4746,Brazil,173,72,27,Flamengo ,77,81,None,48,49,63,77,73,40,75,62,75,78,72,90,69,72,77,78,73,50,34,77,69,68,67,72,44,61,16,7,11,10,7,
PS4747,Italy,182,75,31,Bergamo Calcio ,74,76,None,78,77,75,73,72,76,68,73,81,75,68,77,81,66,68,79,71,72,69,75,59,72,74,59,59,69,6,11,9,8,11,
PS4748,Brazil,175,70,31,Brazil ,74,68,None,74,79,62,76,66,74,66,67,78,75,63,85,81,71,66,82,73,57,71,57,47,54,56,58,55,49,6,9,10,6,7,
PS4749,Portugal,192,84,30,Wolves ,19,17,None,15,19,35,80,17,18,50,45,18,48,42,52,34,75,40,53,62,70,14,55,15,18,12,21,11,17,78,81,78,73,82,
PS4750,Nigeria,201,98,29,Southampton ,78,73,None,36,48,74,75,81,41,68,74,41,73,68,63,73,93,32,75,42,54,85,78,81,63,58,30,86,73,9,9,12,14,8,
PS4751,Brazil,182,79,23,Brazil ,62,44,None,81,78,88,79,24,77,47,70,55,68,72,67,63,74,59,69,49,88,76,43,51,51,54,50,66,44,8,9,14,13,10,
PS4752,England,188,85,26,Nott'm Forest ,35,13,None,14,14,35,77,8,11,55,60,14,45,48,55,32,64,56,56,61,68,13,58,9,6,13,10,16,5,75,80,78,77,82,
PS4753,Brazil,189,91,31,Real Betis ,79,76,None,30,32,75,78,80,35,74,77,53,75,50,60,65,89,37,64,65,79,79,83,80,74,68,60,76,73,15,15,14,16,8,
PS4754,Spain,181,73,26,Real Sociedad ,73,67,None,75,78,86,80,63,81,72,73,65,82,77,56,81,76,74,72,69,79,72,75,62,60,73,65,51,47,10,6,8,9,13,
PS4755,Brazil,190,88,27,Brazil ,69,51,None,75,81,80,74,37,77,59,66,65,71,72,54,71,93,51,62,51,72,78,45,21,26,27,32,34,26,13,8,10,8,10,
PS4756,Greece,185,82,24,AZ ,76,77,None,37,44,74,76,77,24,63,75,57,72,66,74,83,81,70,76,70,81,76,79,78,74,67,52,68,73,13,13,11,10,14,
PS4757,Brazil,178,78,23,Palmeiras ,75,77,None,35,40,45,77,80,38,75,59,74,74,70,81,82,74,66,81,77,41,29,63,68,56,56,55,34,49,14,10,10,11,9,
PS4758,France,185,80,22,M'gladbach ,82,84,None,70,74,71,75,69,67,78,76,70,78,77,75,75,73,76,67,76,70,68,74,71,68,70,50,54,55,9,11,10,11,10,
PS4759,Netherlands,188,76,25,Feyenoord ,21,11,None,14,12,22,77,10,10,58,54,10,33,44,58,30,70,32,58,56,67,11,59,10,10,10,10,16,10,74,80,75,78,78,
PS4760,Spain,183,83,31,Girona FC ,71,65,None,76,78,87,76,64,81,72,75,46,79,74,53,75,83,56,43,54,65,73,78,45,50,57,53,54,52,11,12,14,10,16,
PS4761,Japan,178,71,26,Brighton ,80,84,None,54,59,58,73,74,57,76,77,67,72,59,89,70,62,75,79,87,65,52,67,75,68,69,62,63,69,14,10,13,10,9,
PS4762,Belgium,185,80,29,Fenerbahçe ,77,76,None,22,31,69,76,80,29,64,79,65,64,42,77,69,82,71,78,76,84,75,86,77,73,67,60,71,77,7,9,10,16,15,
PS4763,Uruguay,185,77,36,Valencia CF ,76,70,None,39,48,81,85,91,54,73,82,65,72,52,58,58,75,57,63,63,87,85,86,85,73,76,74,84,86,13,12,5,13,10,
PS4764,Paraguay,171,68,28,Al Taawoun ,77,77,None,55,53,72,72,70,42,80,71,75,79,78,82,70,59,81,80,87,52,30,69,68,74,78,73,68,54,7,12,14,7,11,
PS4765,Senegal,174,69,31,FC Bayern M�nchen,86,88,None,38,42,75,91,90,35,84,84,78,84,71,91,85,72,88,86,93,87,84,83,85,78,77,64,75,75,7,10,10,15,14,
PS4766,England,175,70,30,Liverpool ,81,82,None,68,72,77,77,78,73,77,77,78,78,74,79,73,70,87,77,76,69,39,83,70,78,73,60,69,60,9,16,9,6,9,
PS4767,France,185,83,26,Hertha Berlin ,70,71,None,76,79,82,71,57,78,60,68,56,77,74,52,83,82,66,72,59,80,73,73,42,62,39,45,48,43,10,11,15,16,15,
PS4768,Greece,181,78,30,Trabzonspor ,79,76,None,49,56,71,75,78,55,77,76,76,78,75,67,75,76,68,74,73,69,67,86,74,81,79,79,70,74,8,12,12,13,14,
PS4769,Mali,184,76,30,Everton ,79,77,None,74,79,76,77,75,79,74,77,66,76,73,66,85,81,67,67,65,74,69,84,75,77,44,52,54,68,15,15,12,12,14,
PS4770,Spain,190,77,29,CA Osasuna ,78,64,None,74,77,71,74,59,75,69,69,52,79,77,51,78,76,43,50,64,80,75,73,59,69,58,52,57,46,12,13,14,7,16,
PS4771,Germany,191,80,32,M'gladbach ,77,74,None,72,77,72,79,72,81,73,79,61,78,75,52,82,72,54,34,54,51,65,54,48,43,54,58,47,58,6,8,13,9,8,
PS4772,Argentina,173,71,24,Unión ,71,72,,45,41,58,67,70,38,70,71,62,67,63,84,60,50,85,80,83,70,65,71,72,68,57,49,57,65,13,9,11,9,13,
PS4773,Brazil,169,68,35,Flamengo ,71,66,None,72,74,71,74,38,84,55,74,55,78,76,68,79,64,77,65,63,76,67,76,19,71,48,69,60,12,6,11,14,9,6,
PS4774,United States,183,79,27,New England ,65,64,None,65,70,62,67,62,65,58,63,68,62,57,74,81,73,60,79,69,82,67,68,55,56,60,47,48,51,7,7,10,8,10,
PS4775,Argentina,173,70,27,Vélez Sarsfield ,66,67,None,66,70,80,65,55,70,53,57,63,65,57,80,88,70,52,82,78,55,50,57,33,39,64,35,41,37,15,5,14,8,9,
PS4776,Morocco,185,76,33,Al Fateh ,72,79,None,31,34,66,66,65,36,67,64,76,68,68,74,66,76,63,75,74,73,64,80,70,75,80,74,73,58,7,12,12,8,10,
PS4777,DR Congo,177,79,30,Watford ,67,67,None,29,34,62,67,70,33,59,70,58,63,46,82,66,84,70,81,73,73,72,74,70,62,69,64,70,67,11,8,10,6,7,
PS4778,Belgium,177,89,35,SPAL ,75,70,None,77,75,83,74,78,68,78,82,74,75,74,68,66,80,82,63,69,71,56,90,72,84,72,68,63,83,8,11,11,14,11,
PS4779,North Macedonia,180,73,23,Burnley ,71,73,None,50,56,65,69,68,48,65,67,60,63,54,85,66,47,78,86,83,34,57,67,68,65,73,60,64,62,14,13,7,7,11,
PS4780,Spain,178,69,27,FC Famalicão ,72,66,None,69,70,65,69,62,68,51,61,76,69,50,67,69,61,65,59,68,56,68,47,28,35,60,40,38,26,7,13,9,9,9,
PS4781,Portugal,187,80,22,Estoril Praia ,51,38,None,73,76,67,72,32,71,32,57,30,55,45,65,68,74,56,64,52,72,69,50,22,26,33,29,42,30,13,9,15,7,10,
PS4782,Senegal,180,75,23,AC Ajaccio ,71,73,None,16,14,48,65,71,29,60,61,56,66,42,81,79,75,76,82,87,83,64,68,70,62,46,29,65,61,15,8,8,6,13,
PS4783,Ukraine,193,78,23,Dynamo Kyiv ,55,34,None,70,74,66,67,29,69,26,60,24,66,45,73,81,73,67,66,76,74,74,40,24,16,23,22,36,25,6,7,6,12,9,
PS4784,Brazil,184,80,24,FC Famalicão ,60,54,None,74,72,74,70,34,68,39,62,61,57,39,52,69,80,49,54,44,90,64,55,24,27,36,33,48,33,12,6,7,14,13,
PS4785,Brazil,192,85,23,Atlético-GO ,57,45,None,67,71,84,67,36,68,34,73,51,62,64,47,64,90,38,51,46,60,65,62,36,47,46,41,43,35,10,8,7,9,10,
PS4786,Spain,176,63,22,Real Zaragoza ,69,67,None,47,44,64,65,69,35,62,67,68,66,62,83,80,63,83,79,76,72,50,62,69,61,66,46,53,47,6,14,12,10,9,
PS4787,France,183,82,30,Angers SCO ,70,71,None,15,23,67,69,73,21,67,68,67,68,49,69,64,76,72,69,63,72,69,75,73,71,57,48,68,66,14,7,6,8,16,
PS4788,Croatia,194,91,26,Braunschweig ,58,52,None,70,72,73,66,37,70,54,74,33,65,59,55,64,90,40,61,53,66,70,71,38,38,44,54,42,19,10,15,8,6,8,
PS4789,Turkey,183,76,23,Burnley ,76,74,None,39,41,58,65,71,28,72,68,52,71,53,76,69,67,60,75,74,54,64,70,69,67,61,63,62,64,9,9,12,6,13,
PS4790,England,178,70,25,Torino ,73,71,None,68,71,80,67,58,68,66,71,56,72,67,69,76,71,78,76,73,67,53,65,53,62,63,49,57,50,6,12,10,7,8,
PS4791,Sweden,180,79,33,Djurgårdens IF ,70,66,None,42,55,81,76,72,60,77,71,77,73,76,47,83,77,82,52,61,73,57,73,68,66,72,68,72,65,9,10,11,14,10,
PS4792,Brazil,189,78,31,Al Tai ,72,70,None,67,71,80,72,68,73,71,72,59,71,68,67,82,81,65,63,64,60,75,76,66,70,52,68,47,55,7,15,8,12,14,
PS4793,Jordan,176,66,26,OH Leuven ,73,78,None,34,41,63,64,65,54,65,68,61,68,47,87,61,50,88,79,91,83,39,59,60,64,67,58,62,65,7,11,6,12,7,
PS4794,Italy,185,78,27,SPAL ,72,69,None,64,66,58,72,72,73,70,62,56,72,71,45,52,66,57,38,53,51,70,69,60,69,55,55,53,58,8,12,8,7,8,
PS4795,Japan,185,82,28,Portimonense SC ,18,12,None,14,13,31,70,6,9,37,40,12,24,23,43,25,61,53,35,60,65,12,56,9,9,14,11,13,9,70,73,65,75,76,
PS4796,Colombia,181,76,31,Al Adalah ,70,73,None,32,36,34,67,68,38,67,65,66,68,66,81,76,70,69,80,74,32,64,67,65,58,64,43,59,59,11,16,13,12,11,
PS4797,Argentina,188,87,27,Atlético Tucumán ,58,42,None,70,73,65,68,32,71,34,67,30,56,37,53,68,84,48,55,42,77,72,48,35,27,30,31,43,31,13,10,14,14,13,
PS4798,Germany,187,85,26,Jahn Regensburg ,60,49,None,69,73,80,68,39,69,61,60,47,69,67,65,76,79,63,65,65,90,66,62,44,54,30,29,28,28,7,7,16,15,13,
PS4799,Denmark,182,72,26,AaB ,71,72,None,45,49,60,66,69,46,68,68,65,66,64,78,81,66,75,75,76,45,42,75,68,67,68,63,66,63,15,11,7,5,11,
PS4800,Spain,190,82,26,Cádiz CF ,68,78,None,25,24,35,67,68,26,66,56,57,62,52,82,66,80,46,85,70,79,82,69,73,67,58,53,65,64,8,11,10,9,7,
PS4801,France,185,79,28,AS Saint-Étienne ,58,45,None,66,71,81,65,48,71,56,67,37,67,65,59,70,86,65,39,51,79,73,70,34,58,42,39,42,40,13,15,7,13,12,
PS4802,Switzerland,185,79,22,FC Basel 1893 ,74,74,None,45,42,59,52,63,47,71,62,58,68,53,70,69,70,68,69,70,72,65,73,74,75,62,60,62,65,14,6,9,8,14,
PS4803,Australia,180,80,28,Melb. Victory ,70,69,None,52,49,60,65,65,49,65,64,66,67,64,77,70,68,69,78,78,57,58,67,68,66,67,59,58,64,11,10,7,11,15,
PS4804,Paraguay,171,66,23,Houston Dynamo ,73,70,None,25,22,78,66,67,45,67,51,43,65,47,81,52,57,80,80,81,62,61,72,65,66,57,59,46,54,15,11,7,13,11,
PS4805,Brazil,179,74,23,Fortaleza ,61,55,None,65,66,71,72,55,63,61,62,66,71,67,75,81,67,73,74,71,56,61,52,51,45,54,55,61,53,13,14,16,12,15,
PS4806,Spain,192,70,22,CD Mirandés ,68,66,None,28,17,60,53,69,15,52,56,32,68,49,59,30,69,45,65,47,54,78,72,74,69,53,59,71,55,6,12,15,13,6,
PS4807,Scotland,173,67,26,AJ Auxerre ,71,74,,32,38,45,67,68,30,66,65,63,64,54,92,69,54,90,86,86,34,60,69,67,65,54,55,58,67,8,6,10,12,11,
PS4808,Colombia,179,71,24,Orlando City ,68,73,None,34,39,43,67,68,37,69,63,58,66,44,85,73,48,77,87,74,64,48,68,52,64,62,61,62,44,14,11,12,8,14,
PS4809,Cape Verde,182,70,32,AJ Auxerre ,73,72,None,20,17,49,66,73,37,67,65,60,68,54,80,69,68,76,83,75,83,74,74,68,66,52,52,69,60,12,14,15,7,6,
PS4810,England,183,65,29,Stoke City ,73,71,None,49,54,60,68,71,45,71,69,64,70,70,69,64,72,74,65,71,84,75,73,68,69,72,71,70,63,14,15,13,7,12,
PS4811,Italy,178,70,26,Cosenza ,77,75,None,58,53,51,63,58,27,68,69,55,78,75,67,69,48,82,70,69,52,47,60,49,49,58,52,60,50,12,7,8,11,9,
PS4812,Scotland,180,75,26,Hibernian ,67,66,None,32,34,64,67,73,40,68,69,53,66,63,67,74,70,69,67,71,66,65,71,73,66,63,65,67,67,7,7,13,10,13,
PS4813,England,180,74,32,Coventry City ,69,63,None,21,26,61,73,76,37,58,70,42,62,47,61,70,68,77,55,67,82,72,72,74,65,58,59,74,71,15,9,10,15,9,
PS4814,France,183,81,30,Angers SCO ,67,68,None,67,69,73,70,52,71,64,65,55,69,67,58,79,78,67,67,67,80,64,74,45,62,61,45,50,52,14,6,7,11,14,
PS4815,Spain,177,74,32,Granada CF ,76,75,None,26,34,59,68,71,28,68,70,66,70,67,71,57,58,68,72,79,72,56,67,70,73,76,79,55,64,6,13,9,8,6,
PS4816,Uruguay,180,75,26,Nacional ,62,55,None,17,16,43,70,69,17,47,52,38,66,46,67,51,75,69,68,70,80,72,72,73,63,38,45,77,66,9,7,12,13,6,
PS4817,Uruguay,177,69,25,Argentinos Jrs. ,68,72,None,57,59,62,61,62,63,58,50,69,65,63,82,86,58,72,84,78,64,54,63,52,51,48,47,48,44,14,10,9,11,9,
PS4818,Ecuador,167,69,25,CS Emelec ,67,72,None,60,64,50,66,68,63,59,59,69,69,63,80,76,67,59,82,81,60,50,23,42,24,45,32,30,21,11,6,12,13,10,
PS4819,Sweden,174,72,25,Malmö FF ,75,71,None,55,57,57,65,63,50,70,69,67,70,67,70,70,72,92,61,83,72,38,65,65,66,70,67,60,60,13,12,12,10,14,
PS4820,Georgia,171,63,22,Lech Poznań ,73,75,None,37,35,29,58,58,29,63,61,62,62,59,90,68,39,90,84,87,47,32,57,65,57,38,37,54,40,13,9,9,8,12,
PS4821,Greece,183,77,30,Panathinaikos ,72,70,None,67,70,55,62,64,67,63,70,71,71,68,79,77,70,67,81,67,70,49,45,58,40,74,35,40,29,15,12,12,11,9,
PS4822,Norway,177,72,22,FC Groningen ,69,66,None,60,60,63,62,69,58,68,69,61,70,66,72,82,63,83,76,83,70,49,65,68,66,64,55,49,54,14,9,10,12,13,
PS4823,Spain,178,74,33,Granada CF ,71,71,None,74,76,61,64,65,68,55,62,73,71,57,73,63,61,71,70,69,50,60,61,62,59,71,52,58,48,14,14,13,7,9,
PS4824,Wales,180,73,22,Dundee United ,70,67,None,60,63,59,67,59,62,68,72,67,74,72,68,66,64,68,62,78,47,37,68,64,72,65,50,63,61,6,7,10,7,13,
PS4825,Germany,190,89,31,1. FC Nürnberg ,23,15,None,12,12,31,68,15,19,37,54,15,33,25,46,42,69,39,44,35,55,14,41,12,15,15,15,23,16,72,73,68,54,77,
PS4826,Czech Republic,178,78,21,Slavia Praha ,72,74,None,65,65,73,68,64,65,69,67,67,71,68,79,74,71,82,79,71,62,59,65,59,55,66,63,62,59,14,9,10,13,11,
PS4827,Germany,193,92,30,Arminia Bielefeld ,57,45,None,70,71,72,64,28,70,45,67,38,61,37,34,58,90,42,66,43,63,72,55,27,25,29,30,43,31,13,16,13,14,11,
PS4828,Italy,180,74,23,Ascoli ,73,66,None,63,68,66,70,65,69,66,68,54,72,65,65,81,67,71,64,71,63,60,68,54,63,58,65,45,61,10,6,10,12,10,
PS4829,Argentina,168,65,26,Defensa ,73,69,None,64,64,75,65,60,66,66,63,53,77,68,80,81,65,87,72,80,81,47,63,60,58,53,64,53,45,14,9,10,14,11,
PS4830,Ghana,179,72,31,Suwon Samsung ,73,74,None,35,38,39,63,64,32,59,61,63,63,56,85,80,68,70,81,76,70,54,70,65,59,55,47,65,59,15,14,6,5,7,
PS4831,Argentina,174,70,23,Gimnasia ,53,63,None,69,69,57,65,52,71,45,66,64,60,36,72,74,48,68,70,67,62,56,45,37,40,52,34,46,27,12,12,12,7,10,
PS4832,Colombia,175,70,31,América de Cali ,73,64,None,46,52,60,75,74,65,71,76,58,68,65,62,52,54,78,71,72,44,54,58,70,68,62,41,55,59,7,12,12,16,8,
PS4833,DR Congo,172,72,28,FC St. Gallen ,69,72,None,26,27,57,70,70,26,59,60,67,66,63,84,69,68,86,83,90,40,51,72,70,65,68,47,53,67,10,11,14,7,7,
PS4834,Italy,194,91,27,Como ,68,64,None,30,34,42,60,67,13,57,68,40,55,45,46,64,90,33,55,45,70,77,75,75,66,64,44,64,68,10,6,13,8,14,
PS4835,Greece,175,70,23,Toulouse FC ,69,64,None,69,71,63,62,58,65,64,65,49,71,69,71,78,65,78,68,72,66,65,58,58,55,61,40,44,53,7,6,5,10,14,
PS4836,Israel,186,75,23,Başakşehir ,68,66,None,70,67,74,65,62,66,63,66,56,68,69,67,71,72,70,66,66,62,61,78,58,72,46,56,45,65,15,10,12,11,11,
PS4837,Brazil,176,78,27,Ceará SC ,74,67,None,60,77,51,71,61,66,67,69,56,69,65,45,78,71,70,44,66,60,66,72,41,76,74,75,74,46,8,14,8,15,18,
PS4838,Iran,181,74,27,Gil Vicente ,63,62,None,13,17,45,70,72,17,54,68,42,64,52,78,72,68,64,77,73,80,70,71,71,63,51,48,63,69,6,11,14,11,14,
PS4839,Portugal,182,71,25,La Spezia ,66,67,None,66,70,58,66,41,66,52,58,69,66,61,66,71,70,62,69,67,73,64,60,19,55,66,61,34,28,8,13,12,7,15,
PS4840,Croatia,194,89,26,FC Zürich ,61,54,None,70,68,80,64,33,67,35,65,29,60,54,63,40,82,35,68,33,73,73,50,27,43,27,26,33,26,14,9,7,12,13,
PS4841,France,181,76,23,Stade Rennais FC ,69,71,None,68,69,57,63,52,61,50,53,66,68,51,75,66,59,74,75,71,62,58,58,33,47,58,41,48,31,8,11,13,15,8,
PS4842,Korea Republic,194,92,26,Jeonbuk Hyundai ,53,42,None,62,71,69,57,51,66,46,51,32,58,55,39,61,91,36,67,34,77,79,38,31,18,35,34,36,29,14,9,11,8,15,
PS4843,Argentina,181,73,20,Vélez Sarsfield ,61,53,None,75,74,82,70,29,71,53,64,46,70,65,77,73,64,73,78,68,69,62,42,22,29,30,29,36,31,9,11,12,7,7,
PS4844,Austria,188,72,27,Wolfsberger AC ,57,42,None,68,71,72,68,41,69,35,58,51,64,61,65,71,76,59,68,61,71,70,52,29,31,41,24,36,22,8,8,5,11,11,
PS4845,Brazil,170,70,31,São Paulo ,73,73,None,36,31,37,69,55,32,58,51,69,71,60,78,72,49,64,77,78,43,36,64,68,66,58,50,52,40,14,15,6,11,14,
PS4846,Argentina,172,75,32,Cerro Porteño ,72,73,None,26,29,45,60,70,49,70,65,68,70,66,66,70,74,73,72,76,72,58,70,70,70,64,68,70,65,15,10,15,16,10,
PS4847,Germany,176,72,32,Holstein Kiel ,76,72,None,64,61,73,68,68,62,74,74,70,74,74,66,62,61,79,62,78,86,52,70,64,65,78,74,66,67,11,12,12,8,9,
PS4848,England,185,85,27,Luton Town ,67,66,None,28,25,63,69,69,39,60,65,48,60,45,74,68,82,60,76,66,78,67,73,71,59,44,36,63,56,14,7,14,12,12,
PS4849,Argentina,183,79,34,Atlético Tucumán ,59,54,None,73,75,77,65,41,72,53,55,45,68,70,57,66,84,49,61,61,65,71,51,30,36,31,23,21,26,16,14,15,14,10,
PS4850,Argentina,181,72,26,Vélez Sarsfield ,58,50,None,69,68,78,67,31,65,43,54,58,66,50,58,76,80,47,56,54,83,74,60,35,33,38,35,43,32,5,13,14,10,9,
PS4851,Ivory Coast,174,73,22,KAS Eupen ,70,74,None,53,54,70,56,61,54,53,63,61,64,62,90,69,62,85,87,88,68,57,77,58,63,56,48,51,60,14,6,11,5,6,
PS4852,Germany,179,76,27,SV Sandhausen ,60,50,None,71,72,65,67,53,67,48,56,56,64,51,79,64,58,73,83,69,62,54,42,41,38,38,40,39,40,8,13,15,11,9,
PS4853,Republic of Ireland,185,70,25,Peterborough ,67,68,None,64,65,56,66,63,64,67,65,56,69,68,72,83,64,71,73,71,52,53,69,63,71,58,52,46,56,10,15,8,14,14,
PS4854,Guinea,170,67,25,Arouca ,70,72,None,55,61,58,60,55,66,65,64,55,75,70,70,77,55,67,70,65,66,60,70,58,72,61,65,66,55,11,10,15,11,7,
PS4855,Croatia,189,75,23,PAOK FC ,36,15,None,10,14,24,69,7,11,36,30,12,30,24,33,27,44,49,30,40,62,11,48,6,9,17,12,15,8,69,70,65,64,74,
PS4856,Portugal,169,58,22,PAOK FC ,74,72,None,46,47,44,73,66,49,72,70,66,74,70,74,72,35,93,70,84,59,50,65,55,45,69,62,64,53,8,9,15,6,6,
PS4857,France,184,80,26,Brescia ,67,66,None,19,17,59,63,64,19,57,62,36,65,52,82,75,76,61,86,73,75,62,69,69,61,55,48,65,66,10,10,8,15,7,
PS4858,Serbia,191,81,25,KV Kortrijk ,14,15,None,14,12,29,67,7,13,45,47,11,17,24,38,32,71,28,39,36,63,11,44,9,7,13,14,19,8,67,74,67,59,73,
PS4859,Iceland,180,69,25,AGF ,70,69,None,58,64,70,66,66,64,68,70,63,67,65,79,83,68,83,79,82,65,56,68,63,63,63,58,50,62,13,14,14,6,12,
PS4860,Spain,186,77,24,Burgos CF ,70,66,None,65,69,64,69,67,67,70,57,41,70,68,57,70,70,53,56,59,60,42,47,69,68,32,48,49,27,9,14,13,14,14,
PS4861,North Macedonia,189,82,24,Aberdeen ,67,63,None,21,26,48,57,71,24,44,66,30,59,43,69,61,72,67,74,64,76,72,77,70,57,51,33,71,54,13,10,12,7,13,
PS4862,England,175,70,29,Middlesbrough ,63,64,None,71,72,85,65,37,67,42,56,63,56,50,78,77,70,64,79,72,70,59,32,20,26,41,32,35,26,14,12,14,10,6,
PS4863,Germany,177,73,31,Hansa Rostock ,77,77,None,29,38,63,68,66,41,57,64,61,53,50,90,79,68,78,85,77,34,46,80,68,69,61,65,50,68,8,9,14,11,12,
PS4864,Mali,174,71,28,AC Ajaccio ,68,70,None,68,67,76,63,60,68,59,69,70,67,53,74,63,70,78,75,71,70,56,56,42,46,65,42,46,37,14,14,14,10,9,
PS4865,Senegal,188,74,21,Villarreal CF B ,58,52,None,66,69,62,67,57,70,35,62,28,66,60,64,72,78,59,72,62,80,73,39,35,22,30,25,35,24,14,14,13,13,14,
PS4866,Germany,181,78,30,SV Sandhausen ,72,70,None,66,68,76,70,63,66,69,63,60,72,68,79,65,68,69,77,72,75,59,58,56,55,59,48,45,47,12,8,8,13,11,
PS4867,Uruguay,180,72,26,Peñarol ,68,68,None,67,61,69,68,63,71,53,68,64,60,68,60,73,64,61,73,68,76,60,61,53,43,54,44,58,42,10,7,11,9,14,
PS4868,Netherlands,194,90,30,Vitesse ,68,65,None,68,72,78,73,61,69,52,73,69,69,67,55,60,90,41,64,47,32,68,61,30,36,64,42,44,39,13,11,9,12,13,
PS4869,Denmark,184,77,23,SL Benfica ,67,66,None,28,28,45,64,69,28,58,60,58,63,52,83,70,67,75,83,77,58,59,67,69,63,64,60,59,62,15,9,10,11,12,
PS4870,United States,193,83,28,Luton Town ,22,16,None,8,9,27,72,11,10,50,31,11,31,30,48,30,64,32,49,54,64,13,43,17,19,16,17,11,14,62,78,66,57,76,
PS4871,Colombia,178,75,22,Atl. Nacional ,70,62,None,62,68,63,70,64,66,66,54,53,70,65,70,77,60,70,71,70,60,53,60,64,62,44,53,49,45,5,12,10,6,12,
PS4872,Argentina,170,75,24,Independiente ,68,73,None,37,40,62,65,70,33,58,75,57,66,56,84,50,68,86,78,82,58,58,67,65,61,65,51,66,59,10,12,12,12,5,
PS4873,England,181,76,27,Coventry City ,67,70,None,65,69,80,67,68,65,62,66,66,67,59,75,62,74,67,73,64,75,61,59,44,48,60,40,42,39,7,8,13,8,14,
PS4874,Denmark,194,82,25,Barnsley ,58,43,None,68,69,80,67,30,71,25,53,35,61,56,52,72,80,51,42,44,62,69,45,32,30,34,28,37,33,9,15,13,14,15,
PS4875,Canada,176,79,23,Canada ,74,69,None,23,22,29,58,62,15,62,63,63,63,52,83,59,68,69,82,73,72,54,66,64,64,63,60,56,50,7,14,9,13,8,
PS4876,Argentina,164,64,25,Barracas Central ,68,69,None,65,68,72,65,67,67,63,68,63,68,62,71,72,65,69,69,70,34,55,60,57,57,47,42,43,40,13,14,11,10,6,
PS4877,Argentina,179,76,30,River Plate ,64,64,None,66,69,77,69,53,69,69,66,60,69,66,67,75,72,67,67,66,79,56,61,39,54,56,44,46,43,6,12,13,7,7,
PS4878,Spain,168,63,27,New England ,67,68,None,35,41,55,63,68,44,70,64,58,66,59,80,60,31,86,77,78,31,30,65,66,66,66,67,59,51,14,5,8,7,14,
PS4879,Austria,179,72,28,FK Austria Wien ,67,68,None,37,45,62,62,64,51,65,62,64,70,60,72,87,67,71,69,77,78,58,63,64,65,70,68,68,68,15,8,6,9,7,
PS4880,Japan,186,76,26,KV Kortrijk ,60,45,None,68,70,67,61,31,67,31,60,25,64,66,75,68,81,46,75,61,78,74,45,23,26,19,37,40,22,15,10,14,7,12,
PS4881,Italy,180,77,33,Cagliari ,74,71,None,56,57,67,74,49,63,74,66,70,76,71,68,74,66,63,54,70,67,62,67,60,72,73,75,82,58,11,14,6,9,11,
PS4882,Wales,186,88,29,Ipswich ,66,65,None,64,68,74,68,58,68,67,69,66,68,69,53,82,79,66,52,63,68,54,71,57,68,63,67,55,68,15,6,11,9,14,
PS4883,Japan,178,70,27,Grasshopper Club ,71,69,None,64,68,61,66,70,68,67,60,65,65,66,77,81,69,67,82,72,64,52,68,67,68,66,56,48,50,15,5,10,14,8,
PS4884,Brazil,175,69,28,Pohang Steelers ,68,65,None,58,63,55,67,68,65,66,62,55,72,65,66,73,53,72,62,60,61,38,75,61,73,49,49,56,40,7,10,10,11,11,
PS4885,South Africa,184,74,28,Orlando Pirates ,64,52,None,70,80,60,63,53,70,46,61,44,55,43,74,73,72,77,75,60,77,59,67,43,65,41,50,63,39,7,14,13,8,9,
PS4886,Italy,175,70,24,Sassuolo ,64,68,None,69,70,66,60,51,66,42,53,69,59,42,73,60,52,63,68,68,56,52,61,32,60,45,41,47,37,7,7,11,6,9,
PS4887,Sweden,185,72,28,Düsseldorf ,70,69,None,32,29,52,63,65,39,61,64,63,63,60,80,69,65,72,80,81,72,60,74,67,69,73,61,70,65,6,16,15,9,11,
PS4888,Albania,175,67,27,Sparta Praha ,69,70,None,60,66,72,66,63,66,66,69,69,71,65,76,79,70,68,69,83,74,63,69,65,72,67,65,56,61,9,8,11,12,9,
PS4889,Morocco,178,74,22,N.E.C. Nijmegen ,63,66,None,63,64,67,66,52,60,60,66,66,64,58,76,82,59,71,77,73,61,52,49,39,41,53,33,45,34,10,10,9,10,5,
PS4890,France,172,69,31,Huddersfield ,72,71,None,34,39,78,69,65,45,67,68,71,69,62,72,54,56,80,66,82,65,56,72,61,68,73,71,68,62,11,14,14,8,8,
PS4891,Romania,175,65,26,Ümraniyespor ,66,65,None,40,40,55,66,61,45,64,65,65,65,62,86,79,62,80,81,84,62,51,70,66,66,70,68,61,60,11,7,5,13,7,
PS4892,Spain,175,69,28,SD Eibar ,74,70,None,63,66,61,65,62,62,67,69,58,75,72,67,77,66,74,71,63,57,46,67,60,71,73,52,48,48,7,6,10,8,8,
PS4893,Mali,173,68,29,FCSM ,67,68,None,44,37,48,65,62,28,62,63,65,67,65,77,63,62,82,78,78,70,42,67,61,63,65,62,58,64,8,8,12,8,8,
PS4894,Colombia,181,82,31,América de Cali ,50,46,None,65,70,71,69,37,74,51,75,39,66,62,47,56,85,71,54,69,62,68,54,33,43,33,49,44,46,8,7,11,12,9,
PS4895,Netherlands,189,79,27,Viborg FF ,70,63,None,55,57,61,66,60,61,66,72,75,69,73,56,76,76,59,51,52,56,56,85,64,81,74,78,74,64,14,12,12,14,13,
PS4896,Romania,190,85,27,Palermo ,58,53,None,67,70,83,67,42,63,43,72,40,62,65,61,70,81,55,71,56,60,68,65,46,41,42,44,48,36,14,6,13,14,5,
PS4897,England,174,78,32,Stoke City ,72,68,None,14,24,46,69,70,35,48,67,59,64,53,79,53,54,81,75,77,73,67,76,69,69,54,71,73,68,8,10,7,16,8,
PS4898,Argentina,182,76,25,Barracas Central ,50,45,None,72,75,60,61,45,63,44,54,52,61,52,77,70,63,74,73,71,71,68,47,39,38,32,31,41,35,10,12,7,10,5,
PS4899,Spain,178,75,24,Real Sociedad ,69,72,None,64,59,74,67,66,63,59,69,62,61,58,76,87,68,67,69,69,74,55,51,68,52,61,31,46,36,12,8,5,5,14,
PS4900,Ecuador,190,75,27,9 de Octubre FC ,70,68,None,22,44,48,70,72,23,72,59,48,68,55,65,53,50,42,55,60,51,56,63,65,62,70,55,50,57,7,8,9,8,16,
PS4901,Denmark,173,69,29,CD Tenerife ,70,71,None,66,63,80,65,60,65,72,64,69,65,62,74,72,56,80,75,72,78,64,79,53,67,72,71,40,54,11,10,6,6,11,
PS4902,France,184,77,21,R. Oviedo ,73,72,None,53,50,58,66,62,55,72,70,66,73,70,64,63,68,62,63,66,64,59,78,61,75,65,73,70,66,6,12,9,14,10,
PS4903,Czech Republic,197,98,31,FC Augsburg ,20,17,None,16,12,31,71,12,11,39,54,13,14,20,39,33,79,29,43,25,53,13,50,12,17,18,16,20,19,69,74,62,67,73,
PS4904,France,184,81,30,Paris FC ,66,59,None,66,67,72,70,62,68,47,65,64,68,61,65,77,71,56,66,57,70,61,25,22,27,46,33,37,22,12,14,6,12,10,
PS4905,Brazil,191,79,30,Orlando City ,52,33,None,69,73,74,65,30,70,33,60,30,56,50,61,69,89,32,55,59,65,73,48,28,29,32,35,45,36,12,13,6,10,16,
PS4906,Mozambique,178,70,25,GD Chaves ,64,66,None,64,66,59,63,45,65,39,67,64,58,57,82,67,61,83,80,84,80,47,46,28,33,63,37,43,32,11,14,11,6,8,
PS4907,Spain,181,73,28,Burgos CF ,63,41,None,68,70,70,67,41,69,34,60,37,65,55,57,62,70,67,63,38,77,72,60,29,24,35,34,40,33,10,9,14,6,10,
PS4908,Senegal,192,80,21,Sp. Charleroi ,67,67,,18,21,63,63,62,28,60,58,46,61,36,67,68,75,52,76,62,66,69,74,66,51,36,38,63,58,12,5,12,7,12,
PS4909,Germany,168,65,25,Viktoria Köln ,69,68,,63,63,78,67,61,64,66,66,59,68,65,67,91,45,91,62,83,61,37,56,52,45,60,40,49,47,8,6,14,6,12,
PS4910,Sweden,185,80,26,Pogoń Szczecin ,65,63,None,67,68,68,65,58,67,59,64,65,67,64,73,78,78,62,78,70,83,64,71,42,59,68,34,31,39,9,12,6,12,9,
PS4911,Austria,187,85,30,SK Rapid Wien ,65,62,None,66,68,72,65,35,70,59,69,44,67,68,50,62,85,53,50,59,59,69,40,21,25,24,28,35,27,12,13,10,15,11,
PS4912,Argentina,170,70,22,Newell's ,70,73,None,23,25,31,51,58,23,65,56,67,65,61,79,67,40,78,80,74,41,27,67,62,67,65,60,55,61,5,6,6,10,11,
PS4913,Korea Republic,187,80,25,Gimcheon Sangmu ,60,56,None,63,68,68,60,54,68,62,56,48,68,71,65,85,75,56,60,63,75,65,64,45,56,31,42,36,33,10,6,14,6,11,
PS4914,United States,185,72,26,Real Salt Lake ,56,41,None,64,68,72,64,40,72,42,65,27,69,63,68,75,73,65,69,49,76,66,45,30,35,23,21,38,29,10,10,16,10,6,
PS4915,Italy,182,75,28,Venezia ,66,61,None,60,59,56,66,64,60,56,60,71,62,60,80,78,57,78,80,74,66,50,64,41,46,68,66,58,42,6,8,7,8,13,
PS4916,Germany,181,72,30,Blackpool ,64,64,None,62,65,74,65,49,71,61,71,57,72,66,62,74,67,69,55,66,77,58,58,35,58,56,49,55,56,13,15,13,11,6,
PS4917,England,185,80,30,Sheffield Wed ,60,51,None,68,67,68,69,34,69,39,63,38,55,45,65,79,83,52,70,66,85,69,42,35,31,31,29,45,33,15,7,15,6,8,
PS4918,Kosovo,177,74,24,Vitesse ,68,67,None,62,65,67,68,64,63,64,68,59,69,66,62,76,66,73,59,72,71,61,67,51,60,65,55,50,63,14,6,14,9,13,
PS4919,Serbia,194,88,23,New England ,17,11,None,13,13,19,75,4,9,44,23,13,28,30,32,25,79,29,29,38,70,19,47,9,5,10,13,12,8,64,71,62,63,72,
PS4920,Bosnia & Herzegovina,185,82,29,Hansa Rostock ,75,76,None,30,39,61,64,61,41,65,63,61,63,56,74,61,70,77,77,77,70,57,67,60,60,70,63,57,63,15,11,11,6,11,
PS4921,Spain,175,70,31,Zulte Waregem ,71,69,None,29,32,45,63,67,41,69,71,63,71,68,69,61,58,80,66,69,50,53,67,64,66,68,68,70,49,10,13,7,8,10,
PS4922,Netherlands,193,83,23,FC Utrecht ,18,11,None,11,14,24,69,8,9,44,36,12,31,29,33,31,70,33,28,37,61,13,51,9,5,10,13,19,5,67,69,64,68,71,
PS4923,South Africa,172,75,33,Mamelodi Sundowns ,74,72,None,58,71,67,72,63,74,68,73,66,72,70,75,82,62,81,71,73,83,42,72,46,70,66,68,67,52,13,14,7,12,15,
PS4924,Australia,177,73,30,Melb. Victory ,64,63,None,65,66,68,64,55,70,63,65,62,66,64,61,93,81,71,53,71,85,56,61,51,65,62,56,51,42,6,12,9,14,11,
PS4925,Spain,178,73,24,CA Osasuna ,69,67,None,19,14,32,68,69,15,49,59,29,67,48,69,51,57,65,71,64,65,64,63,68,65,44,43,59,60,9,14,13,8,13,
PS4926,Austria,181,74,31,Servette FC ,69,70,None,67,67,72,64,58,65,64,67,68,64,63,75,65,68,68,76,70,72,61,61,34,57,70,60,52,32,7,14,13,10,9,
PS4927,South Africa,181,72,30,Orlando Pirates ,71,66,None,48,60,62,58,66,28,67,51,61,76,67,76,71,65,58,72,58,62,58,68,62,60,64,66,55,46,9,11,13,13,13,
PS4928,Germany,194,88,25,Braunschweig ,67,68,None,25,43,62,65,65,27,59,66,59,66,48,68,73,83,56,78,63,64,63,67,66,60,52,45,52,62,5,13,14,9,6,
PS4929,Denmark,174,63,24,N.E.C. Nijmegen ,71,73,None,28,28,52,61,66,29,64,65,57,64,58,73,75,52,76,76,80,62,30,64,64,60,59,58,60,55,10,14,14,8,14,
PS4930,Norway,189,87,33,Rosenborg BK ,30,20,None,14,14,28,58,17,22,62,62,15,43,46,32,34,72,41,34,46,52,18,54,15,15,15,20,22,15,72,73,70,72,74,
PS4931,Germany,188,76,25,Pisa ,74,66,None,55,62,69,65,67,64,67,65,50,70,62,70,77,75,64,65,71,86,68,43,59,47,58,57,45,43,15,12,13,12,11,
PS4932,England,192,78,24,Fleetwood Town ,63,66,None,66,68,78,67,58,65,55,60,61,60,51,67,77,81,67,78,65,44,64,59,39,41,52,44,52,47,7,13,8,9,7,
PS4933,Italy,178,76,33,Monza ,63,59,None,73,73,82,71,49,73,51,66,70,66,68,64,54,68,69,66,62,66,68,65,30,43,55,46,51,47,9,16,15,8,8,
PS4934,Paraguay,172,70,26,Colón ,67,75,None,70,71,49,60,60,60,68,55,50,68,60,70,80,59,59,70,61,60,36,70,70,72,55,72,70,38,6,7,9,13,14,
PS4935,Spain,176,69,26,UD Las Palmas ,68,65,None,68,71,61,62,55,65,63,63,45,71,68,65,72,66,77,54,65,80,63,56,57,56,50,44,48,41,7,11,7,11,5,
PS4936,Zambia,171,65,23,FC Midtjylland ,70,70,None,13,15,40,56,61,31,61,51,59,52,36,92,78,38,86,90,90,90,40,54,63,54,55,33,51,58,14,13,8,10,11,
PS4937,Argentina,173,72,26,Banfield ,58,49,None,70,68,65,63,57,64,35,60,64,61,39,69,73,60,77,68,70,72,65,47,25,22,48,32,41,34,9,7,10,13,8,
PS4938,Italy,183,75,29,Perugia ,69,67,None,68,70,64,70,58,70,41,67,52,74,59,60,65,64,65,62,62,73,73,60,42,42,63,44,44,44,7,5,12,5,12,
PS4939,Australia,183,70,23,FC St. Pauli ,64,67,None,55,58,72,71,64,66,67,66,57,70,67,62,83,80,76,65,68,82,53,63,60,56,54,50,50,49,12,6,14,12,11,
PS4940,Cape Verde,182,75,23,Aberdeen ,62,67,None,23,21,47,68,65,22,51,60,48,54,38,79,66,70,84,84,83,74,70,70,66,51,62,68,64,55,6,8,8,12,6,
PS4941,Switzerland,177,76,25,Servette FC ,68,70,None,34,39,39,57,61,33,62,64,56,66,55,87,68,72,81,88,86,90,37,60,60,59,49,38,53,41,11,6,11,6,7,
PS4942,Brazil,175,67,30,Portimonense SC ,71,70,None,15,15,45,62,71,20,59,72,61,64,52,79,64,42,74,75,80,67,61,73,69,72,75,62,66,70,15,11,16,12,16,
PS4943,Turkey,176,75,29,Konyaspor ,65,67,None,66,64,64,60,65,63,59,62,66,63,61,72,80,69,76,72,73,72,57,69,32,59,68,40,44,30,12,10,12,9,10,
PS4944,Germany,180,73,23,1. FC Nürnberg ,69,71,None,43,41,36,64,65,41,65,53,55,67,64,70,63,39,74,67,79,61,54,59,63,53,57,47,43,49,15,7,13,14,13,
PS4945,Italy,180,70,28,Cagliari ,70,70,None,65,66,59,63,58,69,58,66,73,65,57,67,61,61,76,70,74,63,65,53,21,42,70,21,22,33,13,11,7,9,15,
PS4946,Germany,193,84,29,Holstein Kiel ,25,12,,13,16,27,65,17,20,49,48,14,35,18,46,38,68,41,48,36,60,17,51,14,20,20,15,26,16,64,74,65,68,74,
PS4947,Argentina,185,80,30,Argentinos Jrs. ,21,20,,15,15,16,63,15,11,27,40,18,28,29,49,45,65,38,40,50,76,17,48,16,17,20,12,24,19,71,72,67,64,72,
PS4948,France,166,68,27,FCSM ,67,70,,21,21,46,61,68,21,62,64,57,66,48,91,61,44,92,91,92,81,52,68,69,63,63,48,61,69,7,9,6,13,11,
PS4949,England,194,84,32,Rotherham Utd ,53,43,None,70,71,80,65,28,69,31,53,30,52,50,39,34,86,33,43,49,78,75,52,22,18,20,27,40,20,11,16,6,16,16,
PS4950,Romania,177,71,21,Bordeaux ,72,68,None,29,30,48,60,56,25,64,67,66,65,63,82,72,45,81,79,80,56,46,66,56,56,72,64,50,45,12,9,8,9,14,
PS4951,France,196,87,29,Havre AC ,19,15,None,11,17,20,62,9,14,41,32,18,23,20,37,24,60,37,35,26,32,12,53,18,17,16,10,18,14,67,72,70,70,71,
PS4952,Belgium,168,63,33,KV Kortrijk ,70,73,None,66,67,74,69,63,69,62,73,76,67,68,78,85,44,91,66,82,75,28,71,55,58,54,52,53,54,12,7,16,14,14,
PS4953,Ecuador,170,65,22,U. Católica ,66,68,None,60,64,55,66,66,59,60,59,70,67,60,81,66,66,60,83,75,55,44,63,54,55,49,55,62,47,9,5,13,9,13,
PS4954,Republic of Ireland,185,74,28,Blackpool ,65,64,None,54,54,56,59,63,57,62,59,66,59,53,90,74,63,63,91,70,63,54,71,56,59,54,44,58,52,15,15,10,7,14,
PS4955,Ukraine,179,75,29,Dynamo Kyiv ,56,68,None,68,67,64,69,45,65,67,61,45,72,73,65,71,73,67,67,50,60,47,68,39,67,36,67,35,37,12,12,11,8,11,
PS4956,Canada,188,76,21,Watford ,72,69,None,49,64,61,66,65,55,63,70,42,69,66,74,71,68,52,81,67,58,51,66,55,68,66,44,39,34,9,7,7,13,13,
PS4957,Portugal,180,75,21,Paços Ferreira ,73,72,None,44,62,64,73,65,57,65,74,61,67,62,74,73,64,62,71,68,57,42,71,59,64,68,52,57,63,10,11,5,9,5,
PS4958,Germany,192,84,30,SC Freiburg ,22,10,None,13,11,15,66,10,12,26,23,11,36,22,36,23,64,34,40,29,63,12,51,8,7,7,11,24,9,69,69,69,68,71,
PS4959,Serbia,187,79,33,Brisbane Roar ,69,63,None,33,30,62,68,72,33,57,63,43,62,41,61,60,80,48,53,61,71,70,73,73,59,59,67,70,69,8,8,15,15,13,
PS4960,Scotland,185,69,28,Charlton Ath ,68,70,None,53,58,55,66,63,55,67,67,56,68,67,71,86,60,67,68,71,47,49,64,61,63,58,59,66,48,11,16,10,13,14,
PS4961,Colombia,195,87,30,Deportes Tolima ,20,17,None,16,8,21,68,11,23,30,31,15,24,25,44,38,73,22,49,38,52,14,51,16,12,16,14,22,9,70,68,69,68,72,
PS4962,Spain,189,79,32,Tianjin JMT FC ,59,48,None,64,72,74,55,32,66,23,60,50,63,59,59,65,89,54,51,60,75,69,56,32,19,33,18,33,28,7,12,5,6,15,
PS4963,Romania,176,72,27,AFC Chindia ,65,66,None,33,24,55,57,60,28,62,53,66,64,63,80,80,59,86,80,82,71,51,65,61,56,60,65,63,54,10,12,13,10,13,
PS4964,France,190,85,32,Boavista FC ,56,52,None,69,71,77,65,22,70,32,60,47,67,62,35,64,82,43,38,38,70,73,40,22,21,37,26,41,26,7,11,11,12,8,
PS4965,France,184,83,34,Niort ,66,62,None,68,67,65,63,57,66,71,65,73,69,68,53,90,75,63,58,62,85,67,67,57,53,49,59,47,31,12,14,13,12,12,
PS4966,Republic of Ireland,184,73,28,Cheltenham Town ,65,57,None,67,69,73,67,37,71,50,64,43,67,60,62,62,78,57,64,60,81,69,40,29,30,32,28,29,35,13,8,10,8,15,
PS4967,Spain,179,70,24,FC Basel 1893 ,67,68,None,63,62,66,65,50,60,59,62,67,68,60,76,58,57,72,76,70,61,64,63,52,59,61,41,43,48,7,12,12,11,13,
PS4968,Wales,170,62,33,Swansea City ,70,67,None,68,70,72,68,67,70,62,76,66,71,69,67,74,51,88,54,81,81,52,67,60,56,66,59,60,54,6,10,13,12,8,
PS4969,Netherlands,173,61,21,FC Twente ,70,71,None,48,32,59,58,64,23,64,61,64,69,63,74,68,58,75,53,78,51,54,62,67,64,60,59,51,50,6,7,8,9,12,
PS4970,Northern Ireland,175,65,26,Stoke City ,70,65,None,59,64,68,67,59,62,69,57,62,69,70,70,71,62,79,72,78,61,49,59,51,61,66,57,45,42,13,7,11,13,5,
PS4971,Germany,178,72,30,Jahn Regensburg ,64,64,None,64,67,64,66,57,64,63,62,67,69,65,75,70,65,74,71,76,70,63,63,47,55,52,40,46,48,10,14,14,7,11,
PS4972,Ghana,178,75,35,Club Brugge ,72,73,None,71,69,85,68,64,71,67,77,65,74,69,75,79,66,72,72,78,85,68,70,48,64,59,59,49,49,12,16,8,11,6,
PS4973,England,180,70,29,Charlton Ath ,65,64,None,65,64,68,64,63,64,61,60,68,64,60,73,72,63,69,71,69,63,54,64,44,54,68,57,50,35,14,9,13,16,6,
PS4974,Paraguay,179,83,32,Newell's ,54,47,None,68,67,69,66,31,73,35,73,38,62,49,75,75,78,65,74,65,86,69,50,27,21,30,30,40,23,7,9,8,14,7,
PS4975,Uruguay,173,72,23,Peñarol ,62,49,None,65,69,73,68,59,68,63,50,58,61,62,65,78,72,69,67,54,54,61,72,41,41,41,47,42,48,9,15,9,14,11,
PS4976,Netherlands,174,72,22,N.E.C. Nijmegen ,66,63,None,62,67,55,64,44,62,48,67,62,64,53,77,79,60,72,80,69,51,42,50,32,29,45,37,38,24,9,10,12,13,10,
PS4977,Denmark,179,81,25,New York City FC ,63,68,None,57,64,66,63,54,67,60,51,73,59,58,72,73,76,66,75,64,64,41,60,39,51,50,35,38,44,6,9,14,5,10,
PS4978,Germany,181,77,21,Saarbrücken ,70,69,None,62,64,62,67,58,60,69,66,53,69,66,67,81,62,78,71,77,58,44,61,55,45,59,40,43,43,9,13,13,9,11,
PS4979,Austria,186,73,32,Pogoń Szczecin ,57,49,None,68,72,65,67,39,74,53,80,44,66,59,80,73,75,60,81,70,75,65,40,23,26,48,27,35,28,14,8,14,10,12,
PS4980,Germany,179,76,26,SV Darmstadt 98 ,64,64,None,66,64,60,62,48,59,41,59,70,59,57,74,69,69,74,81,71,61,55,65,36,57,73,70,42,41,9,13,13,12,7,
PS4981,China PR,185,80,26,Beijing Guoan ,64,61,None,28,32,63,60,64,23,62,60,53,67,54,65,73,81,71,69,64,83,67,76,70,70,65,51,64,61,12,14,12,6,9,
PS4982,France,177,73,33,Paris FC ,66,66,None,66,67,68,67,60,64,67,70,67,68,64,81,81,70,75,78,80,74,58,59,38,45,69,54,25,33,11,6,11,12,12,
PS4983,France,185,70,27,SM Caen ,66,60,None,64,68,63,62,55,67,56,52,64,66,63,72,76,80,73,74,71,85,69,45,34,38,53,41,34,33,16,12,8,13,13,
PS4984,Ukraine,178,75,25,Arouca ,56,65,None,65,64,68,65,52,68,43,53,63,55,46,72,78,73,72,73,66,61,50,48,37,29,43,35,48,35,12,7,9,13,13,
PS4985,Italy,180,82,27,Pisa ,68,62,None,20,29,30,68,70,21,48,58,47,55,51,58,62,77,60,65,61,66,65,62,75,61,57,48,74,53,6,15,15,12,10,
PS4986,Italy,183,80,29,Südtirol ,55,52,None,65,63,61,63,45,62,28,63,64,55,60,73,85,76,62,80,72,59,55,41,26,22,47,32,37,31,13,15,7,14,13,
PS4987,Ecuador,173,77,30,Barcelona SC ,65,52,None,59,60,58,64,60,64,52,57,68,65,49,80,74,70,72,75,70,59,60,55,54,50,46,42,46,35,15,14,10,15,11,
PS4988,Paraguay,173,70,23,Cerro Porteño ,67,76,,61,65,45,53,60,60,51,49,68,58,43,79,70,49,66,82,75,45,36,60,61,55,49,58,67,41,7,6,9,12,9,
PS4989,Brazil,177,73,34,Casa Pia AC ,65,66,None,15,27,74,68,70,20,58,68,59,63,45,70,52,71,74,71,69,73,66,85,72,68,62,63,71,70,10,10,14,15,11,
PS4990,Peru,168,64,23,Ayacucho ,64,67,None,40,36,61,72,60,54,68,70,67,64,54,74,67,61,70,68,80,67,69,68,54,54,58,60,68,49,11,13,10,16,10,
PS4991,Germany,186,78,31,Go Ahead Eagles ,48,40,None,67,70,73,62,21,69,25,55,35,60,51,52,64,75,61,44,60,81,69,46,33,30,26,28,37,34,14,12,7,14,11,
PS4992,Argentina,183,76,34,Newell's ,35,25,None,23,23,42,70,18,29,48,63,23,41,33,65,45,60,67,58,63,71,19,51,16,17,30,21,29,19,66,78,69,68,79,
PS4993,England,185,78,25,Peterborough ,65,63,None,65,67,69,67,57,68,61,54,40,63,64,55,75,73,58,58,54,75,65,54,52,56,42,37,42,41,8,13,12,9,10,
PS4994,Austria,181,78,32,Wolfsberger AC ,69,70,None,10,12,54,67,69,18,65,62,67,66,57,70,69,75,67,66,78,71,58,72,69,68,56,45,65,67,13,10,13,11,8,
PS4995,Nigeria,186,81,32,GD Chaves ,65,58,None,63,69,64,62,67,65,67,66,35,68,66,65,88,70,60,65,64,85,67,74,50,65,39,43,33,55,15,10,14,12,13,
PS4996,Romania,165,61,24,Columbus Crew ,68,67,None,31,34,46,55,57,34,61,58,63,66,56,85,61,44,89,87,88,59,36,68,54,51,69,62,59,40,7,11,15,12,10,
PS4997,Germany,192,86,24,1. FC Magdeburg ,63,63,None,30,33,55,62,59,31,51,58,29,57,34,84,62,75,52,86,54,69,68,67,68,61,48,38,57,62,10,7,10,15,13,
PS4998,United States,175,76,22,CF Montréal ,72,72,None,45,50,63,64,64,43,64,71,63,69,58,63,52,50,81,64,69,45,54,62,64,55,41,57,65,55,6,13,8,6,10,
PS4999,Belgium,187,76,21,RB Salzburg ,70,72,None,60,61,73,63,67,60,66,58,66,67,63,80,69,74,61,83,69,67,52,60,60,45,52,38,43,26,9,5,14,10,14,
PS5000,Portugal,178,75,23,FC Famalicão ,65,70,None,14,20,40,60,64,17,56,62,60,60,44,79,70,57,74,77,63,64,67,72,68,64,55,40,67,50,11,5,6,9,12,
PS5001,Argentina,173,72,31,Huracán ,66,67,None,64,67,64,65,57,61,47,55,69,62,58,73,73,68,65,75,72,67,52,62,39,54,52,41,45,42,8,7,13,9,8,
PS5002,Brazil,172,69,23,Internacional ,71,72,None,30,35,51,64,58,31,61,63,58,66,51,72,65,53,81,70,73,59,40,62,65,63,66,62,63,53,17,13,10,18,12,
PS5003,Montenegro,190,87,29,Gangwon FC ,66,61,None,19,16,48,64,68,42,63,70,41,63,54,53,69,89,59,54,54,69,65,78,68,68,64,58,62,68,10,10,11,16,10,
PS5004,Republic of Ireland,175,68,23,Rotherham Utd ,67,65,None,60,64,68,63,56,63,68,70,52,70,68,66,76,59,77,63,80,68,56,59,47,60,51,50,64,42,12,11,9,13,7,
PS5005,Spain,180,75,22,Real Zaragoza ,66,70,None,38,44,46,62,62,38,65,61,62,64,58,72,62,60,66,74,67,63,57,67,62,66,53,48,59,58,7,11,13,10,13,
PS5006,Switzerland,185,79,32,FC Basel 1893 ,66,60,None,70,70,68,68,65,69,55,69,68,70,68,55,65,71,57,58,60,75,71,68,61,64,45,55,59,62,10,12,8,9,11,
PS5007,Scotland,176,68,23,Dundee United ,63,67,None,25,30,40,53,63,19,60,60,66,62,54,86,66,62,74,85,85,39,30,62,64,53,68,68,61,46,10,12,7,9,8,
PS5008,Tunisia,191,81,30,Vålerenga Fotball ,67,67,None,30,31,36,62,63,26,64,57,64,63,49,78,73,72,49,83,69,33,56,64,63,61,59,53,57,62,13,15,14,7,6,
PS5009,Brazil,186,80,31,Atlético-GO ,66,64,None,42,33,56,58,72,39,43,75,49,58,45,51,62,71,51,67,41,70,71,74,70,60,46,54,61,67,13,8,7,9,11,
PS5010,Croatia,185,84,31,Portland Timbers ,58,54,None,63,68,72,65,28,67,43,61,24,59,59,45,74,83,53,49,48,82,70,33,20,12,34,12,18,19,12,12,12,14,11,
PS5011,Poland,183,82,32,Piast Gliwice ,52,31,None,65,68,77,62,35,66,30,64,30,58,58,54,75,84,64,53,63,91,67,57,23,22,33,24,33,44,14,7,7,9,13,
PS5012,Chile,182,80,31,Unión La Calera ,73,75,None,24,20,32,65,70,19,58,52,48,61,55,75,65,44,76,74,83,62,62,62,74,56,56,36,55,56,13,9,10,11,14,
PS5013,Ecuador,181,78,23,Mushuc Runa ,69,66,None,24,26,47,58,63,30,51,60,50,66,61,74,76,75,59,76,69,73,62,72,64,66,60,55,75,69,14,12,12,12,12,
PS5014,Montenegro,195,76,26,Stoke City ,25,12,None,14,19,20,66,6,6,22,27,11,27,30,40,20,42,28,33,33,52,18,50,13,17,18,12,26,13,68,68,66,67,68,
PS5015,Denmark,192,84,26,AaB ,65,58,None,67,68,60,62,50,66,63,59,56,68,66,67,69,78,57,68,56,56,66,58,48,45,54,35,30,38,9,6,7,10,7,
PS5016,Kosovo,188,78,24,CFR 1907 Cluj ,69,69,None,24,20,42,59,64,29,62,62,59,63,50,74,74,60,58,73,68,49,40,72,68,68,64,58,62,60,8,7,13,5,8,
PS5017,Switzerland,180,74,33,FC Sion ,69,69,None,66,67,72,66,58,68,57,67,63,68,66,69,78,74,68,67,68,91,64,63,42,40,61,48,56,52,11,15,14,13,6,
PS5018,England,170,71,26,Morecambe ,67,69,None,49,52,58,65,60,48,66,71,68,67,66,75,65,53,82,68,76,46,40,63,58,62,72,67,61,59,13,15,9,7,9,
PS5019,England,170,75,25,Charlton Ath ,65,68,None,52,54,66,60,59,51,58,62,62,58,43,91,69,70,89,91,88,56,50,59,58,55,47,39,56,42,14,7,5,13,5,
PS5020,Nigeria,176,74,25,AIK ,66,64,None,60,61,76,63,65,60,65,65,53,66,61,78,83,74,84,77,83,85,59,64,60,57,49,46,49,54,6,8,11,9,9,
PS5021,Korea Republic,184,80,27,Jeonbuk Hyundai ,60,51,None,62,66,63,59,57,66,57,56,48,63,66,63,72,84,56,70,59,73,70,62,46,58,40,43,49,45,5,8,10,6,15,
PS5022,Portugal,172,70,25,Casa Pia AC ,66,75,None,44,45,46,55,60,42,63,55,66,58,55,74,55,51,70,74,65,44,48,70,65,60,48,55,67,55,10,6,6,11,14,
PS5023,Germany,171,68,28,Braunschweig ,59,62,None,61,58,55,58,41,59,47,56,64,62,44,91,88,41,86,84,85,60,39,54,42,49,57,33,42,41,5,13,13,8,7,
PS5024,Portugal,175,74,25,Portimonense SC ,65,64,None,36,41,36,65,66,36,70,48,64,63,58,67,65,63,74,75,74,47,39,56,63,61,61,52,54,58,7,7,8,14,7,
PS5025,Republic of Ireland,175,68,24,Hibernian ,68,63,None,64,65,68,63,59,63,64,65,61,69,66,70,76,60,72,72,73,59,59,61,58,59,63,54,50,57,10,8,10,6,7,
PS5026,Uruguay,182,83,27,Peñarol ,12,18,None,14,16,30,69,16,18,21,39,12,14,12,37,30,65,31,38,28,75,15,47,14,14,19,20,13,16,61,69,66,62,73,
PS5027,Ivory Coast,174,68,28,Pau FC ,59,60,None,65,62,70,56,48,55,48,62,63,65,61,85,83,73,71,84,76,56,58,67,48,62,59,62,51,56,7,8,11,9,12,
PS5028,Germany,182,76,24,FC St. Pauli ,67,67,None,34,40,52,60,56,55,68,58,53,68,61,73,70,62,78,72,75,74,55,61,65,61,51,38,40,54,11,6,14,7,7,
PS5029,Austria,179,78,31,Wolfsberger AC ,67,65,None,54,63,69,63,67,62,70,68,58,65,63,69,91,72,71,74,72,71,48,72,64,67,58,63,55,48,15,8,9,14,15,
PS5030,Kosovo,188,78,24,BSC Young Boys ,70,68,None,31,28,48,52,62,17,65,56,66,59,50,75,72,70,62,76,73,64,54,65,65,63,65,40,56,69,10,10,9,8,9,
PS5031,Germany,181,72,21,SC Freiburg ,67,70,None,35,35,45,57,62,30,60,49,64,66,57,76,55,41,70,69,77,47,39,60,58,54,60,59,53,52,8,10,15,9,5,
PS5032,Spain,186,75,32,SD Ponferradina ,65,64,None,60,70,70,65,57,67,67,61,59,71,70,40,73,77,53,42,63,62,58,61,40,62,59,67,49,39,11,13,10,14,10,
PS5033,Algeria,176,70,28,Angers SCO ,54,69,None,74,72,62,60,59,65,49,51,69,45,41,69,63,49,74,69,54,63,53,40,36,34,44,46,50,33,12,11,5,10,5,
PS5034,Canada,171,65,24,CF Montréal ,58,64,None,60,64,60,61,70,61,60,60,60,59,52,90,74,68,83,90,76,72,44,72,55,55,53,35,40,31,11,11,6,11,11,
PS5035,Netherlands,171,70,27,N.E.C. Nijmegen ,67,69,None,57,59,67,65,64,62,65,65,61,67,66,69,73,50,80,65,74,76,38,64,65,59,68,65,67,44,12,7,8,11,13,
PS5036,Northern Ireland,181,71,20,Bolton ,64,66,None,59,63,62,63,62,60,59,60,65,61,55,78,81,56,66,78,66,55,50,50,50,48,50,27,33,32,5,15,9,10,10,
PS5037,Argentina,177,76,33,Lanús ,68,67,None,65,68,65,65,66,64,69,70,71,69,71,66,63,66,67,67,68,61,63,74,65,73,71,69,68,55,14,12,13,11,9,
PS5038,Norway,170,71,22,Sparta Rotterdam ,67,67,None,55,59,66,64,64,65,65,68,52,68,64,75,83,67,84,78,83,78,42,60,52,49,58,39,43,45,7,11,14,7,13,
PS5039,Argentina,186,86,32,Estudiantes ,50,44,None,70,70,74,65,29,65,41,68,33,66,45,48,50,77,52,53,48,77,75,57,21,31,34,32,30,24,11,11,11,7,12,
PS5040,Cameroon,174,72,27,UD Las Palmas ,70,68,None,59,60,54,64,56,58,63,68,55,73,69,57,61,65,81,53,76,67,44,67,57,60,58,38,49,39,13,11,13,15,15,
PS5041,Portugal,195,85,27,Grasshopper Club ,17,12,None,21,17,27,65,13,19,49,51,14,24,25,33,42,73,45,39,35,51,12,50,15,17,17,15,24,12,68,68,67,66,67,
PS5042,Poland,181,73,28,Legia Warszawa ,64,66,None,62,67,58,66,54,67,62,62,54,67,63,62,82,71,60,60,72,59,52,58,44,58,32,57,46,29,9,8,14,15,8,
PS5043,Colombia,179,66,20,RCD Mallorca ,68,65,,43,36,50,59,72,26,71,60,39,63,59,69,60,34,63,69,64,58,40,46,61,58,41,55,52,43,14,10,10,10,8,
PS5044,United States,173,65,27,LA Galaxy ,69,70,None,46,43,51,62,64,56,66,66,71,67,62,64,72,56,82,60,78,62,53,73,60,71,68,62,38,45,10,13,13,9,8,
PS5045,Turkey,186,80,23,Antalyaspor ,64,65,None,66,64,67,63,47,62,50,53,63,64,58,72,65,70,56,69,63,72,62,52,30,40,56,54,40,34,12,10,8,6,9,
PS5046,United States,180,79,22,Philadelphia ,55,54,None,61,66,69,60,38,61,35,46,61,58,56,77,75,74,60,78,61,70,60,38,29,28,40,30,38,29,8,11,9,6,14,
PS5047,United States,168,55,20,VfL Wolfsburg ,69,72,None,59,63,56,61,56,48,58,52,64,65,57,80,61,29,91,75,80,43,36,60,54,47,49,35,45,35,9,8,11,13,10,
PS5048,Croatia,180,70,27,Univ. Craiova ,67,66,None,30,31,46,59,64,38,66,59,62,66,62,69,51,53,68,74,70,50,48,65,65,63,60,63,50,47,15,7,12,10,7,
PS5049,Venezuela,178,78,23,Dep. La Guaira ,60,45,None,65,56,67,68,49,63,47,64,67,63,56,68,67,63,57,74,64,44,57,44,44,55,68,55,40,48,8,7,13,9,9,
PS5050,France,182,76,28,FC Annecy ,69,65,None,15,18,38,60,70,21,56,61,52,61,48,72,60,62,53,69,60,56,65,65,65,58,54,56,70,62,10,15,12,6,8,
PS5051,France,183,80,20,Strasbourg ,62,53,None,68,70,59,64,31,66,47,49,37,62,52,61,60,75,62,67,50,68,62,52,20,20,31,22,37,23,11,9,14,14,12,
PS5052,Norway,181,78,23,Brøndby IF ,64,63,None,59,64,65,60,61,56,51,57,63,61,60,79,83,73,64,75,69,66,61,67,61,53,54,47,48,48,5,13,14,14,9,
PS5053,Netherlands,177,77,21,Paços Ferreira ,70,75,None,27,28,48,56,56,23,50,57,64,65,50,84,46,55,72,82,61,44,40,65,65,45,60,50,67,56,11,11,12,6,14,
PS5054,England,178,75,27,Bolton ,65,64,None,59,62,70,64,66,63,65,67,59,67,66,68,91,62,73,70,69,77,51,62,59,63,61,65,48,47,8,10,9,16,11,
PS5055,Spain,168,60,20,R. Oviedo ,73,72,None,22,26,45,59,63,23,64,61,59,65,59,74,34,30,82,73,76,44,31,53,61,47,52,43,47,46,6,7,14,11,9,
PS5056,Slovenia,193,92,39,Inter ,21,18,None,13,10,25,76,12,22,41,64,12,42,40,41,36,69,36,47,44,75,10,49,10,19,20,14,23,12,90,79,79,65,84,
PS5057,Norway,177,70,29,Vålerenga Fotball ,66,65,None,59,65,64,66,61,66,64,60,54,65,63,80,87,63,71,76,86,73,48,71,55,60,65,63,56,55,7,14,10,9,10,
PS5058,Spain,185,78,34,Levante UD ,61,51,None,69,70,73,67,30,73,48,72,42,63,64,53,55,80,46,76,49,68,68,56,48,36,30,26,45,36,7,13,13,7,10,
PS5059,Morocco,177,68,22,Al Ain FC ,65,61,None,64,62,63,59,42,65,66,64,57,66,71,74,83,65,65,67,62,68,55,49,37,38,65,42,60,31,5,13,11,8,8,
PS5060,Austria,181,76,19,RB Salzburg ,71,72,None,41,41,53,58,58,42,65,48,58,65,56,74,64,65,70,73,75,55,52,73,59,69,67,58,53,62,11,15,14,5,10,
PS5061,Germany,195,91,29,MSV Duisburg ,55,49,None,63,68,87,62,58,60,45,65,31,53,56,34,64,93,31,50,33,43,73,74,55,48,22,30,55,44,9,12,13,6,14,
PS5062,Uruguay,172,66,31,Wanderers ,58,50,None,68,69,48,68,44,63,39,49,64,58,41,66,68,44,75,64,55,62,60,39,33,36,46,38,44,35,14,9,6,11,9,
PS5063,Brazil,191,84,29,Paços Ferreira ,45,42,None,66,68,75,65,23,66,30,62,29,56,38,42,55,80,38,52,37,80,69,43,24,30,29,25,35,20,11,14,10,14,11,
PS5064,Netherlands,185,80,30,FC Rapid 1923 ,61,59,None,24,27,55,63,66,28,42,64,31,54,42,69,78,84,71,74,68,75,69,70,69,58,38,39,67,61,10,8,8,9,12,
PS5065,Argentina,197,96,22,Estudiantes ,48,33,None,65,70,62,66,28,66,26,56,33,44,33,56,66,86,35,58,36,56,67,42,18,23,26,27,30,25,14,5,8,15,11,
PS5066,Georgia,189,76,29,Karlsruher SC ,64,61,None,21,34,59,65,67,22,58,65,29,67,44,62,61,75,54,66,62,64,61,67,68,58,48,40,66,66,13,14,14,10,9,
PS5067,Nigeria,187,77,25,Strømsgodset IF ,65,56,None,62,64,66,62,53,66,59,67,50,64,60,60,75,73,67,67,68,80,64,55,43,48,57,46,44,46,11,13,7,7,15,
PS5068,Spain,189,73,22,Real Sociedad ,60,45,None,66,69,57,61,48,64,57,59,38,72,68,53,60,76,49,48,55,73,71,46,40,50,42,44,41,24,6,10,8,11,12,
PS5069,Spain,191,83,23,FC Basel 1893 ,62,46,None,66,67,59,67,29,66,49,65,44,64,60,74,66,68,56,78,66,70,66,44,34,29,48,26,42,31,7,11,10,9,8,
PS5070,England,182,72,21,Sunderland ,63,66,None,62,63,59,59,50,61,52,51,62,61,45,75,66,58,64,78,68,63,57,37,40,34,50,43,47,29,11,7,8,11,15,
PS5071,Sweden,187,80,29,Randers FC ,55,41,None,62,68,74,61,29,65,31,47,29,61,55,51,63,77,57,54,55,78,70,35,25,20,31,25,36,23,8,6,9,15,14,
PS5072,Netherlands,190,79,22,Como ,63,54,None,67,66,56,66,25,68,44,65,54,63,59,55,65,74,56,65,56,73,63,44,30,23,35,32,49,26,8,8,6,11,15,
PS5073,Netherlands,185,75,31,Excelsior ,66,63,None,55,43,67,65,71,40,58,68,62,63,59,71,81,72,62,70,66,82,64,66,64,62,49,40,68,63,11,8,10,7,12,
PS5074,Austria,196,92,26,Piast Gliwice ,52,32,None,63,68,70,58,35,64,56,48,42,65,58,34,63,89,31,47,32,35,70,46,22,28,24,26,27,23,12,12,11,13,6,
PS5075,Spain,176,71,26,Villarreal CF B ,67,65,None,66,67,70,59,63,58,53,55,67,66,59,68,64,59,73,60,67,60,59,58,36,52,57,32,39,33,12,10,12,9,9,
PS5076,Uruguay,185,75,22,Godoy Cruz ,66,63,None,14,19,32,61,70,18,55,49,40,59,50,55,63,78,58,57,54,64,62,64,70,60,48,36,54,45,6,10,15,6,9,
PS5077,Colombia,185,79,21,Deportivo Cali ,53,30,None,70,72,66,55,32,68,37,47,31,54,36,65,60,61,55,67,54,73,60,35,25,15,24,24,39,25,7,14,14,9,7,
PS5078,Poland,178,72,32,Pogoń Szczecin ,65,67,None,45,52,69,66,67,48,64,70,63,65,46,80,65,64,75,77,83,78,62,67,65,60,55,59,65,61,8,14,10,11,16,
PS5079,France,183,75,24,Colorado Rapids ,64,67,None,37,45,33,54,70,39,57,53,52,61,55,84,66,58,58,85,76,52,52,60,56,53,53,46,57,49,13,10,12,12,12,
PS5080,Ecuador,170,56,23,CS Emelec ,62,68,None,44,46,55,55,61,40,62,58,64,62,60,73,58,60,66,81,70,55,52,66,62,55,60,61,62,55,12,11,12,9,13,
PS5081,Iran,178,80,22,Sp. Charleroi ,71,71,None,41,47,57,61,62,26,56,65,57,67,62,69,55,71,65,69,68,70,63,72,60,69,61,61,65,73,6,14,7,9,8,
PS5082,Saudi Arabia,176,68,27,Al Shabab ,66,61,None,58,56,48,58,72,55,53,47,63,60,56,90,89,57,77,92,84,49,46,45,48,33,51,36,48,44,11,7,7,12,14,
PS5083,France,183,78,31,SM Caen ,68,62,None,19,19,52,70,72,31,56,66,50,62,57,63,40,70,67,54,77,77,63,69,67,66,56,49,66,66,14,9,10,6,7,
PS5084,Italy,191,84,25,Perugia ,49,32,None,65,66,62,58,21,59,26,60,30,54,40,61,62,81,50,61,52,82,70,45,22,25,22,31,42,29,7,12,12,12,5,
PS5085,Poland,182,73,30,Pogoń Szczecin ,69,66,None,63,65,39,63,68,59,71,69,70,69,66,51,65,62,68,52,68,59,50,68,63,70,73,67,55,60,9,9,15,9,8,
PS5086,Spain,176,78,22,Real Sociedad ,67,70,None,54,46,32,56,58,52,63,57,59,65,56,73,62,56,70,69,69,44,43,66,66,51,57,59,67,48,10,14,14,11,8,
PS5087,Argentina,176,70,22,Estudiantes ,67,63,None,57,54,51,52,61,36,65,63,63,71,63,71,53,47,77,78,67,54,54,62,50,46,56,54,57,54,15,6,10,14,14,
PS5088,Spain,178,72,31,Real Zaragoza ,67,65,None,60,66,63,68,67,66,69,65,62,72,68,64,70,56,74,55,70,65,37,59,57,67,66,64,65,57,8,11,11,9,12,
PS5089,Croatia,194,86,25,Rio Ave FC ,50,26,None,69,71,64,63,24,64,29,48,27,46,48,54,55,92,41,53,40,75,54,42,30,25,27,32,48,28,9,14,9,7,9,
PS5090,Belgium,188,82,22,sc Heerenveen ,69,67,None,18,11,27,52,64,22,59,62,36,61,48,70,55,70,68,77,66,71,63,66,65,59,47,48,50,58,10,7,7,14,8,
PS5091,England,185,72,26,West Brom ,63,58,None,70,67,71,60,48,58,60,51,49,61,62,61,61,74,67,59,65,72,57,68,48,44,50,39,45,38,13,10,9,8,7,
PS5092,Colombia,180,75,31,Portland Timbers ,64,68,None,34,45,71,60,67,39,62,61,59,64,55,75,71,70,71,73,73,90,69,74,70,70,66,50,70,64,11,11,7,15,10,
PS5093,Argentina,186,75,22,Aldosivi ,68,67,None,63,62,55,62,54,49,62,57,52,75,70,66,73,57,72,68,68,56,48,58,48,52,49,51,48,49,5,11,14,6,12,
PS5094,Spain,172,63,22,RCD Espanyol ,71,68,None,58,59,58,60,58,58,68,65,56,70,66,66,62,58,74,65,76,54,53,64,60,56,60,62,65,54,7,6,14,11,13,
PS5095,Senegal,168,56,24,FC Metz ,64,67,None,19,11,31,56,67,19,54,55,60,62,57,80,63,32,88,84,86,56,46,59,59,44,54,41,59,54,11,15,14,14,15,
PS5096,Republic of Ireland,191,89,26,Hull City ,59,55,None,65,68,64,63,44,64,39,60,50,61,62,49,68,77,50,55,43,70,63,41,29,21,37,32,41,26,14,8,7,6,7,
PS5097,Spain,182,72,22,Villarreal CF B ,70,68,None,41,44,45,58,58,62,66,60,54,70,69,60,57,56,58,58,62,56,47,60,60,63,53,49,48,57,11,12,13,10,13,
PS5098,Colombia,180,78,22,Newell's ,60,70,None,65,70,39,65,59,71,70,58,39,65,63,65,60,45,70,69,72,55,55,46,61,65,47,59,65,39,6,11,12,7,10,
PS5099,Korea Republic,183,73,25,Incheon United ,61,69,None,45,45,61,51,67,43,61,52,54,57,52,84,83,67,66,82,80,63,53,66,61,63,51,43,55,45,9,12,9,5,14,
PS5100,Cameroon,183,76,25,Hatayspor ,70,72,None,37,42,57,63,65,32,63,59,57,60,55,76,61,73,69,76,75,70,64,58,64,52,57,48,53,57,8,8,12,7,9,
PS5101,Belgium,175,65,24,KAS Eupen ,70,68,None,57,59,69,61,62,62,67,63,58,68,63,79,70,31,84,69,81,82,37,59,47,52,56,58,52,43,14,6,8,9,10,
PS5102,Colombia,182,72,25,RCD Espanyol ,63,62,None,20,25,66,63,65,30,55,60,50,60,45,68,66,75,66,66,63,68,72,68,64,57,56,40,66,60,8,7,11,8,7,
PS5103,Czech Republic,178,78,32,Jagiellonia ,66,66,None,59,62,59,68,59,63,69,68,63,70,66,76,79,65,84,68,84,80,54,57,50,59,69,62,67,50,8,11,9,11,13,
PS5104,Republic of Ireland,180,73,24,Lincoln City ,68,65,None,52,53,58,59,61,45,69,68,63,64,59,68,63,62,68,64,73,64,52,68,60,68,63,69,64,56,11,5,7,8,10,
PS5105,Denmark,191,85,32,Odense BK ,56,53,None,64,68,76,61,63,61,49,58,54,56,58,50,74,84,53,50,54,73,71,59,56,62,58,52,58,59,16,15,10,7,9,
PS5106,Ghana,171,60,21,KAS Eupen ,67,73,None,42,28,38,68,68,21,55,58,63,60,54,87,54,39,90,74,91,73,54,64,64,63,46,44,45,59,6,13,13,5,6,
PS5107,Norway,187,67,24,Tromsø IL ,67,63,None,58,61,62,60,58,62,63,65,63,68,65,69,78,60,67,67,67,58,55,66,50,65,65,63,55,51,8,13,10,9,10,
PS5108,Colombia,183,79,36,Atl. Nacional ,69,66,,17,19,46,70,71,36,56,74,46,65,57,60,65,77,63,64,62,78,75,71,75,72,32,69,82,63,13,7,13,12,13,
PS5109,England,193,78,27,Livingston ,66,68,None,24,23,65,62,64,24,64,55,49,62,58,70,66,84,82,74,74,81,63,63,63,54,52,40,60,52,12,12,15,8,9,
PS5110,France,180,80,26,FC Basel 1893 ,68,67,None,17,24,47,60,73,22,61,62,65,66,48,65,40,58,70,63,68,62,56,71,65,65,52,42,67,69,12,14,6,8,6,
PS5111,Germany,177,70,26,SC Paderborn 07 ,64,67,None,62,64,62,62,58,55,45,59,60,62,63,85,78,49,75,76,74,57,54,63,55,59,42,46,50,34,7,15,5,8,6,
PS5112,Turkey,182,70,20,KVC Westerlo ,63,59,None,65,69,61,59,30,63,43,61,41,65,64,69,57,65,62,65,68,83,67,47,28,28,46,30,41,35,7,7,11,5,8,
PS5113,Spain,168,71,26,CD Lugo ,65,75,None,40,35,46,55,58,26,60,52,56,61,57,75,56,39,80,71,72,53,37,43,70,44,58,52,49,63,8,13,11,7,13,
PS5114,Morocco,176,63,33,Frosinone ,71,73,None,40,31,49,60,61,30,55,62,56,67,62,80,82,33,85,74,86,46,48,66,68,57,62,56,55,54,15,11,7,15,5,
PS5115,Netherlands,189,84,28,RKC Waalwijk ,26,7,None,8,12,28,58,7,11,35,30,13,27,28,35,30,55,37,36,27,57,11,47,11,8,14,16,16,10,68,68,66,62,67,
PS5116,Netherlands,192,75,28,Excelsior ,59,63,None,25,20,39,64,65,15,51,60,42,59,48,53,65,84,53,54,50,72,68,67,67,65,48,40,64,59,12,7,9,12,11,
PS5117,Germany,172,66,33,Arminia Bielefeld ,70,68,None,60,63,65,66,65,66,67,61,67,68,66,66,74,56,80,62,72,59,40,67,57,70,75,73,45,62,16,16,15,10,11,
PS5118,Argentina,165,61,21,Lanús ,69,73,None,31,29,41,45,55,26,57,58,67,56,51,78,61,34,66,81,78,43,41,61,66,60,53,54,50,55,12,7,11,8,9,
PS5119,Sweden,180,75,21,sc Heerenveen ,67,66,None,57,57,55,61,56,44,68,63,55,68,64,74,60,67,65,69,73,57,58,63,56,54,56,49,54,52,13,12,9,8,13,
PS5120,Germany,182,81,21,VfB Stuttgart ,67,69,None,40,46,56,62,62,37,68,59,59,67,61,69,54,69,77,65,73,56,33,58,61,42,54,39,53,48,10,11,8,15,5,
PS5121,England,173,67,20,Norwich ,67,69,None,17,24,46,57,66,30,62,63,60,62,47,85,44,59,80,81,80,43,50,71,59,55,55,38,55,52,7,8,13,15,10,
PS5122,France,177,60,21,AJ Auxerre ,70,71,None,53,55,40,59,60,29,64,68,54,69,65,68,53,32,80,66,80,50,30,60,53,48,68,59,58,52,13,8,8,14,9,
PS5123,Croatia,180,72,27,Konyaspor ,73,80,None,27,28,53,58,58,25,64,57,59,63,45,70,36,68,72,79,76,34,55,72,55,67,78,65,49,60,8,12,8,8,14,
PS5124,Japan,178,72,29,SC Cambuur ,64,66,None,62,61,61,65,56,61,62,62,62,66,66,76,72,62,77,73,78,58,45,42,36,34,64,34,42,30,10,13,11,8,10,
PS5125,Saudi Arabia,177,70,29,Damac FC ,64,65,None,55,62,45,64,65,57,57,57,67,68,66,72,80,66,78,76,75,67,51,61,39,49,53,43,43,42,16,16,12,10,15,
PS5126,Wales,177,80,26,Cheltenham Town ,63,65,None,57,59,62,63,63,62,65,62,60,66,64,86,78,59,80,81,82,56,48,59,62,64,58,54,55,47,8,15,7,10,10,
PS5127,Norway,184,75,29,Viking FK ,62,59,None,62,63,64,60,50,62,44,60,63,61,56,77,80,73,67,76,65,67,45,35,31,20,41,29,33,21,15,15,12,5,7,
PS5128,Argentina,175,72,23,Godoy Cruz ,64,65,None,62,58,57,63,49,50,44,48,63,71,64,79,72,57,74,69,72,60,48,58,43,50,45,38,44,39,13,9,15,8,7,
PS5129,England,177,80,32,Peterborough ,58,59,None,67,69,78,63,38,65,51,64,56,59,54,73,76,78,83,68,74,90,64,43,36,41,37,33,30,34,8,8,14,13,13,
PS5130,China PR,179,71,30,Shandong Taishan ,57,61,None,59,58,54,63,59,57,60,53,64,65,59,81,81,66,74,78,77,59,54,54,55,35,39,42,49,53,10,13,12,10,7,
PS5131,Switzerland,188,85,22,Parma ,63,60,None,62,64,62,56,45,61,57,55,57,64,62,71,81,81,63,69,69,71,60,59,42,43,52,40,50,47,13,11,10,10,9,
PS5132,England,181,66,23,Coventry City ,64,63,None,62,64,67,60,56,59,60,61,57,68,64,73,71,64,72,70,75,58,54,56,47,48,56,45,51,46,6,9,9,7,11,
PS5133,Germany,185,75,23,VfL Osnabrück ,55,55,None,65,68,70,60,45,59,55,48,47,58,50,72,75,78,62,79,67,83,61,45,35,35,50,35,45,35,12,7,11,14,11,
PS5134,England,191,83,23,Wycombe ,46,41,None,62,64,68,59,20,62,34,49,31,50,41,68,62,85,53,61,53,76,63,34,19,24,25,21,38,28,5,5,8,8,13,
PS5135,Spain,182,74,37,CD Mirandés ,71,67,None,65,77,81,72,68,74,74,72,62,75,73,32,68,73,63,45,52,71,67,72,68,67,58,56,71,45,7,8,14,9,11,
PS5136,Sweden,175,74,28,Sarpsborg 08 ,65,66,None,45,50,52,64,60,57,64,64,62,65,62,65,73,60,75,62,72,46,45,57,52,52,60,50,52,55,9,13,15,12,14,
PS5137,Romania,178,73,24,FC Univ. Cluj ,56,54,None,62,62,56,61,35,60,51,57,60,62,49,80,69,64,57,84,80,58,49,33,35,35,43,38,41,38,10,6,12,6,6,
PS5138,Serbia,190,80,24,SK Rapid Wien ,64,62,None,57,64,69,60,51,67,52,51,48,64,60,47,70,75,37,58,53,51,65,57,43,41,40,45,39,36,6,8,8,11,13,
PS5139,Switzerland,194,84,23,FC Lugano ,18,14,None,12,13,25,60,8,8,55,31,14,18,26,31,24,60,24,25,26,32,17,47,10,11,14,11,17,12,67,66,62,62,67,
PS5140,Korea Republic,173,65,25,Gimcheon Sangmu ,60,61,None,60,63,63,61,59,61,62,47,61,58,53,82,65,57,75,76,70,70,49,32,40,41,52,34,29,23,6,12,11,5,15,
PS5141,Bolivia,188,82,23,Ind. Petrolero ,25,12,None,13,10,42,75,8,15,58,61,12,20,20,41,32,60,48,46,58,69,12,50,10,14,20,10,29,11,65,66,60,67,65,
PS5142,Norway,171,69,19,RSC Anderlecht ,72,68,None,53,59,66,60,48,65,67,62,56,70,66,75,54,44,86,66,85,68,32,56,48,61,61,63,46,50,8,11,12,13,11,
PS5143,Turkey,180,78,25,MKE Ankaragücü ,57,54,None,65,62,76,59,43,61,48,50,51,63,60,55,68,72,64,63,59,70,68,66,40,38,50,43,53,35,6,14,11,12,15,
PS5144,Peru,173,72,24,Sporting Cristal ,66,61,None,63,60,64,59,54,59,56,70,57,70,69,67,80,57,83,69,70,63,65,66,37,59,59,62,59,48,8,6,15,7,13,
PS5145,Brazil,189,86,29,FC St. Pauli ,65,63,None,30,29,75,59,66,23,56,64,27,66,58,50,62,85,54,50,59,64,69,72,65,66,37,51,63,65,14,13,10,10,12,
PS5146,France,191,85,26,Sp. Charleroi ,12,7,None,12,12,25,56,5,10,27,38,12,25,19,17,16,59,27,28,35,32,12,44,7,5,13,12,17,5,68,67,64,59,66,
PS5147,Poland,187,78,32,Wisła Płock ,65,64,None,23,18,65,64,68,19,45,64,31,56,33,69,75,75,53,68,69,72,69,62,68,55,34,34,68,64,7,8,14,14,12,
PS5148,Germany,180,75,25,Real Salt Lake ,65,62,None,58,60,64,65,53,64,51,59,64,69,66,63,75,63,69,65,61,63,54,55,35,38,46,39,43,36,14,7,13,10,5,
PS5149,South Africa,180,72,29,Kaizer Chiefs ,44,42,None,67,71,61,62,43,65,42,61,41,66,63,70,70,64,70,75,65,70,73,55,32,32,35,38,38,32,15,15,8,10,14,
PS5150,Israel,184,80,25,Lechia Gdańsk ,58,47,None,64,67,66,61,28,68,54,53,62,57,62,67,65,74,66,71,62,77,60,46,29,32,37,30,35,29,14,10,14,6,12,
PS5151,Ukraine,190,81,21,Dynamo Kyiv ,16,11,,11,14,27,62,7,11,35,40,10,56,61,29,26,65,24,21,25,33,14,50,9,6,10,12,13,9,65,66,64,67,67,
PS5152,Mauritius,184,79,31,Legia Warszawa ,56,57,None,64,65,71,58,35,66,43,61,57,58,56,67,72,80,60,63,54,71,66,55,38,39,41,36,36,31,8,9,9,5,9,
PS5153,Bosnia & Herzegovina,182,75,29,Jagiellonia ,60,57,None,59,61,71,59,53,58,57,64,64,62,65,74,74,72,67,78,66,81,55,66,41,50,47,34,37,28,14,5,6,13,14,
PS5154,England,181,69,22,Reading ,65,64,None,33,35,59,57,60,22,54,56,56,62,53,80,57,72,72,82,69,74,60,70,61,64,58,46,53,43,13,14,13,6,14,
PS5155,France,165,60,26,En Avant Guingamp ,65,61,None,61,65,63,62,54,62,66,65,47,67,62,76,74,62,92,74,72,68,51,55,39,43,46,42,51,43,6,6,11,6,14,
PS5156,Germany,184,83,21,M'gladbach ,10,12,None,11,11,23,50,8,11,50,38,14,26,30,22,16,42,44,17,30,78,13,51,6,7,13,10,15,9,68,68,65,68,66,
PS5157,Netherlands,185,81,23,FC Emmen ,68,69,None,17,24,29,59,57,29,62,59,50,63,51,68,74,74,53,69,60,57,60,77,67,62,59,47,61,55,7,7,7,11,5,
PS5158,Spain,186,80,21,CD Tenerife ,57,34,None,63,65,62,67,28,67,36,50,23,56,41,55,63,75,50,69,45,74,57,30,20,22,23,29,38,26,11,14,5,9,6,
PS5159,Argentina,190,80,31,Málaga CF ,53,48,None,59,61,72,65,32,67,35,62,35,59,52,49,82,88,43,49,56,61,64,63,49,30,35,26,69,32,7,15,9,13,12,
PS5160,Netherlands,185,72,26,SC Cambuur ,64,48,None,62,65,60,64,36,62,58,66,34,65,64,63,66,70,63,67,63,80,64,50,29,25,33,29,54,34,11,14,10,6,12,
PS5161,Croatia,177,74,22,B. Dortmund II ,61,64,None,34,30,42,59,60,32,62,62,60,62,50,78,70,57,85,74,79,56,41,65,58,67,63,60,48,53,14,9,8,13,9,
PS5162,Serbia,188,80,31,Raków ,60,33,None,63,65,66,63,30,64,32,47,24,55,53,67,64,84,69,67,61,80,56,57,33,25,23,26,52,23,13,12,11,13,13,
PS5163,Northern Ireland,180,78,27,Kilmarnock ,64,60,None,65,66,72,62,63,56,56,60,54,65,63,67,68,72,67,62,67,76,64,66,64,69,52,55,65,58,15,15,15,14,16,
PS5164,Denmark,185,81,32,Hammarby IF ,58,46,None,63,65,70,67,41,64,44,66,44,63,62,50,74,81,50,53,48,82,64,67,32,51,59,64,45,34,6,6,13,10,14,
PS5165,Paraguay,178,77,27,Guaireña ,59,67,None,56,67,61,71,59,65,67,73,60,73,56,73,77,62,66,70,64,72,66,52,57,41,57,52,64,53,9,13,8,7,14,
PS5166,Cameroon,186,80,26,En Avant Guingamp ,56,49,None,64,62,65,52,38,65,38,63,49,61,60,43,72,84,68,45,56,88,67,55,39,45,45,39,57,31,11,11,12,10,7,
PS5167,Slovakia,181,70,20,UD Almería ,65,60,None,67,66,65,62,51,59,59,63,57,65,66,68,65,60,58,67,69,54,53,55,37,45,62,43,40,35,8,8,11,14,12,
PS5168,Slovakia,185,75,22,Reggina ,65,64,None,28,32,49,64,64,29,57,59,38,63,53,57,54,62,59,53,50,62,70,66,68,57,49,40,62,47,9,15,7,11,6,
PS5169,Sweden,174,71,30,Kalmar FF ,66,65,None,43,43,57,67,60,55,69,69,54,71,69,72,79,61,82,65,85,84,42,53,39,49,57,53,55,44,8,6,8,5,8,
PS5170,Sweden,173,65,27,IFK Värnamo ,65,61,None,60,62,63,62,50,62,63,65,56,67,64,67,75,56,70,74,77,56,49,57,39,42,55,49,47,49,8,11,12,15,13,
PS5171,Philippines,191,95,33,Birmingham City ,32,21,None,13,14,16,69,18,24,48,60,11,31,33,46,34,76,58,48,54,47,11,45,13,11,18,18,43,11,70,69,62,60,70,
PS5172,France,184,77,31,Rodez AF ,51,44,None,64,67,68,62,21,65,34,49,34,58,45,46,70,76,61,34,53,84,67,43,39,39,34,21,44,24,10,14,12,5,14,
PS5173,Spain,184,74,28,Burgos CF ,67,61,None,58,64,44,63,65,65,65,57,43,66,64,38,76,74,49,51,37,72,63,66,62,67,38,48,50,34,11,10,11,6,9,
PS5174,Republic of Ireland,176,70,26,Lincoln City ,61,62,,42,46,27,60,59,40,58,56,60,61,57,81,53,52,75,82,89,48,37,55,56,59,61,37,62,50,14,6,7,7,9,
PS5175,Scotland,185,73,21,Oxford United ,64,65,None,20,13,27,62,65,18,47,53,43,56,42,76,66,63,66,75,70,78,59,62,66,57,38,36,56,59,6,12,8,8,9,
PS5176,Uruguay,179,74,31,Wanderers ,67,62,None,50,60,44,65,58,53,65,52,55,72,68,66,63,55,66,62,63,52,40,56,60,55,41,48,50,44,12,6,12,9,9,
PS5177,Italy,185,79,21,Juventus ,65,63,None,23,14,32,56,62,18,55,56,35,63,47,54,54,63,56,54,51,61,70,60,72,60,60,49,69,64,9,9,13,10,9,
PS5178,England,170,71,24,ESTAC Troyes ,65,64,None,21,22,43,58,66,20,59,56,59,60,51,77,44,51,73,75,81,32,41,59,65,55,52,53,51,49,15,9,11,12,13,
PS5179,Peru,190,78,27,Sport Boys ,12,17,None,14,16,31,65,15,19,20,38,15,15,11,37,30,55,31,34,28,70,15,47,13,13,18,19,12,15,63,67,63,62,69,
PS5180,England,181,68,23,Charlton Ath ,65,63,None,54,59,56,62,60,57,64,58,64,66,65,70,73,53,57,71,72,56,41,61,56,59,67,58,54,43,11,7,11,9,8,
PS5181,Guinea,188,79,25,FC Ingolstadt 04 ,63,65,None,20,13,35,60,64,11,53,47,30,60,40,72,64,70,66,71,66,74,56,63,67,55,44,30,58,55,6,14,6,12,8,
PS5182,Croatia,195,85,27,Ternana ,53,44,None,67,69,64,47,30,61,36,60,27,55,50,33,48,87,34,53,60,56,66,41,28,33,36,23,36,32,12,10,6,8,6,
PS5183,Belgium,185,80,28,KVC Westerlo ,23,18,None,15,14,25,62,18,20,31,32,14,24,27,41,30,63,58,46,38,59,15,50,10,17,14,13,28,18,63,69,61,67,66,
PS5184,England,182,64,24,MK Dons ,64,65,None,29,36,57,61,61,30,57,55,57,61,44,90,58,65,73,90,78,65,56,63,62,56,53,34,50,50,8,6,12,11,9,
PS5185,Burundi,194,75,25,Kaizer Chiefs ,57,61,None,25,17,33,64,62,17,56,52,33,52,33,68,59,69,53,66,64,74,70,60,71,56,46,37,78,51,6,7,14,7,15,
PS5186,France,179,70,34,Grenoble Foot 38 ,58,47,None,69,65,73,67,42,72,46,66,57,62,65,61,88,78,74,39,67,91,67,52,43,42,33,29,49,44,13,15,7,12,14,
PS5187,Spain,170,67,21,Granada CF ,67,65,None,38,32,39,53,60,23,56,48,65,60,63,71,54,41,80,67,60,42,42,74,65,57,64,56,71,70,12,10,11,5,9,
PS5188,Kosovo,185,84,27,FC Ingolstadt 04 ,62,63,None,26,48,59,66,61,19,63,61,43,61,54,70,67,73,67,62,71,73,64,67,66,61,58,50,62,63,7,14,13,12,8,
PS5189,England,177,69,35,Macarthur FC ,70,68,None,52,56,61,63,63,58,69,67,73,65,67,69,78,64,76,69,72,67,52,65,62,66,74,63,61,66,16,9,11,6,13,
PS5190,Germany,190,89,26,Jahn Regensburg ,56,52,None,26,32,53,62,65,32,55,51,36,50,35,66,65,86,54,68,50,63,67,71,66,49,30,31,61,44,7,12,12,7,8,
PS5191,Paraguay,175,73,21,San Lorenzo ,63,67,None,41,37,53,58,58,36,54,56,55,57,51,83,61,46,66,85,72,50,41,58,63,59,51,52,45,57,14,15,11,6,8,
PS5192,Romania,188,69,26,FC Botoșani ,67,64,None,49,56,52,60,56,57,64,65,61,67,66,68,73,58,64,70,66,66,54,75,63,71,63,60,60,63,12,6,11,7,6,
PS5193,DR Congo,182,78,29,Rodez AF ,29,26,None,12,12,21,66,19,18,35,40,17,39,37,45,21,68,58,46,35,60,21,47,19,18,25,21,32,12,63,68,62,62,67,
PS5194,Argentina,164,63,21,Rosario Central  ,63,68,None,23,25,30,58,54,20,59,61,53,57,49,89,66,44,83,84,78,66,43,59,61,64,63,54,54,52,9,5,7,12,7,
PS5195,Argentina,180,80,26,Talleres ,67,67,None,48,46,44,53,66,42,64,54,64,67,65,65,52,48,67,65,66,53,47,53,65,51,55,46,62,44,10,13,8,8,5,
PS5196,Cape Verde,168,67,27,RFC Seraing ,64,64,None,27,34,55,61,66,24,62,64,59,62,57,81,55,54,77,78,80,79,49,67,65,64,59,69,61,62,9,10,9,15,11,
PS5197,Croatia,184,76,20,Hajduk Split ,73,68,None,52,56,55,57,56,52,66,54,57,67,62,61,58,49,47,73,54,48,51,57,56,61,42,69,63,42,6,13,11,12,10,
PS5198,Korea Republic,168,69,22,Pohang Steelers ,62,69,None,37,33,61,64,57,26,66,57,55,64,60,80,72,34,88,78,60,61,33,59,56,50,57,53,46,41,10,15,13,10,9,
PS5199,Italy,186,79,32,Ternana ,26,30,None,21,22,43,64,12,31,35,48,13,30,28,44,35,49,38,43,56,67,31,53,19,20,11,23,39,16,67,66,68,70,68,
PS5200,Germany,185,78,26,FC Erzgebirge Aue ,61,61,None,33,36,61,61,61,39,55,62,47,60,55,77,80,74,68,77,68,85,63,68,63,62,49,44,57,57,8,6,9,13,10,
PS5201,France,180,74,27,FC Botoșani ,69,69,None,31,29,32,51,63,43,57,62,51,68,57,79,54,51,65,81,82,40,55,55,53,48,64,42,41,63,14,7,9,13,8,
PS5202,Montenegro,183,78,30,UTA Arad ,56,58,None,61,64,48,61,57,62,52,58,60,60,44,74,77,67,59,71,66,60,48,67,57,66,62,67,50,58,11,6,8,15,7,
PS5203,England,177,63,22,Exeter City ,60,62,None,59,61,46,54,52,56,53,53,61,60,55,80,78,50,81,74,74,86,54,51,41,50,57,48,49,37,7,6,9,7,13,
PS5204,England,191,79,29,Sheffield Wed ,45,37,None,64,65,65,62,28,62,35,50,20,56,52,34,72,82,36,51,43,69,66,48,14,25,19,26,24,11,16,11,12,10,10,
PS5205,Puerto Rico,183,77,32,Minnesota United ,65,60,None,62,64,65,60,52,64,57,61,61,60,66,65,68,69,65,67,62,66,60,46,38,46,54,29,37,43,10,10,14,14,9,
PS5206,China PR,178,78,28,Wuhan 3 Towns ,58,58,None,52,61,76,68,61,61,63,61,59,67,68,73,78,73,77,70,81,68,65,63,51,56,54,59,62,37,9,7,13,13,7,
PS5207,Germany,175,68,22,1860 München ,67,66,None,59,58,47,53,54,57,44,55,62,62,56,82,80,56,85,78,85,52,39,46,53,35,40,37,45,42,13,10,6,10,14,
PS5208,Switzerland,185,76,25,Arminia Bielefeld ,54,62,None,61,62,52,58,60,59,58,59,65,64,63,67,71,62,62,63,62,73,56,61,57,72,50,48,49,52,9,6,8,6,10,
PS5209,Germany,182,80,34,1. FC Nürnberg ,62,61,None,64,65,75,67,55,62,57,68,71,64,63,69,75,68,69,68,67,67,50,67,49,58,69,61,64,51,14,7,8,14,10,
PS5210,China PR,175,60,30,Shenzhen FC ,56,61,None,61,62,64,58,58,64,62,60,55,59,60,78,73,62,72,76,79,75,54,52,59,53,45,38,46,47,11,7,7,7,16,
PS5211,Sweden,181,77,30,IFK Göteborg ,63,62,None,65,66,68,64,46,59,44,63,54,62,59,71,73,67,69,58,63,63,58,67,59,65,62,50,51,57,12,7,7,9,16,
PS5212,Romania,186,82,22,FCU 1948 ,62,60,None,59,60,68,62,55,62,64,67,64,65,63,68,75,67,81,69,70,76,45,72,51,64,64,68,59,33,11,13,10,5,6,
PS5213,Wales,184,79,34,Bristol City ,65,66,None,64,68,62,69,69,68,69,69,59,70,65,55,54,61,60,50,63,60,69,69,61,66,64,59,60,67,10,8,6,7,6,
PS5214,Saudi Arabia,183,77,32,Ettifaq FC ,69,60,None,60,59,68,61,60,57,53,48,67,64,56,75,75,74,67,73,68,56,57,52,47,54,64,45,59,51,13,11,10,9,11,
PS5215,Sweden,189,84,33,F.C. København ,21,16,None,16,18,30,62,12,18,46,42,15,38,41,41,30,65,40,42,44,54,19,50,12,14,15,16,20,18,67,69,67,66,70,
PS5216,Argentina,180,70,26,Huracán ,58,61,None,65,64,60,52,57,57,46,46,56,56,52,68,86,66,70,66,69,79,51,32,35,29,40,42,49,27,13,11,10,8,11,
PS5217,Spain,185,77,22,Elche CF ,61,49,None,63,65,67,66,49,69,59,52,46,63,58,48,46,60,64,54,55,63,61,56,39,41,40,35,41,39,10,14,6,11,5,
PS5218,Russia,190,81,35,KVC Westerlo ,70,62,None,73,76,66,70,53,71,69,63,50,73,69,37,77,74,51,35,55,65,73,70,39,63,53,50,58,47,13,6,13,15,14,
PS5219,Norway,187,82,33,Aalesunds FK ,32,20,None,16,16,35,62,11,18,56,56,15,36,39,46,34,56,45,47,52,68,12,50,12,12,13,14,25,14,67,67,68,66,70,
PS5220,England,191,81,25,Rotherham Utd ,61,58,None,63,64,66,61,58,63,57,60,54,62,59,66,70,75,41,75,64,56,58,56,43,49,41,36,45,34,8,13,12,5,11,
PS5221,Senegal,179,77,37,UD Ibiza ,70,63,None,70,71,82,72,59,74,64,73,58,69,70,32,71,89,67,38,61,84,69,82,57,71,70,69,61,67,13,8,8,9,16,
PS5222,France,188,81,34,AS Saint-Étienne ,21,16,None,10,14,21,59,10,19,22,54,10,31,38,47,27,68,40,53,45,76,14,51,10,14,10,13,11,16,69,71,72,68,73,
PS5223,England,188,78,21,Kilmarnock ,62,66,None,62,64,69,57,58,56,55,57,60,64,55,70,72,67,60,67,64,69,57,40,42,40,56,42,30,34,11,13,11,5,5,
PS5224,Italy,186,79,23,Bologna ,55,45,None,68,68,60,50,18,61,27,58,36,63,53,52,55,66,60,51,54,75,64,52,14,36,32,28,38,30,7,15,5,12,6,
PS5225,Switzerland,194,90,29,FK Austria Wien ,63,60,None,17,18,30,65,68,20,48,45,37,63,40,38,59,91,55,41,51,70,73,65,66,58,35,42,56,47,9,11,16,6,9,
PS5226,Mexico,163,65,19,R. Oviedo ,63,67,None,33,34,41,61,56,31,63,66,52,66,62,82,57,31,82,73,83,56,42,60,57,53,59,50,58,54,8,7,7,14,9,
PS5227,Northern Ireland,180,69,33,Sunderland ,64,57,None,64,65,66,64,44,66,55,61,53,68,65,49,69,67,62,45,59,61,60,62,51,63,55,44,47,47,15,13,12,6,15,
PS5228,Korea Republic,183,73,32,Suwon Samsung ,65,59,None,59,65,67,60,55,66,60,56,52,63,58,63,80,64,66,65,70,66,48,61,52,61,48,51,40,44,10,7,13,15,15,
PS5229,Argentina,180,76,23,Independiente ,61,57,None,60,60,70,60,43,65,51,65,51,62,54,69,54,70,61,66,67,75,67,64,48,49,49,56,57,52,6,7,10,12,7,
PS5230,England,192,85,23,MK Dons ,52,46,None,63,63,67,58,32,63,43,50,28,60,56,70,76,82,49,57,47,79,65,36,31,22,21,22,25,25,7,9,8,5,15,
PS5231,South Africa,176,68,31,Kaizer Chiefs ,56,59,None,68,70,73,62,60,60,55,57,63,71,73,74,48,80,73,74,71,65,58,59,65,60,53,50,58,48,14,10,10,7,9,
PS5232,Germany,190,82,27,Dynamo Dresden ,13,12,None,10,13,26,49,7,9,41,35,13,30,31,16,20,66,27,27,25,38,12,44,8,8,10,10,11,8,65,66,67,59,68,
PS5233,England,185,78,31,Stevenage ,45,42,None,62,65,69,62,33,61,38,53,31,49,49,45,77,91,53,34,52,92,67,41,28,27,31,27,36,25,7,9,8,7,8,
PS5234,England,196,92,31,Wrexham AFC ,64,57,None,28,25,77,59,65,24,58,63,40,55,40,54,66,91,71,69,34,41,67,65,65,60,42,39,64,50,8,14,12,14,14,
PS5235,France,184,83,20,FC Nantes ,64,67,None,58,60,65,58,58,58,60,63,60,62,48,76,75,74,64,78,68,68,52,55,47,49,58,45,43,44,13,6,13,8,6,
PS5236,Equatorial Guinea,185,72,27,Sandefjord ,61,50,None,63,64,64,55,51,62,62,56,58,62,62,67,66,74,62,62,56,65,50,50,46,42,44,40,44,36,8,8,6,11,15,
PS5237,Morocco,188,77,22,Burton Albion ,63,61,None,20,26,55,59,63,28,55,58,38,56,47,65,66,77,54,68,59,66,66,59,63,55,51,39,64,59,12,9,9,11,8,
PS5238,Uruguay,191,90,31,Cerro Largo ,12,12,None,16,16,26,57,6,12,28,38,15,20,16,22,35,33,35,30,35,31,22,47,6,12,14,12,11,6,68,61,64,62,71,
PS5239,Spain,177,66,22,R. Sporting ,60,64,None,35,36,64,53,55,31,56,53,57,60,56,80,71,45,71,79,76,59,45,61,59,46,49,47,61,53,11,10,11,12,9,
PS5240,United States,193,93,26,Portland Timbers ,51,50,None,60,63,61,60,46,58,58,52,52,65,63,56,67,83,51,57,52,75,68,51,45,31,44,31,30,20,11,6,12,13,12,
PS5241,England,186,74,27,Millwall ,29,21,None,24,22,29,56,12,23,37,33,18,41,46,47,35,40,65,44,39,55,23,45,15,17,16,20,26,12,63,66,64,60,68,
PS5242,France,173,70,36,FCSM ,73,69,None,69,74,75,69,73,70,74,71,75,75,73,55,71,62,73,45,60,82,60,56,59,58,65,49,62,50,13,6,14,10,7,
PS5243,Argentina,182,78,21,San Lorenzo ,61,59,None,63,65,70,60,46,62,56,55,47,64,56,69,72,68,59,69,68,67,62,42,32,28,32,27,38,32,7,6,11,11,10,
PS5244,England,184,70,26,Salford City ,58,57,None,58,63,61,61,52,63,50,58,53,58,57,73,72,75,61,72,64,83,60,48,31,40,47,20,32,30,11,7,10,6,10,
PS5245,Norway,180,78,28,Tromsø IL ,60,63,None,57,58,54,53,55,58,49,58,62,57,48,81,78,64,73,81,69,63,45,62,53,53,55,40,40,47,6,6,8,10,13,
PS5246,Serbia,191,80,23,Barnsley ,64,60,None,17,19,65,60,60,19,58,66,38,57,41,53,62,75,58,68,62,71,67,63,64,59,52,46,65,61,7,14,7,14,15,
PS5247,Spain,180,75,21,SD Ponferradina ,71,69,None,26,37,34,50,55,19,54,57,61,63,58,60,58,50,70,62,56,38,45,70,67,45,55,41,65,56,7,15,10,9,7,
PS5248,Curacao,183,78,25,FK Jerv ,68,70,None,29,28,37,55,58,19,50,54,52,55,54,84,54,65,58,88,81,41,62,70,53,52,53,47,54,51,7,6,10,14,13,
PS5249,Italy,185,76,24,Südtirol ,70,64,None,19,23,48,62,63,18,51,64,55,54,39,70,77,62,59,73,67,57,47,67,59,62,62,58,54,65,5,12,6,11,11,
PS5250,Germany,180,71,24,SC Verl ,67,62,None,45,42,67,67,61,41,62,45,52,63,45,71,66,56,74,65,75,59,53,60,64,50,31,31,56,37,12,14,10,6,9,
PS5251,Argentina,186,78,24,Marítimo ,68,60,None,52,48,62,63,60,54,63,56,59,70,70,63,61,68,54,66,59,57,54,60,44,54,59,52,64,50,13,5,8,13,9,
PS5252,Uruguay,186,81,28,Rosario Central  ,48,42,None,62,64,64,60,25,62,30,52,28,59,53,62,72,78,55,65,39,79,61,43,27,29,28,30,37,25,7,14,9,5,9,
PS5253,Germany,194,83,26,VfL Osnabrück ,62,61,None,19,20,49,50,59,24,60,43,58,64,40,54,69,79,41,72,52,63,66,66,65,55,33,39,53,46,8,13,7,14,13,
PS5254,Ghana,174,70,24,IF Elfsborg ,63,62,None,50,49,55,59,61,48,61,47,47,62,58,82,61,58,82,80,84,71,49,57,57,50,43,40,55,38,12,7,8,9,15,
PS5255,Morocco,185,75,22,Stade Rennais FC ,71,71,None,23,28,61,56,60,27,53,59,52,61,43,67,66,71,57,71,69,65,55,64,64,52,46,45,56,51,15,8,11,6,7,
PS5256,Denmark,187,70,23,Cosenza ,65,61,None,52,60,62,67,59,59,64,66,61,66,58,67,71,63,67,65,62,54,54,65,56,56,55,50,45,55,5,11,12,14,12,
PS5257,England,176,69,23,Exeter City ,64,62,None,57,60,43,62,59,57,61,59,48,66,62,68,76,54,75,71,75,71,45,68,53,63,56,50,52,60,7,14,6,15,12,
PS5258,England,180,78,26,Peterborough ,59,61,None,20,24,52,58,61,20,51,62,49,55,38,82,66,78,81,81,82,72,57,60,63,54,44,31,60,59,9,7,13,16,11,
PS5259,Argentina,178,69,24,Sarmiento ,66,66,None,49,53,44,60,60,50,65,64,54,64,66,67,68,59,73,69,72,54,44,57,56,54,56,50,55,49,14,7,9,14,11,
PS5260,Italy,190,83,33,Modena ,21,12,None,12,10,33,58,11,10,46,55,13,29,25,32,29,48,37,30,43,41,12,41,12,12,12,12,23,11,67,68,62,54,73,
PS5261,Argentina,186,84,28,Atlético Tucumán ,16,9,None,12,11,20,56,8,10,33,29,9,23,26,33,25,63,37,26,27,53,13,47,6,7,10,14,17,9,67,62,67,63,66,
PS5262,Scotland,177,68,20,Liverpool ,67,65,None,57,59,64,55,57,56,60,60,69,58,55,77,71,65,66,79,75,61,50,66,33,43,61,54,42,27,9,13,8,9,8,
PS5263,Italy,186,80,27,Südtirol ,61,60,,34,35,70,55,64,44,63,66,54,64,60,70,73,70,59,75,67,51,48,66,58,47,45,35,55,52,11,13,12,10,14,
PS5264,Argentina,181,80,27,Platense ,63,62,None,15,19,30,62,63,11,54,52,33,54,40,62,67,81,60,61,58,68,50,68,67,64,46,48,63,58,7,15,8,12,11,
PS5265,England,185,76,27,Carlisle United ,61,63,None,22,24,52,61,64,30,56,59,51,58,45,84,73,72,64,84,68,66,57,60,61,57,48,34,52,55,7,12,12,7,9,
PS5266,Austria,178,72,29,Lechia Gdańsk ,60,61,None,62,61,60,55,57,57,45,50,68,58,51,74,72,70,71,72,70,70,48,58,47,47,67,32,40,23,9,8,15,14,7,
PS5267,Germany,189,79,23,SV Elversberg ,59,60,None,61,63,75,59,54,58,49,53,58,63,59,69,63,72,59,67,50,70,57,45,44,32,47,28,39,28,5,12,12,5,13,
PS5268,Slovenia,178,69,23,Austin FC ,65,62,None,55,62,54,63,63,51,63,60,70,69,63,64,72,66,56,68,60,64,45,38,41,41,65,63,35,25,14,7,14,8,10,
PS5269,Spain,186,85,35,Girona FC ,22,13,None,21,20,13,67,11,21,42,53,31,25,27,58,42,71,57,61,56,70,19,54,14,15,30,12,30,15,71,72,73,72,73,
PS5270,France,182,75,37,AJ Auxerre ,69,70,None,26,29,70,58,77,39,68,68,72,72,67,53,91,83,61,55,77,78,73,74,73,74,68,69,70,69,12,6,7,11,12,
PS5271,Colombia,173,68,29,Columbus Crew ,66,63,None,60,59,68,62,60,61,60,62,62,61,56,72,64,64,77,70,73,53,44,68,61,62,50,57,53,61,12,13,15,13,14,
PS5272,Ivory Coast,172,64,20,BK Häcken ,63,65,None,29,40,39,44,65,22,62,59,49,58,38,83,64,49,80,83,85,62,25,51,58,48,35,34,49,37,10,10,12,7,9,
PS5273,England,181,76,26,Stockport ,64,62,None,56,60,66,61,62,61,60,59,54,64,60,64,81,66,63,68,58,63,47,64,58,60,42,48,44,47,13,14,12,13,6,
PS5274,Germany,177,74,23,VfB Oldenburg ,62,62,None,61,60,58,57,52,56,48,44,55,57,52,79,68,55,70,79,76,62,49,42,52,38,52,40,28,33,5,10,11,9,7,
PS5275,Greece,183,86,35,AEK Athens ,67,52,None,68,68,80,64,39,69,40,65,57,66,66,65,70,77,68,66,59,72,68,66,40,66,67,62,55,50,14,12,14,6,9,
PS5276,Argentina,175,68,21,Banfield ,65,64,None,56,57,49,66,64,59,64,56,53,68,65,64,50,44,68,54,69,49,41,61,58,50,53,49,49,42,6,6,10,7,13,
PS5277,Greece,178,68,22,Parma ,55,58,None,58,60,53,63,53,59,37,57,55,53,51,74,72,56,78,80,70,59,53,58,33,45,50,34,37,41,10,13,9,9,13,
PS5278,England,176,68,22,Everton ,63,61,None,62,64,62,58,58,58,52,61,63,60,47,68,64,53,85,55,76,69,50,39,45,42,54,35,35,34,13,6,11,9,9,
PS5279,Greece,192,79,22,CD Mirandés ,38,28,None,67,68,67,58,36,61,35,55,36,51,42,57,56,71,50,53,54,66,63,49,29,26,36,31,49,33,11,11,7,5,12,
PS5280,Spain,174,65,22,Sevilla FC ,58,58,None,63,62,54,60,59,59,50,47,68,56,48,68,66,57,74,65,66,49,55,38,35,29,49,42,43,21,11,8,11,8,9,
PS5281,Romania,187,84,32,FC Hermannstadt ,53,37,None,63,65,74,61,29,62,27,49,27,61,40,50,65,81,39,38,49,85,66,40,33,23,29,30,42,23,6,8,11,11,13,
PS5282,United States,175,68,33,FC Cincinnati ,55,63,None,63,67,65,62,51,61,43,49,52,59,50,71,70,59,75,71,75,53,58,28,27,24,55,31,39,30,7,15,15,9,14,
PS5283,Montserrat,186,91,29,Walsall ,50,52,None,62,62,72,58,33,62,40,59,45,53,43,60,68,86,49,64,48,72,61,45,22,20,41,23,36,31,16,13,10,10,11,
PS5284,Serbia,176,71,32,Holstein Kiel ,62,61,None,72,68,84,53,46,68,54,52,50,62,56,74,75,59,78,67,77,68,50,59,41,55,56,52,48,48,10,7,15,8,6,
PS5285,Germany,182,74,21,Viktoria Köln ,61,62,None,53,60,55,61,47,62,52,53,56,61,56,73,60,59,73,75,74,62,50,50,46,46,48,39,41,41,15,9,15,15,6,
PS5286,England,185,70,30,Ross County ,54,52,None,63,64,61,60,40,62,49,67,47,59,57,61,72,75,62,64,63,75,62,46,42,33,39,21,32,27,11,11,12,6,14,
PS5287,Germany,186,80,23,1. FC Magdeburg ,55,53,None,62,65,61,63,27,65,41,58,50,64,61,55,60,72,64,53,60,79,65,41,35,35,45,25,36,26,7,12,6,10,6,
PS5288,Romania,179,74,33,FC Botoșani ,54,43,None,61,62,53,62,57,62,50,58,63,61,60,69,80,70,72,75,71,78,49,70,38,61,50,58,52,44,12,12,5,11,15,
PS5289,Poland,185,79,23,Stal Mielec ,48,33,None,61,65,63,60,30,64,32,52,33,54,40,55,68,75,73,64,63,68,58,42,48,41,42,31,34,25,8,7,13,10,10,
PS5290,Denmark,190,78,23,FK Haugesund ,54,41,None,61,62,57,60,27,61,33,48,21,56,48,61,66,78,46,62,46,77,60,36,21,19,26,25,29,25,7,15,12,11,13,
PS5291,Peru,182,73,23,Ayacucho ,58,25,None,76,72,32,64,43,73,53,56,52,56,54,52,60,71,44,59,50,56,47,38,23,35,43,42,44,33,7,13,9,14,15,
PS5292,Republic of Ireland,188,86,30,St. Mirren ,55,55,None,63,63,63,61,39,60,41,48,50,56,54,79,40,83,71,80,72,79,59,70,28,42,31,38,39,42,8,14,16,11,11,
PS5293,Bolivia,183,76,31,Always Ready ,58,49,None,58,60,64,62,55,64,63,74,41,65,67,66,73,72,63,64,68,71,64,75,42,60,52,56,49,61,8,13,13,7,11,
PS5294,France,178,75,25,FC Argeș ,64,62,None,63,65,59,56,41,58,49,49,44,66,60,69,70,62,64,67,62,68,59,59,35,50,45,36,45,29,7,12,12,10,13,
PS5295,Switzerland,182,83,23,FC Zürich ,61,38,None,63,65,55,55,34,61,38,55,30,60,59,70,72,74,65,70,60,85,64,39,25,17,28,33,38,23,6,14,6,7,10,
PS5296,United States,181,79,25,Red Bulls ,54,54,None,59,67,71,62,40,63,38,53,49,56,43,70,66,69,68,70,67,79,59,50,36,45,32,25,31,29,5,14,15,13,6,
PS5297,Mali,173,67,22,KAS Eupen ,65,67,,30,33,40,47,65,29,58,59,60,63,61,81,55,63,80,69,68,60,47,73,53,55,53,31,58,60,8,12,8,5,15,
PS5298,Belgium,198,91,21,KRC Genk ,60,55,None,57,62,62,62,38,61,54,45,48,63,58,52,51,79,31,55,50,60,68,57,29,30,40,40,46,28,7,7,7,6,9,
PS5299,Austria,185,76,28,Wolfsberger AC ,62,63,None,61,63,64,60,48,63,52,49,61,62,58,62,55,70,63,67,64,67,58,54,36,46,52,52,34,29,7,7,11,11,14,
PS5300,Norway,178,70,21,Lillestrøm SK ,61,58,None,55,62,50,55,58,56,53,58,59,57,54,79,69,56,75,81,75,63,49,52,48,44,55,45,45,45,6,15,6,12,7,
PS5301,England,184,72,24,Bradford City ,53,56,None,61,64,62,59,42,65,37,56,42,52,32,64,56,72,47,65,61,71,60,32,34,31,41,40,46,35,6,9,5,10,7,
PS5302,Lithuania,191,80,26,Latium ,16,11,None,12,11,22,52,7,12,36,51,12,20,20,21,26,61,39,20,34,41,11,43,8,5,12,11,17,9,59,67,66,57,65,
PS5303,Uruguay,174,66,31,Cerro Largo ,68,67,None,38,32,36,55,49,38,68,66,58,61,56,71,60,58,66,72,74,58,42,41,55,58,62,66,69,64,15,13,8,9,9,
PS5304,Belgium,169,61,18,KAA Gent ,68,72,None,15,16,31,54,47,23,60,57,52,60,50,82,49,33,85,78,87,80,32,55,57,56,55,52,58,53,11,11,6,13,9,
PS5305,Wales,178,67,28,Salford City ,58,60,None,57,59,57,55,54,53,55,60,60,58,56,73,83,59,74,72,73,70,55,52,47,49,56,49,48,34,8,8,13,9,8,
PS5306,England,173,70,30,Stevenage ,63,61,None,54,58,61,60,55,58,64,64,57,64,63,73,79,62,80,71,80,81,48,57,52,59,55,58,49,55,16,15,10,10,6,
PS5307,England,188,75,24,Bolton ,57,59,None,14,16,33,63,62,20,57,50,37,52,37,64,67,82,61,72,65,69,62,62,63,56,44,34,61,53,8,10,10,10,11,
PS5308,Italy,174,68,23,Cagliari ,70,69,None,35,31,45,47,62,22,58,55,65,65,44,62,58,46,83,41,73,39,38,61,62,53,56,56,50,51,12,12,6,13,6,
PS5309,Austria,182,72,33,TSV Hartberg ,64,65,None,34,36,48,58,61,54,63,58,65,62,55,67,71,65,61,67,65,61,46,68,60,64,67,69,68,43,15,6,15,15,15,
PS5310,Germany,186,83,26,VfB Oldenburg ,60,44,None,58,64,58,61,20,58,27,59,25,58,52,64,70,80,56,66,57,80,64,40,18,24,28,28,32,29,6,8,8,11,11,
PS5311,England,180,75,33,Carlisle United ,62,59,None,22,38,72,64,66,40,59,64,38,55,46,62,81,69,68,66,74,73,62,67,65,62,51,60,67,60,3,5,7,21,5,
PS5312,England,180,73,27,Stevenage ,60,60,None,58,61,70,59,57,60,58,59,63,60,58,70,62,68,68,71,70,73,56,53,53,54,64,41,51,46,11,15,13,6,9,
PS5313,France,177,68,22,Havre AC ,65,69,None,33,30,34,57,58,27,56,61,56,56,51,75,64,60,77,75,79,54,44,58,40,43,46,37,55,42,15,9,9,6,11,
PS5314,Republic of Ireland,185,75,24,Gillingham ,54,51,None,62,64,60,59,33,63,42,62,29,55,37,59,53,74,43,63,37,71,62,46,30,22,28,37,43,33,6,9,7,10,12,
PS5315,Netherlands,190,78,23,SC Verl ,65,65,None,25,20,55,60,61,25,55,57,40,50,35,58,63,61,55,75,62,71,59,65,65,58,55,40,60,60,11,6,5,5,15,
PS5316,France,181,78,31,SC Bastia ,22,15,None,12,11,40,64,13,22,33,61,9,20,22,54,42,75,64,58,57,82,21,49,12,8,12,9,22,10,64,65,62,65,66,
PS5317,Norway,180,72,29,FK Jerv ,66,64,None,56,58,60,62,60,59,61,64,56,65,61,74,77,63,77,78,79,65,44,60,54,56,54,48,53,49,11,10,10,12,5,
PS5318,Uruguay,175,70,23,Wanderers ,70,65,None,25,23,25,69,67,22,75,61,55,45,51,57,67,50,72,61,53,58,55,63,59,55,57,56,68,55,15,16,18,10,13,
PS5319,Scotland,181,79,32,St. Johnstone ,61,63,None,44,48,42,58,57,54,57,57,61,59,50,89,72,72,68,89,86,66,48,54,60,55,58,38,48,60,15,15,13,6,13,
PS5320,England,175,70,24,Bradford City ,61,63,,34,34,54,57,56,29,61,60,56,58,51,81,59,51,85,75,80,49,50,69,59,53,62,51,56,59,13,6,7,5,13,
PS5321,Norway,184,72,25,FK Haugesund ,62,64,None,25,27,38,53,58,21,52,50,54,52,45,88,64,56,82,86,86,69,42,63,60,49,45,37,51,53,12,8,8,13,9,
PS5322,Bolivia,178,75,27,Royal Pari ,37,20,None,75,68,65,59,23,65,26,57,49,54,43,44,68,64,65,42,45,65,52,52,18,47,15,43,47,23,12,15,15,16,12,
PS5323,Germany,174,67,21,Hertha Berlin ,66,66,None,39,40,40,50,58,30,52,53,61,60,56,68,60,48,71,68,78,72,54,61,62,55,63,57,58,60,7,13,10,12,14,
PS5324,France,180,68,21,FC Nantes ,69,69,None,35,46,38,43,52,22,56,66,56,65,63,76,33,32,71,67,69,35,30,62,59,63,58,59,51,53,13,14,11,13,5,
PS5325,Finland,191,81,28,FC Nordsjælland ,14,10,None,11,13,24,56,10,13,41,32,14,24,19,58,38,57,29,48,35,48,10,47,12,10,13,11,18,9,63,63,63,62,65,
PS5326,Spain,184,72,21,Villarreal CF B ,66,59,None,57,57,62,58,60,59,62,49,59,65,63,61,63,60,60,61,62,63,58,59,41,58,40,48,55,38,15,13,14,10,11,
PS5327,England,179,73,34,Shrewsbury ,63,59,None,63,64,57,63,55,59,65,59,67,63,62,63,77,63,69,65,69,47,49,65,56,63,49,59,59,56,10,8,13,8,8,
PS5328,England,181,71,20,Derby County ,63,64,None,18,20,36,58,62,18,59,60,53,57,44,77,58,53,74,80,76,53,53,64,63,56,58,38,63,56,6,7,13,6,6,
PS5329,Ukraine,183,78,26,Dynamo Kyiv ,60,58,None,30,45,61,55,56,62,63,44,66,64,56,71,63,64,59,70,63,43,38,54,56,61,53,37,49,46,5,12,7,8,12,
PS5330,England,178,73,26,MK Dons ,63,61,None,60,59,60,60,58,58,63,60,59,64,64,65,70,63,57,62,66,53,54,65,55,58,56,60,49,52,7,7,8,15,12,
PS5331,Argentina,174,70,38,Patronato ,72,60,None,65,68,75,72,55,75,69,73,60,73,72,38,67,66,77,43,76,69,60,69,51,67,54,56,68,55,10,7,16,14,15,
PS5332,Slovakia,173,68,34,Legia Warszawa ,63,63,None,29,31,33,64,64,20,62,63,60,65,57,76,56,47,85,80,83,55,53,66,64,66,55,59,65,59,8,10,14,7,7,
PS5333,France,191,75,27,FC Botoșani ,48,35,None,63,67,70,55,21,60,33,48,31,60,49,38,62,82,52,34,31,49,63,37,19,28,30,38,37,29,11,11,13,10,13,
PS5334,Argentina,174,68,21,Rosario Central  ,67,64,None,25,27,36,59,59,21,49,50,53,57,55,75,63,49,74,69,65,59,56,62,65,59,55,40,48,53,7,6,14,6,9,
PS5335,India,169,60,25,Chennaiyin FC ,63,61,None,53,56,61,61,55,60,61,57,60,64,63,68,79,60,88,65,80,37,41,54,52,51,60,61,45,45,14,9,13,6,11,
PS5336,Germany,177,73,25,Hallescher FC ,61,65,None,46,43,55,63,60,38,64,56,50,62,59,71,63,55,71,67,64,58,39,57,61,48,45,52,48,48,14,10,11,5,8,
PS5337,Belgium,170,61,22,FC Emmen ,65,70,None,60,59,58,55,41,59,37,53,60,52,48,81,66,53,87,73,86,76,27,41,48,43,48,38,47,29,8,5,6,12,6,
PS5338,England,185,74,19,West Brom ,59,57,None,21,27,35,62,59,28,52,57,37,58,42,73,67,71,69,75,65,61,57,65,62,59,56,54,64,53,9,7,6,9,10,
PS5339,Norway,187,86,36,FK Haugesund ,65,61,None,23,31,75,66,68,44,53,69,53,60,53,51,60,82,51,52,50,76,67,75,65,63,51,61,65,65,11,11,8,15,7,
PS5340,Ivory Coast,177,80,20,Nîmes Olympique ,64,64,None,58,60,54,60,54,59,61,60,59,68,65,70,67,59,65,70,66,52,47,62,54,47,58,53,53,46,9,14,5,13,6,
PS5341,Venezuela,184,81,35,Dep. Táchira ,63,61,None,13,22,73,61,66,33,58,56,29,63,57,55,67,82,59,66,52,85,65,70,69,55,35,37,64,68,9,13,9,14,11,
PS5342,Scotland,180,78,23,Kilmarnock ,60,55,None,62,61,68,57,48,57,61,60,63,64,63,52,67,68,58,54,52,57,55,77,53,64,66,65,52,51,12,13,7,5,10,
PS5343,Argentina,170,66,19,Huracán ,64,65,None,27,35,29,57,54,20,52,48,62,58,50,70,76,66,67,69,67,41,40,73,59,48,47,44,67,50,7,11,10,14,8,
PS5344,Paraguay,178,75,31,Sol de América ,65,72,None,55,55,75,63,40,61,57,68,62,66,74,71,58,62,70,73,80,73,67,54,48,58,80,65,55,58,12,10,8,9,13,
PS5345,Argentina,177,77,28,Aldosivi ,55,59,None,22,20,29,59,57,19,47,51,37,45,34,60,54,62,66,61,57,69,71,66,70,61,48,41,67,56,14,6,12,13,8,
PS5346,Republic of Ireland,184,78,24,Barnsley ,57,61,None,56,61,53,54,54,52,46,46,55,58,52,71,77,70,64,75,69,69,54,58,50,55,51,56,49,41,8,7,13,9,13,
PS5347,Romania,171,65,23,FC Botoșani ,59,58,None,58,57,57,52,50,53,52,56,56,60,47,81,68,54,70,83,81,67,40,57,47,45,55,30,38,35,7,6,9,6,15,
PS5348,Argentina,170,69,29,Huracán ,56,60,None,65,66,67,54,51,59,49,50,58,60,58,67,53,62,81,69,67,71,58,49,49,44,40,30,50,37,13,10,7,9,5,
PS5349,Argentina,172,68,20,Vélez Sarsfield ,64,64,None,44,46,49,58,59,45,57,56,52,67,68,67,52,48,78,66,73,54,48,65,56,57,72,65,62,45,9,7,15,12,5,
PS5350,Colombia,180,78,27,La Equidad ,63,66,None,27,28,34,60,60,29,63,49,60,61,62,67,64,70,66,68,70,61,38,61,55,58,45,50,52,46,10,12,12,15,13,
PS5351,England,175,68,27,Doncaster ,63,61,None,59,61,43,61,58,59,62,60,40,63,61,53,83,58,75,54,72,64,40,63,53,55,44,41,41,39,11,6,11,13,9,
PS5352,Spain,179,67,20,R. Valladolid CF ,67,65,None,12,19,55,47,64,13,46,57,29,60,42,69,51,44,67,74,51,66,52,61,68,54,32,30,59,59,8,9,11,10,8,
PS5353,Algeria,178,76,34,FC Annecy ,66,62,None,62,64,73,63,52,63,62,63,49,68,66,59,67,70,72,44,75,75,43,64,45,64,58,62,54,33,15,12,7,13,9,
PS5354,Venezuela,184,85,32,MSV Duisburg ,61,60,None,60,61,78,61,55,64,54,56,60,64,59,57,74,84,62,61,61,82,59,60,35,56,64,49,39,49,16,10,14,12,7,
PS5355,Spain,182,81,25,Korona Kielce ,51,58,None,61,60,50,57,43,59,36,55,60,49,30,70,70,65,73,68,52,61,51,20,23,25,44,33,38,25,11,14,13,14,14,
PS5356,Romania,176,72,25,FCU 1948 ,60,61,None,53,59,42,55,50,58,54,57,57,58,50,83,62,52,67,83,75,59,49,53,47,36,51,34,49,42,10,12,8,8,11,
PS5357,Romania,180,75,32,FCSB ,60,61,None,57,58,61,59,54,58,62,54,63,60,58,76,65,70,70,72,73,62,57,51,55,53,54,50,52,39,7,7,12,11,6,
PS5358,Korea Republic,175,73,29,Rodez AF ,59,63,,54,42,41,55,60,26,59,58,59,61,56,74,53,48,76,75,79,51,47,59,57,54,58,60,62,56,8,13,7,13,8,
PS5359,England,187,72,24,St. Pats ,46,42,,62,63,65,56,23,62,37,59,25,55,53,62,64,74,65,64,41,84,60,51,34,50,49,26,30,24,12,6,13,6,14,
PS5360,Chile,171,65,31,Antofagasta ,64,45,None,66,70,62,66,41,65,35,62,60,63,60,40,77,60,79,40,65,69,50,54,33,34,53,43,42,36,11,12,13,9,16,
PS5361,Germany,197,93,26,Jahn Regensburg ,18,11,None,11,13,22,54,6,12,24,25,13,23,23,22,21,68,38,23,29,56,10,47,7,6,13,12,10,8,64,64,61,63,62,
PS5362,France,182,65,25,SC Bastia ,60,58,None,64,62,67,58,56,61,61,58,61,64,61,62,71,62,70,72,68,65,59,61,53,51,65,66,62,48,6,7,15,15,8,
PS5363,England,185,73,31,Bristol Rovers ,57,56,None,38,42,80,61,64,33,57,63,39,54,55,54,79,81,66,60,61,80,64,67,64,58,51,45,65,59,11,6,15,11,11,
PS5364,Kosovo,186,83,35,Empoli ,23,12,None,10,11,20,59,10,10,31,50,12,36,26,51,21,59,50,49,55,76,10,46,13,17,11,14,22,12,71,68,67,61,67,
PS5365,Denmark,184,76,18,FC Nordsjælland ,71,69,None,51,56,45,57,54,32,64,58,49,68,67,69,64,52,67,69,71,54,49,58,54,50,62,58,61,54,14,6,8,10,11,
PS5366,Spain,182,82,31,Miedź Legnica ,63,49,None,64,64,59,59,58,65,59,56,55,63,61,58,71,69,64,62,60,65,61,58,47,48,60,59,45,38,12,8,9,15,16,
PS5367,Romania,182,70,29,FC Hermannstadt ,63,61,None,13,21,32,61,64,18,51,61,55,59,49,73,61,59,65,66,62,69,60,65,64,60,62,36,65,55,5,11,6,14,14,
PS5368,Denmark,190,84,32,Aalesunds FK ,63,56,None,61,61,70,62,50,65,45,61,56,63,58,68,69,76,61,61,67,70,60,54,46,46,48,35,49,45,12,10,13,10,12,
PS5369,Canada,180,79,20,Toronto FC ,61,66,None,55,60,54,54,47,58,49,49,50,60,43,81,64,68,58,80,60,66,54,55,50,45,46,48,50,55,14,15,7,13,12,
PS5370,Bulgaria,184,74,33,FC Petrolul ,52,56,None,59,60,52,56,42,59,40,48,60,61,50,79,71,68,68,81,69,57,53,51,44,42,45,47,42,50,8,9,11,6,10,
PS5371,Angola,184,77,22,Wolfsberger AC ,47,41,None,61,63,62,56,23,61,30,62,32,51,40,67,62,82,47,64,50,65,63,47,20,21,30,31,40,28,6,6,13,14,7,
PS5372,Peru,182,72,23,FC Emmen ,64,61,None,15,19,53,45,65,23,51,49,28,55,40,66,62,65,67,54,60,62,63,61,63,59,32,40,59,53,15,5,10,14,7,
PS5373,England,177,78,24,Peterborough ,64,67,None,23,29,61,56,58,24,55,63,55,53,36,83,71,68,85,83,87,57,50,61,57,58,53,47,56,58,12,13,12,14,8,
PS5374,Spain,187,75,24,CA Osasuna ,53,20,None,65,68,58,58,36,62,34,47,21,60,37,65,58,57,62,62,61,68,63,39,23,21,24,25,31,29,9,6,7,11,13,
PS5375,Australia,170,63,30,Sydney FC ,65,63,None,59,61,51,57,58,62,58,61,59,61,60,53,80,71,66,49,64,64,50,48,52,45,42,37,54,45,13,7,10,14,8,
PS5376,Serbia,189,82,30,ATK Mohun Bagan ,50,46,None,63,61,76,56,47,57,40,72,46,51,54,65,81,80,67,55,66,80,59,62,34,49,35,33,35,41,10,14,14,10,5,
PS5377,Argentina,180,75,29,WSG Tirol ,65,64,None,20,17,61,51,59,22,57,61,48,62,52,70,51,71,63,69,71,80,62,67,59,63,49,41,67,63,8,10,10,11,13,
PS5378,Spain,192,80,23,Getafe CF ,42,38,None,62,68,64,57,27,55,33,55,26,53,48,64,68,74,45,67,40,71,61,40,26,33,42,29,35,24,13,13,9,11,10,
PS5379,England,175,73,27,Stevenage ,55,58,None,57,57,59,54,54,55,51,52,57,52,43,79,74,60,73,78,73,71,48,60,43,48,56,41,44,37,6,5,5,5,15,
PS5380,France,184,74,26,Servette FC ,58,59,None,60,57,64,57,47,60,54,60,57,58,56,67,71,67,72,66,71,83,59,59,41,34,35,33,41,31,14,13,8,12,14,
PS5381,Ecuador,172,69,35,9 de Octubre FC ,67,70,None,48,53,80,60,62,63,65,71,65,60,55,70,67,66,75,76,73,72,62,70,64,68,71,74,77,56,8,10,9,8,12,
PS5382,Germany,192,87,23,SV Meppen ,59,58,None,11,15,55,57,61,11,42,56,30,47,42,59,56,80,43,55,56,68,64,62,66,57,39,32,59,50,8,11,8,8,11,
PS5383,Germany,187,80,34,Holstein Kiel ,27,18,None,12,17,21,68,13,22,39,48,11,32,21,33,29,61,44,34,44,68,13,44,9,7,18,16,20,10,66,69,63,59,71,
PS5384,Scotland,173,71,24,St. Johnstone ,61,61,None,57,59,85,59,57,58,62,57,59,62,61,71,71,60,72,70,68,76,55,65,54,60,61,60,44,49,14,7,11,15,5,
PS5385,Austria,184,76,25,Brisbane Roar ,62,60,None,45,38,45,55,54,29,60,53,57,65,60,65,53,63,65,75,66,54,43,60,52,55,55,57,56,53,13,13,11,12,14,
PS5386,Poland,191,81,32,Wisła Płock ,26,14,None,13,12,21,56,15,18,41,27,13,26,24,30,34,54,58,44,38,55,12,49,18,14,16,17,23,15,67,65,63,65,66,
PS5387,Korea Republic,189,80,27,Suwon Samsung ,47,32,None,59,63,64,42,42,57,26,47,45,61,56,78,73,78,66,72,64,71,68,35,30,31,23,29,33,28,7,7,5,14,9,
PS5388,Italy,184,76,20,Sampdoria ,61,60,None,19,23,63,63,57,16,49,58,46,53,38,67,53,72,57,69,54,57,61,64,62,55,46,35,57,44,13,6,7,8,13,
PS5389,England,173,65,25,Swindon Town ,60,64,None,23,22,40,56,59,21,48,57,39,54,40,86,44,34,78,87,74,60,58,61,62,58,42,43,60,54,11,14,13,11,7,
PS5390,Germany,180,74,21,FC Ingolstadt 04 ,65,60,None,43,54,54,60,52,47,61,56,47,67,64,64,63,59,69,54,68,58,47,47,41,51,49,50,50,35,14,11,12,10,11,
PS5391,New Zealand,183,78,21,Well. Phoenix ,41,22,None,16,18,21,65,18,14,53,55,25,40,44,47,45,52,52,52,59,69,16,48,19,16,31,23,24,16,58,63,58,64,69,
PS5392,France,188,79,26,Servette FC ,57,44,None,64,63,47,58,21,61,35,53,47,58,55,62,66,74,52,67,52,65,56,40,24,17,23,28,42,24,6,14,9,11,12,
PS5393,Austria,196,84,27,TSV Hartberg ,20,19,None,22,11,20,57,18,19,11,31,17,31,25,46,44,79,57,40,39,56,20,48,12,17,13,17,23,11,60,67,60,64,64,
PS5394,France,175,66,19,Bordeaux ,54,57,None,62,65,57,57,44,62,45,43,46,61,49,71,60,45,73,67,54,64,50,23,28,22,44,30,41,26,6,12,6,8,9,
PS5395,Austria,175,69,24,WSG Tirol ,60,55,None,60,53,58,54,51,50,42,42,62,63,57,75,85,50,75,80,63,68,49,57,48,45,58,39,51,44,11,10,9,8,10,
PS5396,Brazil,167,63,35,Corinthians ,63,60,None,66,63,69,64,57,60,53,62,62,63,62,77,75,54,70,76,73,60,54,52,46,52,36,30,42,35,11,8,6,8,13,
PS5397,Argentina,179,76,20,Lanús ,46,42,None,64,64,57,60,46,62,38,48,47,51,46,55,53,70,69,54,48,65,63,32,33,28,31,27,39,26,6,8,7,9,8,
PS5398,Argentina,172,67,22,Godoy Cruz ,59,61,None,20,18,35,56,57,23,53,51,56,57,49,76,61,34,70,73,74,58,54,58,61,60,51,45,54,56,11,7,13,12,10,
PS5399,Italy,176,70,23,Südtirol ,65,60,None,51,51,51,52,53,48,67,60,50,68,61,64,66,51,66,62,64,49,32,51,48,45,63,42,38,49,12,8,14,7,13,
PS5400,England,181,78,24,Rochdale ,55,53,None,57,60,61,58,45,59,44,56,47,58,53,70,65,70,62,75,68,75,55,42,29,36,34,25,32,28,8,13,9,7,8,
PS5401,Korea Republic,185,78,24,Jeju United ,51,24,None,61,62,76,41,34,58,28,43,26,57,54,62,74,76,55,60,70,73,63,43,48,18,22,26,39,26,9,13,7,12,15,
PS5402,Germany,190,79,20,FC Schalke 04 ,63,68,None,42,44,39,58,54,41,52,52,59,59,53,67,52,67,58,69,68,60,50,62,58,47,56,58,58,52,9,14,10,9,6,
PS5403,China PR,179,72,30,Shanghai Port ,59,65,None,50,48,66,60,61,51,61,56,58,58,56,85,83,69,80,73,77,80,51,61,54,56,60,43,42,55,12,11,11,8,11,
PS5404,Turkey,175,71,23,Adana Demirspor ,57,64,None,62,65,60,63,59,59,39,48,55,36,31,72,64,48,73,68,69,69,48,29,28,26,39,40,45,26,11,9,6,5,7,
PS5405,Colombia,176,67,20,La Equidad ,62,66,None,50,53,55,61,63,50,64,55,51,63,59,62,63,57,70,66,65,70,55,55,59,58,55,60,55,45,7,8,6,7,5,
PS5406,Netherlands,175,70,20,Arsenal ,63,67,None,46,36,43,49,49,22,62,54,63,57,43,79,52,48,68,76,71,46,46,66,50,45,56,45,47,48,7,5,9,10,8,
PS5407,Netherlands,183,78,24,RKC Waalwijk ,59,52,None,61,64,50,59,40,61,32,47,45,60,52,54,61,73,69,66,53,66,62,50,33,31,25,35,38,36,8,10,8,5,9,
PS5408,England,180,73,22,Port Vale ,55,50,None,60,62,54,60,27,59,33,57,36,59,57,64,60,71,64,59,51,75,62,35,19,19,29,28,37,29,10,6,13,7,6,
PS5409,Bosnia & Herzegovina,184,79,22,Heidenheim ,59,58,None,62,63,59,56,41,57,52,54,56,64,60,55,58,68,64,63,61,56,57,59,47,44,45,40,46,38,9,8,8,9,7,
PS5410,England,180,75,24,Dundalk ,60,58,None,55,57,56,55,54,55,50,53,56,56,51,72,69,57,68,71,65,63,47,52,39,37,51,42,43,42,11,10,13,9,8,
PS5411,Denmark,197,93,23,Lyngby BK ,17,11,None,12,12,24,56,6,9,52,28,16,26,23,30,26,67,44,28,34,49,12,49,9,9,11,11,15,10,60,63,59,65,64,
PS5412,England,188,85,29,Sutton United ,49,41,None,60,61,62,58,38,59,39,54,29,51,42,63,74,80,44,67,46,74,63,51,22,34,39,53,37,25,9,10,16,13,11,
PS5413,Wales,198,90,36,Nott'm Forest ,23,8,None,13,18,21,66,14,22,58,55,11,29,41,40,29,68,51,41,48,41,14,56,12,10,12,11,17,10,74,73,74,75,70,
PS5414,Brazil,180,77,25,Orlando City ,44,63,None,70,69,58,57,52,58,35,41,62,33,32,67,64,58,64,67,62,61,45,45,48,32,48,41,42,28,10,6,12,6,12,
PS5415,Australia,180,72,31,Perth Glory ,57,55,None,56,56,65,55,56,58,58,56,64,55,51,68,73,65,63,68,70,74,52,60,45,47,59,61,51,43,13,9,11,9,11,
PS5416,England,190,75,19,Leeds United ,63,61,None,20,20,49,59,60,20,59,60,43,58,50,67,61,67,65,73,69,72,55,67,61,59,54,42,58,57,12,13,14,6,11,
PS5417,England,175,73,31,Newport County ,61,60,None,56,59,39,59,58,53,61,63,57,62,61,62,76,63,75,64,72,73,43,61,56,58,54,55,53,56,11,11,15,8,12,
PS5418,Cape Verde,178,74,33,FC Voluntari ,61,57,None,61,63,67,61,59,61,59,62,51,63,60,53,72,65,72,51,67,59,59,66,51,56,48,42,52,50,8,12,6,8,14,
PS5419,Denmark,184,85,30,AC Horsens ,60,53,None,60,61,65,56,53,57,35,60,53,62,61,52,60,76,59,54,56,74,63,50,35,32,53,50,36,40,15,12,8,11,11,
PS5420,England,175,71,32,Burton Albion ,62,60,None,14,20,53,62,64,20,53,64,42,54,43,64,39,60,82,64,77,86,64,64,63,62,54,43,63,58,7,13,10,10,12,
PS5421,Spain,186,81,21,Real Madrid ,28,8,None,12,14,26,58,6,7,22,44,12,60,49,27,30,54,37,39,45,58,11,50,9,9,10,13,18,7,59,62,66,66,56,
PS5422,England,178,76,35,Bolton ,67,65,None,58,60,59,66,64,65,66,67,66,68,67,52,72,61,73,49,65,76,59,60,63,59,63,53,59,60,11,12,12,8,12,
PS5423,Germany,187,85,27,VfL Wolfsburg ,12,8,None,8,9,31,60,6,10,30,41,12,24,20,31,36,64,40,35,49,72,10,47,6,6,8,7,11,10,60,59,60,63,64,
PS5424,England,184,81,30,Carlisle United ,60,60,None,51,54,73,57,58,53,56,57,63,55,53,70,76,77,73,70,79,72,51,62,54,59,65,62,54,56,15,14,16,13,16,
PS5425,Paraguay,187,78,41,Olimpia ,61,57,None,73,74,72,71,56,70,44,80,47,67,48,33,51,82,53,30,50,72,74,54,38,42,32,35,48,35,16,8,11,10,11,
PS5426,Nigeria,176,79,24,Kayserispor ,67,65,None,62,60,69,62,56,53,44,60,49,65,62,73,55,54,60,72,74,58,57,64,50,57,57,47,45,49,15,14,6,10,14,
PS5427,Uruguay,180,76,36,River Plate ,38,33,None,68,64,73,63,29,75,45,52,33,36,39,48,45,69,62,41,42,79,75,50,27,32,29,44,35,29,8,9,10,8,14,
PS5428,Senegal,192,87,35,Mumbai City FC ,51,40,None,63,67,71,58,49,65,47,63,35,60,55,60,71,90,36,61,37,87,71,59,27,31,38,20,39,30,15,10,13,15,6,
PS5429,Netherlands,176,77,35,Sparta Rotterdam ,65,65,None,65,64,67,65,64,62,66,70,61,62,64,64,68,68,74,62,67,80,63,67,47,60,71,69,56,58,10,7,15,7,15,
PS5430,Ukraine,186,85,33,Korona Kielce ,52,29,,63,64,61,62,28,60,30,43,31,41,27,55,63,82,60,55,48,62,64,38,23,27,31,31,38,29,10,12,12,15,14,
PS5431,Romania,180,67,23,FC Univ. Cluj ,64,61,None,32,30,38,61,56,19,57,52,58,62,53,73,57,53,71,74,67,46,34,52,46,43,49,41,53,47,6,11,13,11,11,
PS5432,Germany,184,73,19,RB Leipzig ,63,68,None,59,59,44,49,45,57,54,49,59,60,44,75,54,48,65,74,68,55,39,39,33,32,40,25,29,31,8,15,12,6,5,
PS5433,Central African Rep.,182,75,27,CS Mioveni ,55,49,None,57,60,65,55,33,57,40,57,40,54,54,50,62,80,66,51,63,80,63,44,28,26,32,28,46,35,11,15,9,13,15,
PS5434,England,181,72,22,Middlesbrough ,60,62,None,35,30,35,54,59,32,53,55,48,55,47,78,63,57,79,73,69,71,56,58,58,54,39,36,61,46,9,5,10,6,15,
PS5435,El Salvador,185,79,22,Toronto FC ,19,5,None,11,12,17,55,7,13,39,26,10,29,34,28,23,55,49,28,38,59,13,46,7,6,12,13,17,7,59,63,59,61,61,
PS5436,Chile,195,86,20,D. Alavés ,35,32,None,68,73,53,51,28,58,30,45,29,50,29,55,63,79,38,62,48,67,56,45,28,24,30,34,41,33,8,15,7,11,7,
PS5437,Colombia,174,80,36,La Equidad ,66,65,None,56,63,79,64,64,67,60,61,68,64,67,52,55,59,70,52,69,79,59,70,52,70,58,68,63,66,13,14,9,14,11,
PS5438,Spain,180,75,20,CD Lugo ,45,36,None,65,72,57,56,33,60,36,43,30,48,36,54,59,56,66,52,43,75,65,46,23,26,31,36,45,37,14,6,15,14,11,
PS5439,United States,188,89,22,FC Ingolstadt 04 ,63,58,None,17,11,29,52,59,18,49,56,39,51,27,79,59,70,69,80,66,57,59,52,60,47,35,32,51,44,11,9,11,8,7,
PS5440,Scotland,192,83,34,Exeter City ,63,58,None,58,65,76,55,57,64,62,68,66,65,64,35,33,82,40,39,49,63,56,68,54,61,62,56,48,50,8,7,11,6,8,
PS5441,Australia,196,83,34,Bengaluru FC ,56,49,None,59,60,63,60,36,61,43,61,28,61,56,49,62,85,57,54,48,49,64,52,26,25,26,25,38,29,12,8,11,12,7,
PS5442,Sweden,181,74,22,Malmö FF ,56,57,None,49,50,52,53,57,46,56,52,57,65,60,73,60,56,68,70,75,47,47,64,46,60,61,45,50,41,10,8,13,6,11,
PS5443,Italy,189,77,22,Frosinone ,58,55,None,16,10,46,55,65,15,39,56,42,51,35,64,57,65,64,69,56,68,61,60,64,49,38,30,66,53,12,11,10,9,13,
PS5444,Ukraine,180,77,20,Perugia ,60,58,,49,58,59,54,57,56,62,51,40,64,64,60,60,60,63,64,62,59,48,59,46,56,45,49,48,36,5,6,7,10,10,
PS5445,Italy,180,73,21,SPAL ,63,62,None,38,34,50,57,57,33,48,49,51,61,45,64,51,58,66,62,52,63,58,55,63,58,44,40,63,47,14,9,7,9,12,
PS5446,Chile,184,81,35,Antofagasta ,65,65,None,40,43,60,66,61,40,63,68,59,65,64,75,67,67,72,74,78,80,60,72,56,55,46,49,49,63,9,13,8,8,12,
PS5447,United Arab Emirates,171,60,24,Al Ain FC ,63,63,None,41,44,43,57,54,43,60,59,51,62,61,63,57,45,83,64,69,53,36,47,48,50,57,39,40,41,15,9,10,14,7,
PS5448,Chile,188,88,31,Alianza Lima ,56,36,None,62,60,60,64,28,64,39,60,35,48,53,48,52,75,39,44,38,42,62,57,37,42,33,45,51,43,11,8,9,11,10,
PS5449,Gabon,184,75,22,Angers SCO ,64,64,None,43,38,40,60,56,31,58,58,51,59,53,64,34,64,57,63,64,52,39,60,47,45,53,53,57,46,9,13,10,8,12,
PS5450,Gambia,181,79,23,AFC Wimbledon ,56,59,None,29,36,35,54,55,22,53,52,30,49,37,90,54,71,66,87,62,63,51,61,59,50,53,31,58,47,10,10,10,13,14,
PS5451,Portugal,184,78,18,Düsseldorf ,56,53,None,58,60,58,60,47,59,58,53,40,63,57,67,64,65,60,68,65,64,58,58,52,48,33,42,59,50,10,13,10,7,9,
PS5452,Ivory Coast,178,73,21,Ascoli ,64,62,None,59,58,67,58,68,48,53,44,49,66,65,62,58,53,69,66,58,63,58,61,40,44,50,46,55,45,7,6,8,5,9,
PS5453,Uruguay,183,81,36,Alianza Lima ,61,61,None,64,70,73,60,58,65,62,64,53,65,67,58,68,78,55,58,55,59,65,63,54,54,53,35,53,40,7,8,6,16,8,
PS5454,Paraguay,171,68,24,Gral. Caballero ,60,63,None,47,45,45,50,55,44,49,40,44,57,53,75,55,43,81,75,73,59,55,51,61,47,37,33,49,39,15,6,13,8,9,
PS5455,Venezuela,161,61,21,Est. de Mérida ,62,65,None,22,23,55,55,51,13,46,48,44,64,55,53,70,57,67,53,55,70,61,61,65,64,55,61,66,63,11,5,12,12,7,
PS5456,Poland,183,80,37,Reggina ,56,46,None,72,71,68,64,30,72,36,65,35,55,52,51,54,79,59,51,53,92,65,31,22,26,31,25,39,34,9,6,8,8,16,
PS5457,Uruguay,181,77,31,River Plate ,52,40,None,65,59,67,58,38,60,48,40,38,68,61,61,58,68,63,58,52,59,48,47,33,35,36,39,34,28,13,14,11,10,13,
PS5458,Belgium,196,86,35,Antalyaspor ,16,20,None,11,12,35,67,13,25,41,56,11,18,12,56,38,70,33,57,52,75,12,48,13,20,17,15,20,17,69,72,67,64,71,
PS5459,Jamaica,173,67,23,KAS Eupen ,66,68,None,26,28,38,39,45,27,60,56,53,62,61,73,48,50,65,65,78,70,38,47,37,50,52,51,45,49,14,12,9,13,6,
PS5460,France,180,71,23,En Avant Guingamp ,60,59,None,42,44,47,56,55,43,56,58,56,57,52,67,60,48,62,68,67,44,45,58,53,54,60,55,50,48,9,11,7,13,9,
PS5461,England,178,70,21,Rochdale ,59,56,None,52,59,47,58,58,54,61,58,48,60,60,69,68,50,69,59,62,61,40,54,49,57,50,41,36,40,13,10,6,6,8,
PS5462,Argentina,172,76,22,Barracas Central ,61,63,None,51,54,71,51,57,60,55,57,49,65,61,54,53,61,62,71,67,56,49,59,53,56,44,42,52,45,8,12,6,13,7,
PS5463,England,189,75,25,Mansfield Town ,53,48,None,57,60,65,54,30,57,32,50,29,55,52,55,63,83,50,56,50,70,58,59,28,50,36,26,35,23,10,6,11,11,5,
PS5464,Australia,187,85,39,Sydney FC ,60,40,None,68,71,71,61,50,69,57,61,33,67,59,32,75,82,52,31,49,74,68,60,36,46,37,33,44,53,10,13,12,13,8,
PS5465,Turkey,197,90,28,Ümraniyespor ,19,6,None,12,12,22,50,5,7,30,34,10,20,16,21,28,72,24,29,30,35,10,45,5,8,11,14,12,9,59,63,61,60,64,
PS5466,England,178,69,34,Harrogate Town ,62,60,None,16,22,46,61,61,15,52,58,50,56,49,79,84,61,71,79,68,76,59,65,61,59,53,49,63,56,7,8,10,7,12,
PS5467,Poland,190,84,28,Miedź Legnica ,13,18,None,17,18,16,54,13,18,17,14,18,17,15,24,25,47,26,24,25,40,18,46,15,13,18,11,18,12,62,59,60,61,60,
PS5468,China PR,180,72,30,Shenzhen FC ,58,54,None,49,55,58,58,59,60,62,53,56,59,60,73,83,68,62,72,81,59,57,68,54,59,59,56,56,61,6,11,9,13,6,
PS5469,Germany,182,73,20,Braunschweig ,66,69,None,26,38,31,47,51,22,58,57,54,57,47,69,47,36,67,66,70,47,39,52,53,42,57,38,40,45,14,14,12,8,14,
PS5470,England,181,73,20,Crawley Town ,60,60,None,14,18,35,52,53,18,47,48,48,51,42,84,52,44,68,82,73,41,40,60,55,54,51,46,52,50,13,9,7,13,14,
PS5471,Argentina,178,70,18,Inter ,64,60,None,57,54,47,58,51,26,66,63,56,70,69,58,52,49,69,61,47,58,51,62,45,44,61,50,59,45,13,13,8,11,7,
PS5472,Norway,177,61,24,Lillestrøm SK ,59,57,None,48,48,57,52,55,45,55,58,50,62,58,72,65,40,76,71,73,60,45,58,47,42,48,45,49,45,7,9,7,9,5,
PS5473,Spain,180,78,20,Go Ahead Eagles ,62,59,None,24,22,27,52,56,27,57,45,54,52,50,66,59,58,59,65,63,57,48,54,60,50,47,43,47,45,11,11,11,9,10,
PS5474,Australia,176,70,22,Macarthur FC ,59,62,None,57,57,65,58,57,58,58,57,48,61,56,70,67,55,76,67,76,69,44,56,52,50,49,45,45,40,14,14,6,9,8,
PS5475,Denmark,184,78,21,AC Horsens ,62,60,None,54,55,56,51,58,50,46,50,56,52,46,86,62,60,64,90,73,64,50,60,51,46,50,35,47,47,15,11,12,14,14,
PS5476,South Africa,171,55,19,Kaizer Chiefs ,67,69,None,28,23,58,53,60,25,55,46,45,48,24,75,63,30,75,72,53,71,64,53,59,52,37,33,57,53,10,7,10,10,5,
PS5477,Australia,181,72,22,VfB Stuttgart ,54,52,None,14,13,32,58,59,12,39,46,30,44,32,78,66,69,69,74,73,86,60,59,63,48,39,28,46,49,11,11,14,12,15,
PS5478,France,189,81,36,OL ,23,12,None,12,13,29,69,18,28,42,48,14,48,34,45,32,75,51,53,39,61,12,49,11,13,13,15,23,13,70,69,66,65,68,
PS5479,England,187,77,21,Portsmouth ,60,57,None,56,61,64,56,38,57,51,60,42,62,57,64,59,68,62,64,55,63,62,53,30,31,40,38,53,28,6,15,14,15,8,
PS5480,Saudi Arabia,175,65,30,Al Wehda ,63,65,None,37,40,45,52,54,49,54,45,57,62,59,72,56,59,66,70,69,32,30,65,55,60,41,57,47,54,9,15,11,12,9,
PS5481,Slovakia,192,90,37,FC Voluntari ,67,61,None,13,16,57,60,70,34,43,69,42,55,40,43,46,87,59,33,37,78,76,72,65,60,50,43,66,61,15,9,16,8,15,
PS5482,Senegal,189,75,23,Hartlepool ,55,53,None,58,57,65,55,44,57,52,55,43,59,55,63,67,74,52,66,61,54,55,58,38,43,39,34,44,25,7,14,11,13,9,
PS5483,China PR,188,70,25,Tianjin JMT FC ,51,56,None,11,18,34,59,60,10,52,43,50,52,34,74,70,73,42,67,60,77,56,56,56,51,46,34,58,41,8,6,14,14,11,
PS5484,Australia,181,77,22,Melb. Victory ,60,58,None,21,26,32,41,49,35,53,51,53,55,40,87,44,60,66,88,87,41,37,60,57,45,45,34,44,37,11,8,10,5,15,
PS5485,Saudi Arabia,185,77,25,Al Fayha ,56,59,None,12,12,46,54,58,17,45,43,34,43,31,73,55,62,63,77,70,75,55,54,59,48,34,32,49,57,11,9,12,11,9,
PS5486,France,171,65,21,SM Caen ,57,51,None,56,59,53,49,45,53,41,42,52,53,39,78,67,44,82,79,65,74,48,32,26,27,43,33,40,24,8,14,8,11,15,
PS5487,England,168,72,28,Gillingham ,55,57,None,32,36,45,52,48,28,50,49,53,55,50,87,70,46,88,86,87,51,45,58,52,50,46,48,55,47,9,13,10,6,13,
PS5488,Colombia,181,79,39,América de Cali ,66,62,None,26,27,62,63,61,26,53,67,42,60,41,65,67,65,57,67,61,68,70,65,68,67,55,54,73,65,7,10,16,8,7,
PS5489,Sweden,175,73,24,IFK Värnamo ,56,55,None,56,56,46,56,52,53,35,48,52,53,40,76,65,55,77,74,72,60,43,27,24,20,33,34,34,29,10,12,6,8,9,
PS5490,France,193,95,21,Grenoble Foot 38 ,42,35,None,60,64,52,54,27,63,33,49,31,45,41,63,59,74,55,49,45,70,58,49,24,32,36,31,47,35,8,7,10,14,12,
PS5491,Belgium,178,73,23,RKC Waalwijk ,60,55,None,60,60,63,64,41,59,40,52,46,64,62,63,32,59,65,53,65,59,55,56,41,40,49,46,51,33,5,12,11,7,9,
PS5492,Saudi Arabia,178,63,31,Al Khaleej ,58,62,None,45,37,52,55,60,38,51,53,53,57,53,77,58,49,68,76,78,72,55,54,56,50,46,58,45,52,15,11,7,12,12,
PS5493,France,185,80,19,Torino ,55,57,None,58,58,55,57,51,54,44,50,59,51,48,68,62,65,56,69,63,55,52,52,38,41,45,42,47,33,6,11,7,10,13,
PS5494,China PR,180,72,34,Shandong Taishan ,61,58,None,56,54,56,54,52,55,40,56,54,63,61,72,71,72,68,63,58,81,65,35,40,30,41,42,44,32,7,9,6,9,14,
PS5495,Austria,185,80,21,SC Austria ,60,58,None,55,58,50,50,46,54,40,54,56,59,55,69,55,69,57,70,74,75,48,65,32,44,54,38,49,30,6,15,6,8,14,
PS5496,Australia,187,86,35,Mumbai City FC ,60,55,None,59,62,74,60,53,61,56,63,46,64,61,44,73,82,55,38,52,68,63,60,47,52,48,54,47,36,13,14,6,6,10,
PS5497,England,191,87,21,Wrexham AFC ,48,43,None,58,60,58,57,32,59,33,54,28,50,41,64,68,74,57,70,62,73,57,34,22,19,31,23,30,24,8,12,10,12,11,
PS5498,Venezuela,163,66,37,Est. de Mérida ,66,67,None,40,60,35,60,60,65,59,62,45,70,68,71,72,38,84,70,76,58,39,70,63,71,69,70,65,57,12,10,14,11,11,
PS5499,Turkey,185,78,27,Hatayspor ,45,43,None,60,61,63,56,24,59,28,50,32,53,51,60,60,62,56,64,50,69,59,45,25,26,27,29,30,22,9,9,8,6,12,
PS5500,Norway,183,78,19,Molde FK ,57,57,None,54,54,45,52,47,52,41,41,56,55,50,81,68,55,65,80,73,66,44,27,28,26,44,28,35,25,8,12,5,15,10,
PS5501,Norway,187,80,23,FK Bodø/Glimt ,52,42,None,57,60,56,55,24,55,33,47,28,55,48,66,60,75,52,68,53,74,57,36,27,25,32,30,34,25,7,13,10,5,13,
PS5502,Republic of Ireland,170,63,19,Aston Villa ,63,64,None,62,54,45,54,55,47,62,69,49,68,57,69,51,44,73,54,77,59,56,62,55,52,60,53,61,51,12,14,9,15,13,
PS5503,Netherlands,184,79,25,St. Pats ,62,55,None,45,36,59,57,55,45,59,63,45,63,60,61,65,67,64,62,59,59,46,55,50,52,39,56,38,39,9,6,9,6,11,
PS5504,Poland,188,80,22,Warta Poznań ,10,5,None,12,11,16,49,5,7,36,24,13,29,22,30,23,56,55,33,36,54,14,44,7,9,13,13,17,7,58,62,60,58,60,
PS5505,Scotland,191,80,37,Dundee United ,66,65,None,69,68,67,62,48,70,62,69,72,66,67,49,51,81,38,34,55,62,70,72,55,70,85,79,78,55,11,12,10,13,7,
PS5506,Republic of Ireland,188,76,19,Newcastle Utd ,50,49,None,62,60,66,53,39,58,43,56,59,53,49,55,49,70,59,54,56,60,58,47,29,28,49,35,42,32,11,13,7,10,7,
PS5507,Germany,188,87,23,Wehen Wiesbaden ,14,8,None,12,9,18,39,7,10,33,34,13,23,21,38,41,66,58,49,44,73,10,44,7,5,8,12,10,5,60,63,60,59,62,
PS5508,Switzerland,183,80,37,FC Sion ,68,65,None,69,70,67,63,65,69,70,69,73,73,72,45,72,70,58,48,45,67,66,74,55,68,74,72,68,55,5,4,5,6,4,
PS5509,China PR,186,80,31,Cangzhou FC ,58,49,None,60,60,67,62,51,61,59,51,31,60,59,67,80,80,52,67,60,78,64,49,54,51,40,38,39,34,15,14,8,15,15,
PS5510,Spain,188,80,23,Sevilla FC ,14,15,None,13,14,18,57,5,7,24,22,15,23,21,16,27,56,33,23,28,51,11,45,6,9,12,15,18,7,56,58,59,60,63,
PS5511,Saudi Arabia,178,75,29,Al Taawoun ,50,47,None,53,56,56,51,34,58,41,49,47,53,57,71,78,70,64,76,62,81,51,36,35,29,44,27,33,34,7,12,6,8,11,
PS5512,Iceland,184,80,30,Varbergs BoIS ,58,54,None,57,60,51,57,56,57,37,47,43,56,39,65,70,71,63,66,58,70,39,53,48,41,46,35,44,43,13,8,14,14,15,
PS5513,United States,188,86,30,Real Salt Lake ,12,20,None,12,19,18,49,16,24,20,28,18,21,19,47,37,76,47,42,39,53,11,51,11,12,18,17,24,15,62,60,61,68,59,
PS5514,United Arab Emirates,174,69,24,Al Ain FC ,49,51,None,63,61,70,48,41,54,39,50,46,46,45,67,67,60,72,68,61,69,49,35,35,31,46,31,38,27,15,6,13,6,6,
PS5515,Saudi Arabia,187,85,25,Al Fayha ,51,37,None,61,59,58,53,34,55,38,39,37,52,41,66,68,70,62,56,53,70,56,35,20,17,35,24,41,22,7,10,11,14,11,
PS5516,Republic of Ireland,178,64,32,Derry City ,53,48,None,53,56,64,57,52,52,40,55,50,53,51,70,81,64,69,71,67,85,54,22,26,22,48,40,27,25,13,11,12,6,13,
PS5517,Grenada,185,79,34,Mansfield Town ,56,61,None,50,53,72,59,59,53,54,58,61,60,56,71,80,84,69,66,68,76,57,68,57,58,57,54,66,54,6,11,12,12,11,
PS5518,Australia,183,83,28,NorthEast United ,32,25,None,64,64,50,48,26,58,27,47,28,40,32,60,74,80,62,64,62,76,50,38,24,15,36,38,40,25,10,11,8,6,6,
PS5519,Germany,194,85,22,Düsseldorf ,56,54,None,30,35,55,50,53,29,50,56,40,58,48,58,60,73,63,61,56,65,63,55,60,50,45,51,58,52,10,6,7,6,11,
PS5520,Tunisia,186,74,20,Stade Rennais FC ,14,12,None,10,13,26,57,8,6,37,37,10,17,18,38,28,66,33,32,46,54,12,39,5,5,10,10,14,6,57,61,58,52,62,
PS5521,Philippines,181,75,28,FC St. Gallen ,49,54,None,57,56,54,56,41,52,46,53,49,46,41,69,65,58,69,67,70,66,45,31,31,25,51,32,38,30,15,13,5,6,10,
PS5522,Belgium,194,82,21,KV Kortrijk ,15,13,None,10,11,20,46,6,12,32,28,10,16,22,24,18,52,28,15,22,36,10,44,4,6,12,10,15,8,57,64,59,58,62,
PS5523,Poland,184,73,20,Legia Warszawa ,53,51,None,59,57,63,54,38,57,44,48,40,60,55,62,66,68,60,62,59,64,47,53,31,35,42,38,47,32,10,14,10,14,8,
PS5524,Paraguay,179,74,22,Olimpia ,54,52,None,17,14,26,48,60,17,49,50,31,53,30,66,50,56,57,69,55,55,61,50,61,55,32,36,60,43,10,12,11,9,8,
PS5525,Chile,183,87,21,Colo-Colo ,10,9,None,13,10,21,58,8,6,26,22,14,22,29,18,23,64,44,17,34,59,14,44,7,9,12,13,10,5,60,61,54,58,61,
PS5526,England,191,88,31,Harrogate Town ,49,40,None,62,62,60,53,22,56,46,52,44,54,53,39,69,80,43,45,52,52,61,45,31,42,24,37,44,15,15,15,16,13,13,
PS5527,France,194,85,22,Clermont Foot 63 ,15,10,None,10,13,23,40,8,10,21,33,14,26,22,19,27,72,24,21,30,34,13,46,8,7,13,13,15,8,57,62,56,61,64,
PS5528,Germany,192,87,26,SC Verl ,20,12,None,14,15,26,55,12,14,31,30,12,22,20,36,23,66,35,34,39,57,16,43,13,15,18,16,20,14,57,62,59,57,60,
PS5529,England,193,80,26,Shrewsbury ,20,14,None,20,19,17,53,8,11,43,45,20,27,26,32,20,44,38,37,40,50,20,45,15,14,19,18,20,20,59,61,60,60,61,
PS5530,Seychelles,186,86,35,Burton Albion ,63,56,None,62,62,75,63,35,64,52,60,45,62,61,54,54,78,62,47,63,80,62,63,27,26,32,25,41,40,12,15,14,9,11,
PS5531,Romania,182,79,34,CS Mioveni ,44,33,None,63,61,73,67,46,62,54,55,36,63,60,54,66,73,62,54,63,65,39,52,37,52,52,52,32,45,15,10,9,10,5,
PS5532,Ukraine,187,76,20,Dynamo Kyiv ,49,44,None,56,57,67,54,31,55,32,56,28,45,47,63,63,67,59,61,52,59,60,46,22,28,28,29,35,26,6,14,12,12,9,
PS5533,Paraguay,182,82,36,Club Nacional ,56,38,None,58,67,65,55,23,63,24,52,40,65,58,32,62,66,56,34,54,76,71,41,32,17,37,23,37,24,15,16,12,8,11,
PS5534,Wales,178,70,22,Luton Town ,59,53,None,49,52,68,60,59,49,61,46,52,60,55,68,54,45,59,63,51,59,50,53,46,50,54,48,56,45,11,5,14,10,13,
PS5535,Sudan,174,57,24,Al Wehda ,56,58,None,28,30,53,51,54,29,52,49,51,54,52,73,50,49,72,74,60,56,50,49,52,48,47,48,53,36,6,9,6,11,7,
PS5536,China PR,185,70,30,Cangzhou FC ,57,53,None,58,59,64,53,50,56,52,58,41,57,58,67,80,73,71,63,63,60,60,55,50,56,47,46,45,41,16,15,10,8,8,
PS5537,United States,175,64,24,LA Galaxy ,58,55,None,49,52,57,53,51,45,59,52,39,64,61,68,61,47,79,61,63,58,41,52,34,41,44,40,43,36,13,9,7,14,6,
PS5538,Austria,186,84,21,Heidenheim ,20,12,None,12,11,25,41,5,7,21,30,11,24,20,18,24,41,38,17,22,45,12,45,8,9,12,11,19,10,58,60,61,60,60,
PS5539,Saudi Arabia,189,85,28,Al Raed ,16,19,None,11,19,18,58,10,18,31,45,19,25,23,43,33,73,34,43,35,54,17,41,14,14,12,12,18,11,59,62,58,54,57,
PS5540,Republic of Ireland,178,76,31,Sligo Rovers ,57,58,None,53,56,58,54,53,55,58,57,52,59,60,52,75,65,70,47,64,68,54,62,53,56,51,57,53,38,6,6,11,11,10,
PS5541,England,178,70,19,Leicester City ,53,56,None,57,56,59,53,48,56,42,44,59,52,50,67,52,48,70,63,58,55,48,35,33,31,57,39,50,34,7,11,11,8,13,
PS5542,Germany,179,73,20,VfB Stuttgart ,59,59,None,56,57,46,55,46,52,48,42,56,57,40,68,56,50,62,67,55,56,50,36,31,29,43,36,47,36,10,12,10,8,7,
PS5543,China PR,188,80,25,Shanghai Port ,12,12,None,12,13,18,60,6,11,52,26,14,18,29,26,28,61,33,34,32,57,13,38,5,7,12,10,10,9,55,60,55,51,61,
PS5544,France,179,68,22,Pau FC ,57,54,None,40,48,47,45,55,49,62,51,53,53,48,70,50,44,74,67,68,42,46,65,56,61,59,55,61,62,5,9,10,12,14,
PS5545,Italy,186,81,23,Cagliari ,65,62,None,48,49,46,55,45,48,48,60,42,62,69,64,46,66,54,63,56,54,45,53,47,42,53,40,45,48,6,8,12,14,10,
PS5546,England,178,75,20,Reading ,61,64,None,30,37,40,39,53,17,44,50,49,48,42,79,46,55,76,81,75,47,32,51,59,38,40,36,52,42,10,12,13,9,12,
PS5547,Bolivia,179,76,22,O. Petrolero ,16,6,None,15,15,26,45,6,7,29,36,13,27,28,26,22,42,47,28,35,61,16,47,7,8,13,15,17,9,55,58,61,62,59,
PS5548,Spain,185,69,22,R. Racing Club ,16,12,None,11,15,25,45,6,13,32,41,15,31,20,33,24,57,43,25,42,64,12,41,9,8,12,10,11,9,58,56,60,54,61,
PS5549,France,187,75,18,Paris FC ,55,48,None,58,60,60,57,36,57,49,58,46,58,52,56,47,65,51,66,61,61,60,44,33,32,48,30,44,30,11,6,8,6,14,
PS5550,Austria,188,75,20,Fortuna Sittard ,60,59,None,25,33,59,55,52,24,46,45,50,58,37,69,59,58,54,71,53,61,65,55,50,54,45,38,50,55,6,12,11,8,13,
PS5551,Ecuador,180,75,35,Delfín S.C. ,63,60,None,65,61,54,68,63,54,54,61,65,63,59,71,54,71,61,66,65,72,58,52,48,49,68,56,57,54,13,9,7,9,10,
PS5552,Australia,170,75,20,Central Coast ,54,50,None,50,54,49,59,53,50,60,50,43,64,62,68,59,55,54,66,64,66,49,49,30,39,41,32,42,35,11,8,13,12,13,
PS5553,Germany,185,80,18,1. FSV Mainz 05 ,52,51,None,55,59,57,56,40,59,50,46,46,58,55,55,55,68,58,54,55,68,61,51,35,41,47,45,51,37,8,6,7,10,5,
PS5554,Chile,175,76,21,Ñublense ,45,55,None,54,56,54,54,56,61,30,56,52,34,28,68,61,58,73,68,64,61,40,27,22,25,32,30,36,20,5,13,13,8,11,
PS5555,Mali,184,80,23,Lechia Gdańsk ,54,59,None,12,15,30,53,55,19,51,50,32,43,32,77,55,57,59,77,63,61,54,54,57,49,35,28,64,42,7,15,7,11,10,
PS5556,England,185,81,25,Harrogate Town ,49,47,None,56,52,68,51,48,54,46,50,51,46,53,76,63,73,61,71,66,68,52,45,36,34,53,33,38,29,5,6,13,9,9,
PS5557,Chile,193,90,21,Uni. Católica ,8,7,None,15,12,11,61,18,21,41,39,22,35,28,55,36,43,33,50,35,58,35,41,5,15,25,33,25,19,54,60,62,55,52,
PS5558,Australia,170,75,19,WS Wanderers ,58,62,None,42,45,49,53,55,40,54,58,44,55,50,75,61,51,78,74,78,60,37,52,45,45,49,43,48,44,6,12,11,11,11,
PS5559,France,186,82,18,Toulouse FC ,17,8,None,14,16,18,45,7,8,33,23,17,31,29,31,23,61,39,35,31,44,12,47,9,7,13,13,15,7,60,61,60,62,63,
PS5560,Sweden,186,79,26,GIF Sundsvall ,18,13,None,18,14,24,55,20,22,23,33,17,25,21,48,44,57,57,44,38,52,12,41,16,12,13,13,22,20,55,58,56,55,59,
PS5561,Chile,178,68,19,Uni. Católica ,55,56,None,16,11,26,50,56,20,47,51,29,54,52,67,65,55,71,68,65,67,59,54,61,57,36,45,59,40,12,9,11,15,15,
PS5562,Romania,194,91,27,Sepsi OSK ,13,5,None,11,12,45,58,6,6,31,21,10,37,35,31,45,71,44,33,50,77,12,40,6,6,12,13,12,5,56,62,55,53,55,
PS5563,Sweden,183,79,24,Sligo Rovers ,62,60,None,58,59,44,52,46,55,55,53,49,57,51,63,63,67,60,65,63,56,54,58,41,47,53,48,53,50,13,5,10,8,10,
PS5564,Norway,176,73,20,Viking FK ,57,63,None,24,25,31,45,51,16,46,45,48,56,49,74,55,59,77,69,75,48,40,59,51,34,40,38,56,40,6,6,14,10,14,
PS5565,Wales,182,71,21,Cardiff City ,41,28,None,58,60,60,50,32,54,28,45,29,36,26,61,62,68,64,61,41,69,58,37,22,19,23,27,35,27,14,7,8,6,15,
PS5566,Korea Republic,190,83,20,Gimcheon Sangmu ,54,52,None,12,11,62,54,59,15,44,55,33,51,43,56,55,76,44,68,56,73,57,55,53,52,44,34,64,45,9,13,10,12,15,
PS5567,Germany,190,77,20,Hansa Rostock ,12,14,None,14,10,25,46,7,12,39,30,12,23,19,28,28,63,28,17,24,34,14,44,8,6,10,13,13,7,57,59,56,58,60,
PS5568,France,192,80,27,Niort ,21,9,None,11,11,17,48,4,11,27,37,10,17,42,15,20,42,29,29,32,33,13,42,9,6,10,10,15,7,62,56,59,56,58,
PS5569,England,172,78,21,Crawley Town ,58,56,None,60,56,60,55,39,54,45,49,51,62,57,58,48,55,68,60,63,62,50,55,36,37,60,61,50,35,8,8,10,14,12,
PS5570,Republic of Ireland,182,72,20,Shelbourne ,57,58,None,48,53,54,55,54,55,60,58,45,57,54,62,65,62,70,65,68,55,48,56,53,56,55,53,51,45,14,7,8,15,8,
PS5571,Albania,178,68,20,AaB ,55,58,None,23,24,44,52,53,20,54,49,49,47,41,78,62,42,76,75,74,54,42,62,51,47,51,44,54,53,10,12,8,6,8,
PS5572,Ecuador,176,77,18,Barcelona SC ,58,58,None,60,66,56,43,55,55,55,54,44,58,55,66,62,58,67,66,65,60,50,56,55,57,48,43,55,47,6,12,7,11,5,
PS5573,Republic of Ireland,189,76,20,Lincoln City ,54,58,None,42,41,49,53,56,44,52,50,51,53,47,69,61,59,59,66,65,65,53,51,55,43,58,56,53,48,5,13,12,12,14,
PS5574,Korea Republic,183,74,24,Seongnam FC ,55,58,None,49,50,39,53,52,51,44,58,50,55,50,76,50,68,61,77,59,58,47,52,53,46,45,37,42,42,13,11,14,7,6,
PS5575,India,182,74,25,Mumbai City FC ,51,45,None,52,55,51,46,44,53,50,48,40,56,55,58,84,68,51,59,53,72,55,45,41,38,37,34,43,35,9,13,11,15,10,
PS5576,Germany,180,76,18,Jahn Regensburg ,57,54,None,21,12,24,53,53,17,47,49,35,44,29,55,48,60,60,60,54,62,59,58,63,49,44,29,50,42,12,6,5,10,12,
PS5577,France,193,78,20,FC Nantes ,50,41,None,67,69,63,38,21,53,36,40,42,58,51,67,43,52,51,63,62,48,48,42,22,29,34,38,31,32,6,13,9,7,13,
PS5578,England,191,82,38,Rotherham Utd ,50,37,None,64,65,66,64,40,65,52,64,41,53,43,30,48,85,34,31,29,65,67,45,35,24,22,26,40,26,6,7,14,10,10,
PS5579,England,180,70,19,Blackpool ,55,58,None,18,22,38,53,52,20,47,50,40,57,39,70,53,43,62,72,72,47,46,54,57,47,45,27,51,42,6,7,13,9,6,
PS5580,Saudi Arabia,181,79,25,Al Adalah ,51,50,None,53,52,50,51,49,53,46,48,53,51,47,70,58,62,70,68,57,59,44,25,19,24,33,26,37,17,11,6,9,13,12,
PS5581,Sweden,176,67,21,Varbergs BoIS ,56,56,None,49,49,55,48,48,46,44,48,53,51,50,81,63,63,74,80,73,60,42,52,43,42,49,34,36,35,6,11,15,14,7,
PS5582,Romania,184,80,36,CS Mioveni ,50,45,None,62,63,67,63,56,63,52,58,63,54,52,52,74,79,55,52,60,75,64,40,38,22,39,31,51,32,11,14,9,13,16,
PS5583,Sweden,193,88,21,Varbergs BoIS ,45,28,,54,58,50,50,25,54,48,48,35,54,50,61,46,78,52,64,51,60,52,50,25,23,37,30,41,35,9,10,13,7,13,
PS5584,India,172,69,29,Jamshedpur FC ,50,53,,27,30,74,46,50,30,47,49,50,50,46,83,70,61,78,82,79,84,44,58,53,51,47,45,48,55,8,13,10,12,12,
PS5585,Germany,176,68,23,FC Ingolstadt 04 ,56,53,None,57,53,58,54,37,48,34,45,42,38,36,70,64,44,75,70,75,71,46,24,29,25,40,32,31,28,14,12,6,9,11,
PS5586,Saudi Arabia,179,71,27,Al Wehda ,51,53,None,53,53,44,51,47,55,44,45,52,51,53,66,60,56,58,65,56,57,44,42,38,37,40,41,54,25,6,7,10,12,12,
PS5587,England,187,77,21,Bristol City ,37,33,None,56,59,55,51,24,53,27,46,25,41,31,68,55,73,63,69,62,66,55,31,22,19,31,25,35,22,15,12,5,9,10,
PS5588,Poland,179,67,21,Stal Mielec ,57,51,None,29,33,37,41,49,31,45,47,55,54,43,73,57,49,68,71,67,48,38,60,49,42,55,43,56,54,12,8,9,7,14,
PS5589,Ukraine,188,81,21,Śląsk Wrocław ,48,36,None,54,54,57,52,27,55,35,39,27,57,56,54,54,70,51,55,40,68,59,44,37,42,29,36,39,33,8,14,7,14,13,
PS5590,Republic of Ireland,178,70,23,UCD AFC ,48,49,None,52,57,50,55,47,50,45,41,46,53,47,63,60,65,57,60,55,58,51,49,42,41,35,35,38,33,13,7,9,9,10,
PS5591,France,181,73,37,SC Bastia ,64,62,None,25,37,58,65,65,59,65,64,55,61,54,65,67,69,62,66,71,47,53,61,60,54,53,67,63,47,9,8,7,6,14,
PS5592,Moldova,192,66,22,Apoel FC ,58,46,None,54,57,60,53,24,56,30,48,24,54,42,54,63,52,44,50,51,40,68,52,35,29,31,22,56,22,13,8,7,14,5,
PS5593,Germany,186,90,22,SpVgg Bayreuth ,19,12,None,12,14,24,46,8,12,31,38,11,26,29,30,16,36,33,28,30,51,10,42,6,5,14,14,12,8,58,58,56,56,59,
PS5594,United States,191,82,29,CF Montréal ,21,10,None,10,10,17,57,5,9,42,38,12,36,34,37,41,63,28,39,38,50,20,41,5,8,10,13,36,5,65,54,57,55,52,
PS5595,Wales,196,83,21,Walsall ,36,39,None,53,55,74,50,31,53,32,39,27,41,35,48,55,77,38,59,34,44,58,43,23,19,31,22,34,21,8,12,14,8,14,
PS5596,Sweden,184,75,20,IFK Norrköping ,62,55,None,43,47,51,55,53,52,56,40,53,60,57,63,57,60,61,64,66,62,44,46,36,31,39,35,33,34,12,9,6,13,7,
PS5597,Kosovo,185,78,22,Millwall ,28,23,None,60,62,49,49,26,59,26,38,30,29,24,60,57,70,62,55,42,73,48,33,17,20,26,29,33,26,7,9,14,5,9,
PS5598,Paraguay,176,66,18,Cerro Porteño ,49,52,None,51,59,49,47,49,50,48,40,49,54,34,65,55,47,67,69,62,53,48,29,21,26,33,30,33,28,7,6,7,9,5,
PS5599,China PR,180,70,28,Dalian Pro ,52,46,None,49,52,50,56,50,53,56,45,46,62,59,59,63,70,57,57,68,59,50,60,29,51,53,45,41,38,13,7,10,9,11,
PS5600,England,186,95,18,Gillingham ,50,51,None,15,14,26,47,48,18,37,41,29,39,28,70,65,84,68,85,61,79,54,69,50,43,35,30,49,39,12,8,7,8,5,
PS5601,England,187,81,23,Crawley Town ,45,42,None,55,57,53,54,36,50,45,47,42,50,41,66,65,71,44,63,55,58,53,48,35,31,35,32,40,28,13,12,14,6,7,
PS5602,India,171,62,22,East Bengal ,58,56,None,55,50,52,52,50,49,55,56,41,57,55,67,61,59,70,71,77,72,41,45,40,42,50,43,47,42,13,15,7,6,7,
PS5603,Saudi Arabia,175,69,23,Al Raed ,60,60,None,42,45,71,49,53,50,55,45,50,60,55,65,39,62,67,64,68,64,36,46,41,37,45,40,37,40,13,13,15,11,11,
PS5604,China PR,185,78,33,Shenzhen FC ,50,65,None,55,54,56,58,52,58,47,53,51,58,52,68,63,73,64,71,66,63,59,56,31,38,48,35,37,31,13,13,8,8,7,
PS5605,Republic of Ireland,178,67,22,Sligo Rovers ,52,54,None,44,46,41,48,52,41,54,53,49,52,43,69,52,44,68,62,51,53,47,60,54,35,52,43,54,44,8,14,8,12,9,
PS5606,Germany,196,94,26,1. FC Köln ,17,12,None,15,14,34,49,5,12,44,37,10,28,27,28,25,60,22,38,29,58,11,39,8,10,11,9,15,8,51,61,57,52,56,
PS5607,Germany,186,80,26,Shamrock Rovers ,14,7,None,10,14,25,41,9,8,42,23,11,33,25,32,24,60,48,36,45,54,14,42,7,7,13,13,15,9,54,58,56,56,58,
PS5608,Ivory Coast,186,78,21,Havre AC ,13,14,None,14,11,17,55,7,13,22,30,13,21,17,17,17,60,21,28,22,33,14,41,7,6,10,12,11,5,54,56,53,54,58,
PS5609,Sweden,184,80,26,IFK Norrköping ,21,12,None,13,15,28,51,8,15,38,35,16,25,20,26,38,40,42,25,30,64,14,41,10,13,13,14,23,8,52,62,56,54,54,
PS5610,England,188,81,21,Colchester ,12,13,None,10,12,23,53,6,8,26,27,13,25,22,32,28,60,36,38,30,45,11,41,7,6,15,11,16,8,54,55,53,55,57,
PS5611,China PR,178,74,28,Cangzhou FC ,41,50,None,55,55,50,52,45,53,33,41,43,31,26,66,81,56,71,68,72,68,38,25,22,24,33,25,30,22,12,11,11,5,6,
PS5612,India,176,61,25,NorthEast United ,56,55,None,35,33,40,48,48,32,52,52,51,53,52,71,35,41,75,73,83,61,39,45,41,42,51,43,41,38,14,12,6,8,9,
PS5613,Ghana,186,77,21,Hammarby IF ,47,44,None,53,55,53,48,30,54,28,41,31,46,44,75,52,65,58,80,51,80,54,32,22,21,21,25,33,22,10,13,7,9,13,
PS5614,France,175,72,21,FC Metz ,60,62,None,27,29,46,51,41,22,54,61,53,51,55,59,49,44,69,59,59,51,34,55,45,47,52,49,51,44,10,15,7,14,13,
PS5615,Germany,182,81,20,Hallescher FC ,15,10,None,11,9,41,57,8,11,59,56,14,22,28,41,32,60,40,42,44,60,19,41,10,12,30,28,27,8,58,57,54,55,56,
PS5616,Romania,181,71,21,FC Rapid 1923 ,58,56,None,20,28,46,50,47,26,49,52,40,55,52,73,54,56,61,66,68,58,40,49,48,49,50,50,48,43,9,14,8,6,10,
PS5617,Serbia,183,75,20,1860 München ,58,55,None,39,36,32,35,50,31,53,42,53,58,52,74,34,49,67,67,75,40,30,63,44,36,39,30,54,35,7,9,14,11,9,
PS5618,North Macedonia,195,88,22,Melb. Victory ,40,29,None,51,56,55,41,21,51,28,38,24,42,34,29,62,77,34,37,29,59,56,58,17,19,22,23,34,22,6,10,6,12,9,
PS5619,Turkey,183,65,18,Drogheda United ,55,53,None,48,51,42,52,53,50,52,56,44,57,54,61,57,41,61,57,60,54,50,50,50,48,52,43,48,49,5,6,8,8,9,
PS5620,Saudi Arabia,178,70,24,Al Tai ,16,11,None,10,13,30,42,9,8,48,38,14,41,35,42,26,44,45,41,38,58,12,42,8,15,21,13,16,8,56,56,52,56,59,
PS5621,Guatemala,188,73,20,FC Cincinnati ,55,58,None,15,20,31,44,53,20,53,50,51,51,42,54,48,58,51,58,56,49,48,65,54,47,53,45,59,52,10,11,10,11,8,
PS5622,Iceland,196,89,20,IFK Göteborg ,14,12,None,11,13,23,48,8,10,36,33,10,21,18,36,19,51,29,38,43,34,12,39,8,8,12,12,15,9,55,56,53,52,59,
PS5623,Saudi Arabia,179,70,27,Al Adalah ,14,12,None,11,10,15,54,7,12,48,35,11,19,23,38,27,50,50,40,32,61,13,40,7,8,11,13,17,7,54,57,53,53,58,
PS5624,Australia,188,78,23,Melbourne City ,16,9,None,12,14,19,52,5,8,31,42,14,18,15,27,32,32,42,15,22,59,12,40,7,9,12,13,18,8,52,57,53,53,56,
PS5625,India,166,69,25,Mumbai City FC ,47,46,None,54,51,52,49,46,54,35,36,38,45,38,75,62,58,84,70,78,63,43,32,24,20,35,21,28,29,9,8,15,10,12,
PS5626,Denmark,176,69,19,Randers FC ,56,58,None,50,50,42,41,48,48,48,54,58,55,54,63,60,40,74,65,65,62,41,37,41,38,54,44,34,34,7,10,12,9,8,
PS5627,Sweden,178,68,20,IK Sirius ,56,50,None,52,52,57,45,56,50,53,55,42,59,55,66,50,49,68,67,77,64,40,55,39,36,42,40,43,45,12,11,12,12,8,
PS5628,Hungary,194,92,35,Ferencvárosi TC ,18,11,None,16,11,20,62,13,24,38,49,15,16,12,52,33,74,41,56,35,63,11,51,11,14,18,12,18,11,68,61,61,68,62,
PS5629,Netherlands,188,72,20,AZ ,18,7,None,13,13,21,47,5,7,23,24,10,29,21,15,20,47,38,28,36,53,13,41,9,7,10,10,10,6,52,58,58,55,51,
PS5630,China PR,180,65,26,Hebei FC ,51,27,None,56,61,58,48,21,56,42,44,24,44,31,64,70,56,74,59,47,74,49,33,21,22,27,20,35,25,13,6,7,10,14,
PS5631,India,170,63,27,East Bengal ,54,50,None,45,46,53,50,41,53,52,45,40,54,52,56,85,43,71,58,64,56,43,38,37,39,37,30,29,34,13,8,8,6,6,
PS5632,Republic of Ireland,180,66,17,St. Pats ,54,54,None,41,44,55,45,55,39,54,52,48,54,48,64,48,53,52,63,60,67,50,56,50,48,49,41,51,40,7,9,13,11,9,
PS5633,Sweden,192,80,18,IFK Norrköping ,39,25,None,57,59,46,46,24,57,31,36,29,35,30,62,61,60,64,59,58,72,52,35,29,25,29,30,35,24,6,11,10,6,11,
PS5634,Korea Republic,184,81,20,Daegu FC ,53,48,None,42,46,62,50,53,41,55,43,39,56,50,61,68,66,56,62,59,57,48,52,30,40,37,34,39,35,9,13,12,10,10,
PS5635,Ecuador,186,82,39,Delfín S.C. ,68,57,None,68,61,72,42,48,61,57,63,57,60,63,44,65,79,57,55,42,64,66,65,54,70,58,68,70,53,12,8,8,10,12,
PS5636,China PR,183,73,37,Henan SSLM FC ,54,62,None,62,67,68,61,48,68,43,60,36,50,51,52,40,58,55,55,51,52,60,38,46,33,24,29,30,22,9,10,7,6,8,
PS5637,Republic of Ireland,176,75,19,Shamrock Rovers ,50,50,None,53,55,52,53,46,50,41,43,41,41,35,68,57,49,41,62,53,61,42,29,31,25,31,28,35,26,11,13,11,7,11,
PS5638,France,178,65,19,Valenciennes FC ,54,52,None,58,52,61,50,38,48,41,39,36,58,52,55,48,44,67,58,55,56,46,45,28,29,38,39,47,29,12,7,9,5,7,
PS5639,Wales,185,82,22,Shelbourne ,14,9,None,13,14,19,47,7,14,48,21,11,18,24,27,22,59,48,26,22,59,13,39,5,9,10,14,12,6,53,55,55,52,53,
PS5640,Poland,195,87,20,Pogoń Szczecin ,12,10,None,14,12,27,39,8,10,22,21,11,24,22,26,20,55,26,33,23,32,12,43,5,7,12,13,15,5,51,58,54,57,53,
PS5641,Switzerland,188,79,20,FC Luzern ,32,42,None,51,60,43,50,26,54,32,44,31,48,28,54,57,57,54,55,48,74,51,41,19,25,24,27,40,23,10,14,15,11,12,
PS5642,Korea Republic,187,73,29,Pohang Steelers ,14,16,None,12,11,29,55,18,12,50,31,11,23,25,28,36,59,34,24,33,45,14,44,15,18,15,13,14,17,50,56,57,59,51,
PS5643,England,195,84,21,Salford City ,11,10,None,15,12,19,38,6,12,35,38,11,29,26,41,28,68,26,38,37,44,18,40,8,8,17,15,19,8,53,52,52,53,57,
PS5644,China PR,183,75,32,Wuhan FC ,34,48,None,60,64,51,45,47,49,36,38,47,25,29,73,73,61,60,55,56,64,38,30,25,25,31,30,34,25,12,13,8,10,12,
PS5645,Argentina,186,83,37,Real Zaragoza ,22,13,None,15,14,25,62,17,24,31,58,14,25,44,44,38,64,53,50,65,60,12,52,11,15,12,14,14,15,74,75,70,69,73,
PS5646,Norway,180,70,17,HamKam Fotball ,56,54,None,41,44,36,46,48,41,48,45,43,58,56,66,52,34,65,67,68,52,42,45,47,43,42,38,38,40,8,13,10,7,11,
PS5647,Sweden,184,76,18,Kalmar FF ,11,13,None,14,12,20,33,8,14,31,33,20,26,30,31,29,52,45,30,28,53,12,41,9,12,14,20,21,14,52,57,55,54,58,
PS5648,India,177,64,25,FC Goa ,42,45,None,52,53,57,46,46,50,40,32,46,34,25,64,56,59,68,58,63,74,36,26,24,25,43,29,29,25,9,11,13,8,8,
PS5649,Canada,168,75,22,Ross County ,52,53,None,53,51,58,50,30,50,52,45,46,60,50,53,41,55,81,63,57,63,48,53,42,30,38,40,41,31,10,9,10,7,13,
PS5650,Saudi Arabia,178,70,22,Al Tai ,50,51,,46,49,35,47,46,48,48,47,44,48,45,67,48,56,68,66,58,57,41,41,37,40,38,32,43,29,7,12,11,12,12,
PS5651,Italy,186,75,19,Cittadella ,12,11,None,11,14,26,47,4,10,28,28,12,20,18,28,21,49,37,20,31,43,11,40,7,5,10,14,12,6,52,51,49,53,56,
PS5652,Switzerland,187,76,21,FC Winterthur ,18,13,None,14,13,17,44,7,12,21,37,13,17,17,22,23,48,36,28,39,46,11,38,7,7,10,12,14,7,50,53,53,51,54,
PS5653,England,185,83,20,Doncaster ,10,14,None,12,12,24,45,4,7,26,39,14,23,21,26,26,45,56,21,26,51,11,41,6,5,10,10,15,6,52,54,53,54,54,
PS5654,China PR,180,72,22,Dalian Pro ,41,53,None,18,14,33,48,55,11,45,48,31,45,32,60,57,59,70,61,58,63,52,50,53,43,29,33,60,36,14,13,15,7,10,
PS5655,Germany,198,97,22,Burton Albion ,13,14,None,14,10,17,46,4,14,34,35,13,16,24,21,28,60,32,27,37,35,13,44,9,6,14,14,14,5,47,59,54,59,45,
PS5656,Saudi Arabia,177,71,22,Al Taawoun ,47,50,None,19,14,27,51,50,19,46,51,26,40,32,61,59,47,73,57,57,69,52,53,51,45,31,34,50,45,6,10,13,12,5,
PS5657,Republic of Ireland,193,80,20,Swindon Town ,16,12,None,11,14,25,44,5,14,24,21,12,29,20,32,29,54,49,35,36,53,13,38,7,6,12,14,15,6,52,53,51,50,54,
PS5658,India,178,72,20,ATK Mohun Bagan ,52,51,None,43,44,66,52,45,49,44,47,44,52,50,64,76,58,69,67,64,61,41,42,42,40,36,37,38,30,13,11,13,6,7,
PS5659,Peru,191,87,35,Ayacucho ,9,8,None,12,14,15,62,9,11,40,61,6,15,9,32,40,69,40,37,39,58,10,44,6,6,7,10,16,8,59,58,60,59,60,
PS5660,Korea Republic,179,70,20,Gangwon FC ,29,46,None,53,57,53,48,34,50,44,51,42,46,43,52,60,41,70,55,56,53,45,22,26,23,36,32,40,23,10,14,9,9,12,
PS5661,England,180,70,18,Harrogate Town ,51,50,None,51,48,52,48,54,44,49,47,43,56,52,69,70,52,68,68,63,69,49,52,30,40,44,40,42,39,9,7,6,5,10,
PS5662,India,188,78,19,East Bengal ,51,50,None,17,18,45,42,49,24,47,42,43,45,43,79,63,63,52,75,77,71,42,49,53,48,44,36,48,35,7,6,7,12,10,
PS5663,Saudi Arabia,173,78,21,Al Adalah ,52,51,None,47,51,53,45,47,50,50,43,45,51,49,62,48,67,55,61,56,62,42,44,38,39,38,31,43,32,7,7,12,6,9,
PS5664,Australia,184,75,21,Brisbane Roar ,42,38,None,46,50,51,47,26,49,31,44,24,45,42,56,57,69,54,61,59,63,48,38,21,26,25,22,29,18,8,10,15,7,10,
PS5665,Republic of Ireland,176,75,35,Drogheda United ,52,51,None,52,55,82,54,57,54,55,51,48,53,51,35,48,68,66,31,46,60,51,57,43,44,40,43,56,41,13,16,9,13,13,
PS5666,Saudi Arabia,180,75,19,Al Ittihad ,37,31,None,49,52,48,41,28,45,37,49,32,43,45,62,62,69,64,66,59,75,51,53,22,24,42,44,31,28,6,12,12,13,14,
PS5667,China PR,185,80,32,Changchun Yatai ,30,44,None,54,52,42,46,30,53,28,32,30,45,44,50,60,71,50,57,48,71,50,37,34,29,31,32,35,31,11,6,11,6,9,
PS5668,Australia,180,75,18,Brisbane Roar ,48,48,None,28,34,38,46,49,30,39,42,38,44,33,65,55,58,63,64,65,60,48,50,50,40,39,38,43,41,13,14,14,10,8,
PS5669,Romania,177,76,19,FC Botoșani ,11,11,None,11,13,19,40,8,11,24,23,10,30,30,26,30,50,55,30,25,55,14,37,10,5,10,10,16,7,51,51,50,49,53,
PS5670,England,181,71,18,Swindon Town ,50,46,None,43,48,43,49,47,44,51,49,40,54,53,62,43,66,67,65,63,53,47,54,42,50,45,42,44,36,10,8,9,11,12,
PS5671,England,187,82,18,AFC Wimbledon ,11,10,None,10,12,23,36,4,8,23,28,13,22,28,16,16,54,34,15,25,40,11,35,8,7,10,10,13,6,51,52,51,46,53,
PS5672,India,181,80,23,Bengaluru FC ,13,6,None,14,11,24,48,4,14,37,25,13,25,16,30,23,54,44,18,35,56,10,39,6,8,13,10,18,6,49,51,48,52,46,
PS5673,United States,188,68,18,SJ Earthquakes ,14,7,None,13,11,28,33,4,12,31,26,12,21,16,19,23,40,38,32,26,58,13,36,8,5,10,11,19,5,49,51,56,48,51,
PS5674,England,186,72,18,Lincoln City ,17,13,None,13,11,25,43,6,13,28,26,14,25,23,40,23,48,39,45,44,52,13,39,6,7,11,9,11,7,49,52,48,52,50,
PS5675,Slovakia,194,87,38,Lechia Gdańsk ,24,11,None,11,11,34,60,13,21,44,59,11,21,14,41,36,70,44,32,39,70,11,44,11,11,11,11,13,11,71,69,65,59,71,
PS5676,China PR,180,69,33,Rongcheng FC ,42,46,None,47,51,56,52,35,43,45,39,39,53,54,54,49,53,67,61,56,56,42,45,32,26,37,39,38,28,8,8,8,5,11,
PS5677,England,191,84,37,Sheffield Wed ,22,13,None,13,15,39,65,13,22,52,42,11,38,48,28,25,59,37,33,24,51,11,50,15,13,15,12,43,12,66,67,65,67,67,
PS5678,Bolivia,190,88,39,Wilstermann ,21,9,None,10,10,36,65,11,11,69,67,9,23,22,34,41,81,41,38,31,67,10,50,8,7,8,7,21,9,65,67,65,66,64,
PS5679,Finland,191,86,38,Venezia ,16,17,None,12,9,32,66,15,16,33,39,16,31,20,33,38,62,30,40,55,50,12,46,12,14,12,13,14,12,64,66,67,61,64,
PS5680,England,183,82,36,Barrow ,21,15,None,17,17,39,55,13,23,24,60,14,27,29,46,40,68,57,42,52,68,15,41,14,13,13,11,14,11,57,56,56,55,57,
PS5681,Brazil,187,85,39,América Mineiro ,16,15,None,19,15,25,58,11,29,47,29,11,26,23,60,32,54,50,48,35,56,11,43,15,19,12,14,21,15,59,61,66,57,68,
PS5682,Denmark,190,85,40,Brøndby IF ,40,22,None,12,17,27,53,15,22,59,45,16,48,48,30,32,72,39,35,32,48,14,49,16,16,18,18,30,18,66,63,64,65,66,
